solid ASCII
  facet normal -8.758562e-02 8.758272e-14 9.961570e-01
    outer loop
      vertex   5.300000e+00 4.689898e+00 -1.900000e+00
      vertex   5.300000e+00 4.700000e+00 -1.900000e+00
      vertex   5.213710e+00 4.663893e+00 -1.907587e+00
    endloop
  endfacet
  facet normal -9.798620e-02 2.512596e-02 9.948705e-01
    outer loop
      vertex   5.213710e+00 4.663893e+00 -1.907587e+00
      vertex   5.300000e+00 4.700000e+00 -1.900000e+00
      vertex   5.202455e+00 4.700000e+00 -1.909607e+00
    endloop
  endfacet
  facet normal -2.401652e-01 -2.055513e-02 9.705144e-01
    outer loop
      vertex   5.213710e+00 4.663893e+00 -1.907587e+00
      vertex   5.202455e+00 4.700000e+00 -1.909607e+00
      vertex   5.137287e+00 4.625279e+00 -1.927317e+00
    endloop
  endfacet
  facet normal -2.901838e-01 2.636497e-02 9.566077e-01
    outer loop
      vertex   5.137287e+00 4.625279e+00 -1.927317e+00
      vertex   5.202455e+00 4.700000e+00 -1.909607e+00
      vertex   5.108658e+00 4.700000e+00 -1.938060e+00
    endloop
  endfacet
  facet normal -3.894980e-01 -1.682400e-02 9.208736e-01
    outer loop
      vertex   5.137287e+00 4.625279e+00 -1.927317e+00
      vertex   5.108658e+00 4.700000e+00 -1.938060e+00
      vertex   5.067563e+00 4.572781e+00 -1.957766e+00
    endloop
  endfacet
  facet normal -4.713389e-01 1.566370e-02 8.818131e-01
    outer loop
      vertex   5.067563e+00 4.572781e+00 -1.957766e+00
      vertex   5.108658e+00 4.700000e+00 -1.938060e+00
      vertex   5.022215e+00 4.700000e+00 -1.984265e+00
    endloop
  endfacet
  facet normal -5.152352e-01 -5.144843e-03 8.570334e-01
    outer loop
      vertex   5.067563e+00 4.572781e+00 -1.957766e+00
      vertex   5.022215e+00 4.700000e+00 -1.984265e+00
      vertex   5.009615e+00 4.512409e+00 -1.992966e+00
    endloop
  endfacet
  facet normal -6.343788e-01 6.755829e-03 7.729928e-01
    outer loop
      vertex   5.009615e+00 4.512409e+00 -1.992966e+00
      vertex   5.022215e+00 4.700000e+00 -1.984265e+00
      vertex   4.946447e+00 4.700000e+00 -2.046447e+00
    endloop
  endfacet
  facet normal -6.344296e-01 6.726939e-03 7.729514e-01
    outer loop
      vertex   5.009615e+00 4.512409e+00 -1.992966e+00
      vertex   4.946447e+00 4.700000e+00 -2.046447e+00
      vertex   4.964429e+00 4.445381e+00 -2.029471e+00
    endloop
  endfacet
  facet normal -7.031688e-01 -2.256629e-03 7.110194e-01
    outer loop
      vertex   4.964429e+00 4.445381e+00 -2.029471e+00
      vertex   4.946447e+00 4.700000e+00 -2.046447e+00
      vertex   4.929420e+00 4.368980e+00 -2.064336e+00
    endloop
  endfacet
  facet normal -7.729989e-01 5.476890e-03 6.343838e-01
    outer loop
      vertex   4.929420e+00 4.368980e+00 -2.064336e+00
      vertex   4.946447e+00 4.700000e+00 -2.046447e+00
      vertex   4.884265e+00 4.700000e+00 -2.122215e+00
    endloop
  endfacet
  facet normal -7.714601e-01 6.012982e-03 6.362493e-01
    outer loop
      vertex   4.929420e+00 4.368980e+00 -2.064336e+00
      vertex   4.884265e+00 4.700000e+00 -2.122215e+00
      vertex   4.907516e+00 4.285980e+00 -2.090111e+00
    endloop
  endfacet
  facet normal -7.978507e-01 1.941250e-03 6.028520e-01
    outer loop
      vertex   4.907516e+00 4.285980e+00 -2.090111e+00
      vertex   4.884265e+00 4.700000e+00 -2.122215e+00
      vertex   4.901899e+00 4.243105e+00 -2.097406e+00
    endloop
  endfacet
  facet normal -8.107746e-01 4.925684e-04 5.853583e-01
    outer loop
      vertex   4.901899e+00 4.243105e+00 -2.097406e+00
      vertex   4.884265e+00 4.700000e+00 -2.122215e+00
      vertex   4.900000e+00 4.200000e+00 -2.100000e+00
    endloop
  endfacet
  facet normal -8.160372e-01 0.000000e+00 5.779993e-01
    outer loop
      vertex   4.900000e+00 4.200000e+00 -2.100000e+00
      vertex   4.884265e+00 4.700000e+00 -2.122215e+00
      vertex   4.884265e+00 2.950000e+00 -2.122215e+00
    endloop
  endfacet
  facet normal -8.160372e-01 0.000000e+00 5.779993e-01
    outer loop
      vertex   4.900000e+00 4.200000e+00 -2.100000e+00
      vertex   4.884265e+00 2.950000e+00 -2.122215e+00
      vertex   4.900000e+00 1.200000e+00 -2.100000e+00
    endloop
  endfacet
  facet normal -8.596295e-01 -1.243518e-03 5.109164e-01
    outer loop
      vertex   4.900000e+00 1.200000e+00 -2.100000e+00
      vertex   4.884265e+00 2.950000e+00 -2.122215e+00
      vertex   4.845309e+00 1.200000e+00 -2.192019e+00
    endloop
  endfacet
  facet normal -8.819210e-01 8.290691e-04 4.713966e-01
    outer loop
      vertex   4.845309e+00 1.200000e+00 -2.192019e+00
      vertex   4.884265e+00 2.950000e+00 -2.122215e+00
      vertex   4.838060e+00 2.950000e+00 -2.208658e+00
    endloop
  endfacet
  facet normal -9.486829e-01 -9.228565e-04 3.162276e-01
    outer loop
      vertex   4.845309e+00 1.200000e+00 -2.192019e+00
      vertex   4.838060e+00 2.950000e+00 -2.208658e+00
      vertex   4.811459e+00 1.200000e+00 -2.293570e+00
    endloop
  endfacet
  facet normal -9.569402e-01 4.614474e-04 2.902846e-01
    outer loop
      vertex   4.811459e+00 1.200000e+00 -2.293570e+00
      vertex   4.838060e+00 2.950000e+00 -2.208658e+00
      vertex   4.809607e+00 2.950000e+00 -2.302455e+00
    endloop
  endfacet
  facet normal -9.942541e-01 -5.083051e-04 1.070447e-01
    outer loop
      vertex   4.811459e+00 1.200000e+00 -2.293570e+00
      vertex   4.809607e+00 2.950000e+00 -2.302455e+00
      vertex   4.800000e+00 1.200000e+00 -2.400000e+00
    endloop
  endfacet
  facet normal -9.951847e-01 0.000000e+00 9.801714e-02
    outer loop
      vertex   4.800000e+00 1.200000e+00 -2.400000e+00
      vertex   4.809607e+00 2.950000e+00 -2.302455e+00
      vertex   4.800000e+00 4.700000e+00 -2.400000e+00
    endloop
  endfacet
  facet normal -9.951847e-01 0.000000e+00 9.801714e-02
    outer loop
      vertex   4.800000e+00 4.700000e+00 -2.400000e+00
      vertex   4.809607e+00 2.950000e+00 -2.302455e+00
      vertex   4.809607e+00 4.700000e+00 -2.302455e+00
    endloop
  endfacet
  facet normal -9.569403e-01 0.000000e+00 2.902847e-01
    outer loop
      vertex   4.809607e+00 4.700000e+00 -2.302455e+00
      vertex   4.809607e+00 2.950000e+00 -2.302455e+00
      vertex   4.838060e+00 4.700000e+00 -2.208658e+00
    endloop
  endfacet
  facet normal -9.569403e-01 0.000000e+00 2.902847e-01
    outer loop
      vertex   4.838060e+00 4.700000e+00 -2.208658e+00
      vertex   4.809607e+00 2.950000e+00 -2.302455e+00
      vertex   4.838060e+00 2.950000e+00 -2.208658e+00
    endloop
  endfacet
  facet normal -8.819213e-01 0.000000e+00 4.713967e-01
    outer loop
      vertex   4.838060e+00 4.700000e+00 -2.208658e+00
      vertex   4.838060e+00 2.950000e+00 -2.208658e+00
      vertex   4.884265e+00 4.700000e+00 -2.122215e+00
    endloop
  endfacet
  facet normal -8.819213e-01 0.000000e+00 4.713967e-01
    outer loop
      vertex   4.884265e+00 4.700000e+00 -2.122215e+00
      vertex   4.838060e+00 2.950000e+00 -2.208658e+00
      vertex   4.884265e+00 2.950000e+00 -2.122215e+00
    endloop
  endfacet
  facet normal -1.000000e+00 -0.000000e+00 -0.000000e+00
    outer loop
      vertex   4.800000e+00 4.700000e+00 -2.400000e+00
      vertex   4.800000e+00 4.700000e+00 -2.611851e+00
      vertex   4.800000e+00 1.200000e+00 -2.400000e+00
    endloop
  endfacet
  facet normal -1.000000e+00 0.000000e+00 0.000000e+00
    outer loop
      vertex   4.800000e+00 1.200000e+00 -2.400000e+00
      vertex   4.800000e+00 4.700000e+00 -2.611851e+00
      vertex   4.800000e+00 1.200000e+00 -2.611851e+00
    endloop
  endfacet
  facet normal -0.000000e+00 1.000000e+00 0.000000e+00
    outer loop
      vertex   4.800000e+00 4.700000e+00 -2.611851e+00
      vertex   4.800000e+00 4.700000e+00 -2.400000e+00
      vertex   5.900000e+00 4.700000e+00 -2.611851e+00
    endloop
  endfacet
  facet normal 0.000000e+00 1.000000e+00 0.000000e+00
    outer loop
      vertex   5.900000e+00 4.700000e+00 -2.611851e+00
      vertex   4.800000e+00 4.700000e+00 -2.400000e+00
      vertex   4.809607e+00 4.700000e+00 -2.302455e+00
    endloop
  endfacet
  facet normal 0.000000e+00 1.000000e+00 0.000000e+00
    outer loop
      vertex   5.900000e+00 4.700000e+00 -2.611851e+00
      vertex   4.809607e+00 4.700000e+00 -2.302455e+00
      vertex   4.838060e+00 4.700000e+00 -2.208658e+00
    endloop
  endfacet
  facet normal -0.000000e+00 1.000000e+00 0.000000e+00
    outer loop
      vertex   4.838060e+00 4.700000e+00 -2.208658e+00
      vertex   4.884265e+00 4.700000e+00 -2.122215e+00
      vertex   5.900000e+00 4.700000e+00 -2.611851e+00
    endloop
  endfacet
  facet normal 0.000000e+00 1.000000e+00 0.000000e+00
    outer loop
      vertex   5.900000e+00 4.700000e+00 -2.611851e+00
      vertex   4.884265e+00 4.700000e+00 -2.122215e+00
      vertex   5.400000e+00 4.700000e+00 -1.900000e+00
    endloop
  endfacet
  facet normal 0.000000e+00 1.000000e+00 0.000000e+00
    outer loop
      vertex   5.900000e+00 4.700000e+00 -2.611851e+00
      vertex   5.400000e+00 4.700000e+00 -1.900000e+00
      vertex   5.900000e+00 4.700000e+00 2.905102e+00
    endloop
  endfacet
  facet normal 0.000000e+00 1.000000e+00 0.000000e+00
    outer loop
      vertex   5.900000e+00 4.700000e+00 2.905102e+00
      vertex   5.400000e+00 4.700000e+00 -1.900000e+00
      vertex   5.400000e+00 4.700000e+00 2.405102e+00
    endloop
  endfacet
  facet normal 0.000000e+00 1.000000e+00 0.000000e+00
    outer loop
      vertex   5.900000e+00 4.700000e+00 2.905102e+00
      vertex   5.400000e+00 4.700000e+00 2.405102e+00
      vertex   -5.900000e+00 4.700000e+00 2.905102e+00
    endloop
  endfacet
  facet normal 0.000000e+00 1.000000e+00 0.000000e+00
    outer loop
      vertex   -5.900000e+00 4.700000e+00 2.905102e+00
      vertex   5.400000e+00 4.700000e+00 2.405102e+00
      vertex   -5.400000e+00 4.700000e+00 2.405102e+00
    endloop
  endfacet
  facet normal 0.000000e+00 1.000000e+00 0.000000e+00
    outer loop
      vertex   -5.900000e+00 4.700000e+00 2.905102e+00
      vertex   -5.400000e+00 4.700000e+00 2.405102e+00
      vertex   -5.400000e+00 4.700000e+00 -1.900000e+00
    endloop
  endfacet
  facet normal 0.000000e+00 1.000000e+00 0.000000e+00
    outer loop
      vertex   4.884265e+00 4.700000e+00 -2.122215e+00
      vertex   4.946447e+00 4.700000e+00 -2.046447e+00
      vertex   5.400000e+00 4.700000e+00 -1.900000e+00
    endloop
  endfacet
  facet normal 0.000000e+00 1.000000e+00 0.000000e+00
    outer loop
      vertex   5.400000e+00 4.700000e+00 -1.900000e+00
      vertex   4.946447e+00 4.700000e+00 -2.046447e+00
      vertex   5.022215e+00 4.700000e+00 -1.984265e+00
    endloop
  endfacet
  facet normal 0.000000e+00 1.000000e+00 0.000000e+00
    outer loop
      vertex   5.400000e+00 4.700000e+00 -1.900000e+00
      vertex   5.022215e+00 4.700000e+00 -1.984265e+00
      vertex   5.300000e+00 4.700000e+00 -1.900000e+00
    endloop
  endfacet
  facet normal 0.000000e+00 1.000000e+00 0.000000e+00
    outer loop
      vertex   5.300000e+00 4.700000e+00 -1.900000e+00
      vertex   5.022215e+00 4.700000e+00 -1.984265e+00
      vertex   5.108658e+00 4.700000e+00 -1.938060e+00
    endloop
  endfacet
  facet normal 0.000000e+00 1.000000e+00 0.000000e+00
    outer loop
      vertex   5.300000e+00 4.700000e+00 -1.900000e+00
      vertex   5.108658e+00 4.700000e+00 -1.938060e+00
      vertex   5.202455e+00 4.700000e+00 -1.909607e+00
    endloop
  endfacet
  facet normal 0.000000e+00 1.000000e+00 0.000000e+00
    outer loop
      vertex   -5.300000e+00 4.700000e+00 -1.900000e+00
      vertex   -5.022215e+00 4.700000e+00 -1.984265e+00
      vertex   -5.400000e+00 4.700000e+00 -1.900000e+00
    endloop
  endfacet
  facet normal 0.000000e+00 1.000000e+00 0.000000e+00
    outer loop
      vertex   -5.400000e+00 4.700000e+00 -1.900000e+00
      vertex   -5.022215e+00 4.700000e+00 -1.984265e+00
      vertex   -4.946447e+00 4.700000e+00 -2.046447e+00
    endloop
  endfacet
  facet normal 0.000000e+00 1.000000e+00 0.000000e+00
    outer loop
      vertex   -5.400000e+00 4.700000e+00 -1.900000e+00
      vertex   -4.946447e+00 4.700000e+00 -2.046447e+00
      vertex   -4.884265e+00 4.700000e+00 -2.122215e+00
    endloop
  endfacet
  facet normal 0.000000e+00 1.000000e+00 0.000000e+00
    outer loop
      vertex   -5.202455e+00 4.700000e+00 -1.909607e+00
      vertex   -5.108658e+00 4.700000e+00 -1.938060e+00
      vertex   -5.300000e+00 4.700000e+00 -1.900000e+00
    endloop
  endfacet
  facet normal 0.000000e+00 1.000000e+00 0.000000e+00
    outer loop
      vertex   -5.300000e+00 4.700000e+00 -1.900000e+00
      vertex   -5.108658e+00 4.700000e+00 -1.938060e+00
      vertex   -5.022215e+00 4.700000e+00 -1.984265e+00
    endloop
  endfacet
  facet normal 0.000000e+00 1.000000e+00 0.000000e+00
    outer loop
      vertex   -5.400000e+00 4.700000e+00 -1.900000e+00
      vertex   -4.884265e+00 4.700000e+00 -2.122215e+00
      vertex   -5.900000e+00 4.700000e+00 -2.611851e+00
    endloop
  endfacet
  facet normal 0.000000e+00 1.000000e+00 0.000000e+00
    outer loop
      vertex   -5.900000e+00 4.700000e+00 -2.611851e+00
      vertex   -4.884265e+00 4.700000e+00 -2.122215e+00
      vertex   -4.838060e+00 4.700000e+00 -2.208658e+00
    endloop
  endfacet
  facet normal 0.000000e+00 1.000000e+00 0.000000e+00
    outer loop
      vertex   -5.900000e+00 4.700000e+00 -2.611851e+00
      vertex   -4.838060e+00 4.700000e+00 -2.208658e+00
      vertex   -4.809607e+00 4.700000e+00 -2.302455e+00
    endloop
  endfacet
  facet normal 0.000000e+00 1.000000e+00 0.000000e+00
    outer loop
      vertex   -4.809607e+00 4.700000e+00 -2.302455e+00
      vertex   -4.800000e+00 4.700000e+00 -2.400000e+00
      vertex   -5.900000e+00 4.700000e+00 -2.611851e+00
    endloop
  endfacet
  facet normal 0.000000e+00 1.000000e+00 0.000000e+00
    outer loop
      vertex   -5.900000e+00 4.700000e+00 -2.611851e+00
      vertex   -4.800000e+00 4.700000e+00 -2.400000e+00
      vertex   -4.800000e+00 4.700000e+00 -2.611851e+00
    endloop
  endfacet
  facet normal 0.000000e+00 1.000000e+00 0.000000e+00
    outer loop
      vertex   -5.900000e+00 4.700000e+00 -2.611851e+00
      vertex   -5.900000e+00 4.700000e+00 2.905102e+00
      vertex   -5.400000e+00 4.700000e+00 -1.900000e+00
    endloop
  endfacet
  facet normal 9.951847e-01 -0.000000e+00 9.801714e-02
    outer loop
      vertex   -4.800000e+00 1.200000e+00 -2.400000e+00
      vertex   -4.800000e+00 4.700000e+00 -2.400000e+00
      vertex   -4.809607e+00 2.950000e+00 -2.302455e+00
    endloop
  endfacet
  facet normal 9.951847e-01 5.050866e-16 9.801714e-02
    outer loop
      vertex   -4.809607e+00 2.950000e+00 -2.302455e+00
      vertex   -4.800000e+00 4.700000e+00 -2.400000e+00
      vertex   -4.809607e+00 4.700000e+00 -2.302455e+00
    endloop
  endfacet
  facet normal 9.569403e-01 4.856764e-16 2.902847e-01
    outer loop
      vertex   -4.809607e+00 2.950000e+00 -2.302455e+00
      vertex   -4.809607e+00 4.700000e+00 -2.302455e+00
      vertex   -4.838060e+00 2.950000e+00 -2.208658e+00
    endloop
  endfacet
  facet normal 9.569403e-01 -0.000000e+00 2.902847e-01
    outer loop
      vertex   -4.838060e+00 2.950000e+00 -2.208658e+00
      vertex   -4.809607e+00 4.700000e+00 -2.302455e+00
      vertex   -4.838060e+00 4.700000e+00 -2.208658e+00
    endloop
  endfacet
  facet normal 8.819213e-01 -0.000000e+00 4.713967e-01
    outer loop
      vertex   -4.838060e+00 2.950000e+00 -2.208658e+00
      vertex   -4.838060e+00 4.700000e+00 -2.208658e+00
      vertex   -4.884265e+00 2.950000e+00 -2.122215e+00
    endloop
  endfacet
  facet normal 8.819213e-01 1.196241e-16 4.713967e-01
    outer loop
      vertex   -4.884265e+00 2.950000e+00 -2.122215e+00
      vertex   -4.838060e+00 4.700000e+00 -2.208658e+00
      vertex   -4.884265e+00 4.700000e+00 -2.122215e+00
    endloop
  endfacet
  facet normal 8.160372e-01 1.466762e-16 5.779993e-01
    outer loop
      vertex   -4.884265e+00 2.950000e+00 -2.122215e+00
      vertex   -4.884265e+00 4.700000e+00 -2.122215e+00
      vertex   -4.900000e+00 4.200000e+00 -2.100000e+00
    endloop
  endfacet
  facet normal 8.107746e-01 4.925684e-04 5.853583e-01
    outer loop
      vertex   -4.900000e+00 4.200000e+00 -2.100000e+00
      vertex   -4.884265e+00 4.700000e+00 -2.122215e+00
      vertex   -4.901899e+00 4.243105e+00 -2.097406e+00
    endloop
  endfacet
  facet normal 7.978507e-01 1.941250e-03 6.028520e-01
    outer loop
      vertex   -4.901899e+00 4.243105e+00 -2.097406e+00
      vertex   -4.884265e+00 4.700000e+00 -2.122215e+00
      vertex   -4.907516e+00 4.285980e+00 -2.090111e+00
    endloop
  endfacet
  facet normal 7.729975e-01 5.781901e-03 6.343827e-01
    outer loop
      vertex   -4.907516e+00 4.285980e+00 -2.090111e+00
      vertex   -4.884265e+00 4.700000e+00 -2.122215e+00
      vertex   -4.946447e+00 4.700000e+00 -2.046447e+00
    endloop
  endfacet
  facet normal 7.700942e-01 5.136935e-03 6.379095e-01
    outer loop
      vertex   -4.907516e+00 4.285980e+00 -2.090111e+00
      vertex   -4.946447e+00 4.700000e+00 -2.046447e+00
      vertex   -4.929420e+00 4.368980e+00 -2.064336e+00
    endloop
  endfacet
  facet normal 7.031688e-01 -2.256629e-03 7.110194e-01
    outer loop
      vertex   -4.929420e+00 4.368980e+00 -2.064336e+00
      vertex   -4.946447e+00 4.700000e+00 -2.046447e+00
      vertex   -4.964429e+00 4.445381e+00 -2.029471e+00
    endloop
  endfacet
  facet normal 6.343789e-01 6.733284e-03 7.729929e-01
    outer loop
      vertex   -4.964429e+00 4.445381e+00 -2.029471e+00
      vertex   -4.946447e+00 4.700000e+00 -2.046447e+00
      vertex   -5.022215e+00 4.700000e+00 -1.984265e+00
    endloop
  endfacet
  facet normal 6.344631e-01 6.764701e-03 7.729236e-01
    outer loop
      vertex   -4.964429e+00 4.445381e+00 -2.029471e+00
      vertex   -5.022215e+00 4.700000e+00 -1.984265e+00
      vertex   -5.009615e+00 4.512409e+00 -1.992966e+00
    endloop
  endfacet
  facet normal 5.152352e-01 -5.144843e-03 8.570334e-01
    outer loop
      vertex   -5.009615e+00 4.512409e+00 -1.992966e+00
      vertex   -5.022215e+00 4.700000e+00 -1.984265e+00
      vertex   -5.067563e+00 4.572781e+00 -1.957766e+00
    endloop
  endfacet
  facet normal 4.713389e-01 1.566370e-02 8.818131e-01
    outer loop
      vertex   -5.067563e+00 4.572781e+00 -1.957766e+00
      vertex   -5.022215e+00 4.700000e+00 -1.984265e+00
      vertex   -5.108658e+00 4.700000e+00 -1.938060e+00
    endloop
  endfacet
  facet normal 3.894980e-01 -1.682400e-02 9.208736e-01
    outer loop
      vertex   -5.067563e+00 4.572781e+00 -1.957766e+00
      vertex   -5.108658e+00 4.700000e+00 -1.938060e+00
      vertex   -5.137287e+00 4.625279e+00 -1.927317e+00
    endloop
  endfacet
  facet normal 2.901838e-01 2.636497e-02 9.566077e-01
    outer loop
      vertex   -5.137287e+00 4.625279e+00 -1.927317e+00
      vertex   -5.108658e+00 4.700000e+00 -1.938060e+00
      vertex   -5.202455e+00 4.700000e+00 -1.909607e+00
    endloop
  endfacet
  facet normal 2.401652e-01 -2.055513e-02 9.705144e-01
    outer loop
      vertex   -5.137287e+00 4.625279e+00 -1.927317e+00
      vertex   -5.202455e+00 4.700000e+00 -1.909607e+00
      vertex   -5.213710e+00 4.663893e+00 -1.907587e+00
    endloop
  endfacet
  facet normal 9.798620e-02 2.512596e-02 9.948705e-01
    outer loop
      vertex   -5.213710e+00 4.663893e+00 -1.907587e+00
      vertex   -5.202455e+00 4.700000e+00 -1.909607e+00
      vertex   -5.300000e+00 4.700000e+00 -1.900000e+00
    endloop
  endfacet
  facet normal 8.758562e-02 -4.386013e-14 9.961570e-01
    outer loop
      vertex   -5.213710e+00 4.663893e+00 -1.907587e+00
      vertex   -5.300000e+00 4.700000e+00 -1.900000e+00
      vertex   -5.300000e+00 4.689898e+00 -1.900000e+00
    endloop
  endfacet
  facet normal 8.160372e-01 -8.556109e-17 5.779993e-01
    outer loop
      vertex   -4.900000e+00 4.200000e+00 -2.100000e+00
      vertex   -4.900000e+00 1.200000e+00 -2.100000e+00
      vertex   -4.884265e+00 2.950000e+00 -2.122215e+00
    endloop
  endfacet
  facet normal 8.596295e-01 -1.243518e-03 5.109164e-01
    outer loop
      vertex   -4.884265e+00 2.950000e+00 -2.122215e+00
      vertex   -4.900000e+00 1.200000e+00 -2.100000e+00
      vertex   -4.845309e+00 1.200000e+00 -2.192019e+00
    endloop
  endfacet
  facet normal 8.819210e-01 8.290691e-04 4.713966e-01
    outer loop
      vertex   -4.884265e+00 2.950000e+00 -2.122215e+00
      vertex   -4.845309e+00 1.200000e+00 -2.192019e+00
      vertex   -4.838060e+00 2.950000e+00 -2.208658e+00
    endloop
  endfacet
  facet normal 9.486829e-01 -9.228565e-04 3.162276e-01
    outer loop
      vertex   -4.838060e+00 2.950000e+00 -2.208658e+00
      vertex   -4.845309e+00 1.200000e+00 -2.192019e+00
      vertex   -4.811459e+00 1.200000e+00 -2.293570e+00
    endloop
  endfacet
  facet normal 9.569402e-01 4.614474e-04 2.902846e-01
    outer loop
      vertex   -4.838060e+00 2.950000e+00 -2.208658e+00
      vertex   -4.811459e+00 1.200000e+00 -2.293570e+00
      vertex   -4.809607e+00 2.950000e+00 -2.302455e+00
    endloop
  endfacet
  facet normal 9.942541e-01 -5.083051e-04 1.070447e-01
    outer loop
      vertex   -4.809607e+00 2.950000e+00 -2.302455e+00
      vertex   -4.811459e+00 1.200000e+00 -2.293570e+00
      vertex   -4.800000e+00 1.200000e+00 -2.400000e+00
    endloop
  endfacet
  facet normal -7.446482e-15 -4.396030e-14 1.000000e+00
    outer loop
      vertex   -5.300000e+00 4.689898e+00 -1.900000e+00
      vertex   -5.300000e+00 4.700000e+00 -1.900000e+00
      vertex   -5.333082e+00 4.695502e+00 -1.900000e+00
    endloop
  endfacet
  facet normal -5.722056e-15 -5.664251e-14 1.000000e+00
    outer loop
      vertex   -5.333082e+00 4.695502e+00 -1.900000e+00
      vertex   -5.300000e+00 4.700000e+00 -1.900000e+00
      vertex   -5.366466e+00 4.698874e+00 -1.900000e+00
    endloop
  endfacet
  facet normal -4.440892e-15 -1.322786e-13 1.000000e+00
    outer loop
      vertex   -5.366466e+00 4.698874e+00 -1.900000e+00
      vertex   -5.300000e+00 4.700000e+00 -1.900000e+00
      vertex   -5.400000e+00 4.700000e+00 -1.900000e+00
    endloop
  endfacet
  facet normal 1.000000e+00 -0.000000e+00 0.000000e+00
    outer loop
      vertex   -4.800000e+00 1.200000e+00 -2.400000e+00
      vertex   -4.800000e+00 1.200000e+00 -2.611851e+00
      vertex   -4.800000e+00 4.700000e+00 -2.400000e+00
    endloop
  endfacet
  facet normal 1.000000e+00 0.000000e+00 0.000000e+00
    outer loop
      vertex   -4.800000e+00 4.700000e+00 -2.400000e+00
      vertex   -4.800000e+00 1.200000e+00 -2.611851e+00
      vertex   -4.800000e+00 4.700000e+00 -2.611851e+00
    endloop
  endfacet
  facet normal -9.801714e-02 -1.292079e-16 -9.951847e-01
    outer loop
      vertex   5.202455e+00 4.297545e+00 -3.102243e+00
      vertex   5.300000e+00 4.200000e+00 -3.111851e+00
      vertex   5.202455e+00 2.950000e+00 -3.102243e+00
    endloop
  endfacet
  facet normal -9.801714e-02 0.000000e+00 -9.951847e-01
    outer loop
      vertex   5.202455e+00 2.950000e+00 -3.102243e+00
      vertex   5.300000e+00 4.200000e+00 -3.111851e+00
      vertex   5.300000e+00 1.200000e+00 -3.111851e+00
    endloop
  endfacet
  facet normal -9.801714e-02 -0.000000e+00 -9.951847e-01
    outer loop
      vertex   5.202455e+00 2.950000e+00 -3.102243e+00
      vertex   5.300000e+00 1.200000e+00 -3.111851e+00
      vertex   5.202455e+00 1.200000e+00 -3.102243e+00
    endloop
  endfacet
  facet normal -2.902847e-01 -0.000000e+00 -9.569403e-01
    outer loop
      vertex   5.202455e+00 2.950000e+00 -3.102243e+00
      vertex   5.202455e+00 1.200000e+00 -3.102243e+00
      vertex   5.108658e+00 2.950000e+00 -3.073791e+00
    endloop
  endfacet
  facet normal -2.902847e-01 -0.000000e+00 -9.569403e-01
    outer loop
      vertex   5.108658e+00 2.950000e+00 -3.073791e+00
      vertex   5.202455e+00 1.200000e+00 -3.102243e+00
      vertex   5.108658e+00 1.200000e+00 -3.073791e+00
    endloop
  endfacet
  facet normal -4.713967e-01 -0.000000e+00 -8.819213e-01
    outer loop
      vertex   5.108658e+00 2.950000e+00 -3.073791e+00
      vertex   5.108658e+00 1.200000e+00 -3.073791e+00
      vertex   5.022215e+00 2.950000e+00 -3.027586e+00
    endloop
  endfacet
  facet normal -4.713967e-01 4.476020e-16 -8.819213e-01
    outer loop
      vertex   5.022215e+00 2.950000e+00 -3.027586e+00
      vertex   5.108658e+00 1.200000e+00 -3.073791e+00
      vertex   5.022215e+00 1.200000e+00 -3.027586e+00
    endloop
  endfacet
  facet normal -6.343933e-01 3.923264e-16 -7.730105e-01
    outer loop
      vertex   5.022215e+00 2.950000e+00 -3.027586e+00
      vertex   5.022215e+00 1.200000e+00 -3.027586e+00
      vertex   4.946447e+00 2.950000e+00 -2.965404e+00
    endloop
  endfacet
  facet normal -6.343933e-01 -1.961632e-16 -7.730105e-01
    outer loop
      vertex   4.946447e+00 2.950000e+00 -2.965404e+00
      vertex   5.022215e+00 1.200000e+00 -3.027586e+00
      vertex   4.946447e+00 1.200000e+00 -2.965404e+00
    endloop
  endfacet
  facet normal -7.730105e-01 -1.609870e-16 -6.343933e-01
    outer loop
      vertex   4.946447e+00 2.950000e+00 -2.965404e+00
      vertex   4.946447e+00 1.200000e+00 -2.965404e+00
      vertex   4.884265e+00 2.950000e+00 -2.889636e+00
    endloop
  endfacet
  facet normal -7.730105e-01 -0.000000e+00 -6.343933e-01
    outer loop
      vertex   4.884265e+00 2.950000e+00 -2.889636e+00
      vertex   4.946447e+00 1.200000e+00 -2.965404e+00
      vertex   4.884265e+00 1.200000e+00 -2.889636e+00
    endloop
  endfacet
  facet normal -8.819213e-01 -0.000000e+00 -4.713967e-01
    outer loop
      vertex   4.884265e+00 2.950000e+00 -2.889636e+00
      vertex   4.884265e+00 1.200000e+00 -2.889636e+00
      vertex   4.838060e+00 2.950000e+00 -2.803193e+00
    endloop
  endfacet
  facet normal -8.819213e-01 -0.000000e+00 -4.713967e-01
    outer loop
      vertex   4.838060e+00 2.950000e+00 -2.803193e+00
      vertex   4.884265e+00 1.200000e+00 -2.889636e+00
      vertex   4.838060e+00 1.200000e+00 -2.803193e+00
    endloop
  endfacet
  facet normal -9.569403e-01 -0.000000e+00 -2.902847e-01
    outer loop
      vertex   4.838060e+00 2.950000e+00 -2.803193e+00
      vertex   4.838060e+00 1.200000e+00 -2.803193e+00
      vertex   4.809607e+00 2.950000e+00 -2.709396e+00
    endloop
  endfacet
  facet normal -9.569403e-01 -6.330048e-16 -2.902847e-01
    outer loop
      vertex   4.809607e+00 2.950000e+00 -2.709396e+00
      vertex   4.838060e+00 1.200000e+00 -2.803193e+00
      vertex   4.809607e+00 1.200000e+00 -2.709396e+00
    endloop
  endfacet
  facet normal -9.951847e-01 -5.548333e-16 -9.801714e-02
    outer loop
      vertex   4.809607e+00 2.950000e+00 -2.709396e+00
      vertex   4.809607e+00 1.200000e+00 -2.709396e+00
      vertex   4.800000e+00 1.200000e+00 -2.611851e+00
    endloop
  endfacet
  facet normal -9.951847e-01 1.616767e-16 -9.801714e-02
    outer loop
      vertex   4.800000e+00 1.200000e+00 -2.611851e+00
      vertex   4.800000e+00 4.700000e+00 -2.611851e+00
      vertex   4.809607e+00 2.950000e+00 -2.709396e+00
    endloop
  endfacet
  facet normal -9.987983e-01 -2.755825e-03 -4.893243e-02
    outer loop
      vertex   4.809607e+00 2.950000e+00 -2.709396e+00
      vertex   4.800000e+00 4.700000e+00 -2.611851e+00
      vertex   4.802408e+00 4.697592e+00 -2.660859e+00
    endloop
  endfacet
  facet normal -9.891765e-01 0.000000e+00 -1.467305e-01
    outer loop
      vertex   4.809607e+00 2.950000e+00 -2.709396e+00
      vertex   4.802408e+00 4.697592e+00 -2.660859e+00
      vertex   4.809607e+00 4.690393e+00 -2.709396e+00
    endloop
  endfacet
  facet normal -9.700313e-01 -0.000000e+00 -2.429802e-01
    outer loop
      vertex   4.809607e+00 4.690393e+00 -2.709396e+00
      vertex   4.821530e+00 4.678470e+00 -2.756993e+00
      vertex   4.809607e+00 2.950000e+00 -2.709396e+00
    endloop
  endfacet
  facet normal -9.569394e-01 -1.392928e-03 -2.902844e-01
    outer loop
      vertex   4.809607e+00 2.950000e+00 -2.709396e+00
      vertex   4.821530e+00 4.678470e+00 -2.756993e+00
      vertex   4.838060e+00 2.950000e+00 -2.803193e+00
    endloop
  endfacet
  facet normal -9.415441e-01 0.000000e+00 -3.368899e-01
    outer loop
      vertex   4.821530e+00 4.678470e+00 -2.756993e+00
      vertex   4.838060e+00 4.661940e+00 -2.803193e+00
      vertex   4.838060e+00 2.950000e+00 -2.803193e+00
    endloop
  endfacet
  facet normal -9.039893e-01 0.000000e+00 -4.275551e-01
    outer loop
      vertex   4.838060e+00 2.950000e+00 -2.803193e+00
      vertex   4.838060e+00 4.661940e+00 -2.803193e+00
      vertex   4.859039e+00 4.640961e+00 -2.847549e+00
    endloop
  endfacet
  facet normal -8.819204e-01 -1.423826e-03 -4.713963e-01
    outer loop
      vertex   4.838060e+00 2.950000e+00 -2.803193e+00
      vertex   4.859039e+00 4.640961e+00 -2.847549e+00
      vertex   4.884265e+00 2.950000e+00 -2.889636e+00
    endloop
  endfacet
  facet normal -8.577286e-01 0.000000e+00 -5.141027e-01
    outer loop
      vertex   4.884265e+00 2.950000e+00 -2.889636e+00
      vertex   4.859039e+00 4.640961e+00 -2.847549e+00
      vertex   4.884265e+00 4.615735e+00 -2.889636e+00
    endloop
  endfacet
  facet normal -8.032075e-01 0.000000e+00 -5.956993e-01
    outer loop
      vertex   4.884265e+00 2.950000e+00 -2.889636e+00
      vertex   4.884265e+00 4.615735e+00 -2.889636e+00
      vertex   4.913495e+00 4.586505e+00 -2.929047e+00
    endloop
  endfacet
  facet normal -7.730096e-01 -1.471205e-03 -6.343926e-01
    outer loop
      vertex   4.884265e+00 2.950000e+00 -2.889636e+00
      vertex   4.913495e+00 4.586505e+00 -2.929047e+00
      vertex   4.946447e+00 2.950000e+00 -2.965404e+00
    endloop
  endfacet
  facet normal -7.409511e-01 0.000000e+00 -6.715590e-01
    outer loop
      vertex   4.946447e+00 2.950000e+00 -2.965404e+00
      vertex   4.913495e+00 4.586505e+00 -2.929047e+00
      vertex   4.946447e+00 4.553553e+00 -2.965404e+00
    endloop
  endfacet
  facet normal -6.343933e-01 0.000000e+00 -7.730105e-01
    outer loop
      vertex   4.946447e+00 2.950000e+00 -2.965404e+00
      vertex   4.946447e+00 4.553553e+00 -2.965404e+00
      vertex   5.022215e+00 4.477785e+00 -3.027586e+00
    endloop
  endfacet
  facet normal -6.343933e-01 0.000000e+00 -7.730105e-01
    outer loop
      vertex   4.946447e+00 2.950000e+00 -2.965404e+00
      vertex   5.022215e+00 4.477785e+00 -3.027586e+00
      vertex   5.022215e+00 2.950000e+00 -3.027586e+00
    endloop
  endfacet
  facet normal -4.713967e-01 0.000000e+00 -8.819213e-01
    outer loop
      vertex   5.022215e+00 2.950000e+00 -3.027586e+00
      vertex   5.022215e+00 4.477785e+00 -3.027586e+00
      vertex   5.108658e+00 4.391342e+00 -3.073791e+00
    endloop
  endfacet
  facet normal -4.713967e-01 0.000000e+00 -8.819213e-01
    outer loop
      vertex   5.022215e+00 2.950000e+00 -3.027586e+00
      vertex   5.108658e+00 4.391342e+00 -3.073791e+00
      vertex   5.108658e+00 2.950000e+00 -3.073791e+00
    endloop
  endfacet
  facet normal -2.902847e-01 0.000000e+00 -9.569403e-01
    outer loop
      vertex   5.108658e+00 2.950000e+00 -3.073791e+00
      vertex   5.108658e+00 4.391342e+00 -3.073791e+00
      vertex   5.202455e+00 4.297545e+00 -3.102243e+00
    endloop
  endfacet
  facet normal -2.902847e-01 -3.841588e-16 -9.569403e-01
    outer loop
      vertex   5.108658e+00 2.950000e+00 -3.073791e+00
      vertex   5.202455e+00 4.297545e+00 -3.102243e+00
      vertex   5.202455e+00 2.950000e+00 -3.102243e+00
    endloop
  endfacet
  facet normal 2.829848e-02 9.947862e-01 -9.797789e-02
    outer loop
      vertex   5.900000e+00 4.690393e+00 -2.709396e+00
      vertex   5.900000e+00 4.700000e+00 -2.611851e+00
      vertex   5.941430e+00 4.689812e+00 -2.703328e+00
    endloop
  endfacet
  facet normal 9.780147e-02 9.929950e-01 -6.630076e-02
    outer loop
      vertex   5.941430e+00 4.689812e+00 -2.703328e+00
      vertex   5.900000e+00 4.700000e+00 -2.611851e+00
      vertex   5.997545e+00 4.690393e+00 -2.611851e+00
    endloop
  endfacet
  facet normal 1.563513e-01 9.824050e-01 -1.021504e-01
    outer loop
      vertex   5.941430e+00 4.689812e+00 -2.703328e+00
      vertex   5.997545e+00 4.690393e+00 -2.611851e+00
      vertex   6.031427e+00 4.679378e+00 -2.665925e+00
    endloop
  endfacet
  facet normal 2.902600e-01 9.568589e-01 -1.304213e-02
    outer loop
      vertex   6.031427e+00 4.679378e+00 -2.665925e+00
      vertex   5.997545e+00 4.690393e+00 -2.611851e+00
      vertex   6.091342e+00 4.661940e+00 -2.611851e+00
    endloop
  endfacet
  facet normal 3.625053e-01 9.262778e-01 -1.029530e-01
    outer loop
      vertex   6.031427e+00 4.679378e+00 -2.665925e+00
      vertex   6.091342e+00 4.661940e+00 -2.611851e+00
      vertex   6.116373e+00 4.650521e+00 -2.626444e+00
    endloop
  endfacet
  facet normal 4.681195e-01 8.757899e-01 1.177125e-01
    outer loop
      vertex   6.116373e+00 4.650521e+00 -2.626444e+00
      vertex   6.091342e+00 4.661940e+00 -2.611851e+00
      vertex   6.177785e+00 4.615735e+00 -2.611851e+00
    endloop
  endfacet
  facet normal 5.095210e-01 8.534180e-01 -1.098455e-01
    outer loop
      vertex   6.116373e+00 4.650521e+00 -2.626444e+00
      vertex   6.177785e+00 4.615735e+00 -2.611851e+00
      vertex   6.149924e+00 4.617619e+00 -2.726448e+00
    endloop
  endfacet
  facet normal 5.588393e-01 8.201959e-01 -1.223819e-01
    outer loop
      vertex   6.149924e+00 4.617619e+00 -2.726448e+00
      vertex   6.177785e+00 4.615735e+00 -2.611851e+00
      vertex   6.226084e+00 4.571912e+00 -2.685001e+00
    endloop
  endfacet
  facet normal 6.025546e-01 7.453682e-01 -2.852266e-01
    outer loop
      vertex   6.149924e+00 4.617619e+00 -2.726448e+00
      vertex   6.226084e+00 4.571912e+00 -2.685001e+00
      vertex   6.170734e+00 4.564570e+00 -2.821116e+00
    endloop
  endfacet
  facet normal 6.025546e-01 7.453682e-01 -2.852266e-01
    outer loop
      vertex   6.170734e+00 4.564570e+00 -2.821116e+00
      vertex   6.226084e+00 4.571912e+00 -2.685001e+00
      vertex   6.246601e+00 4.519609e+00 -2.778337e+00
    endloop
  endfacet
  facet normal 6.305258e-01 6.212289e-01 -4.653084e-01
    outer loop
      vertex   6.170734e+00 4.564570e+00 -2.821116e+00
      vertex   6.246601e+00 4.519609e+00 -2.778337e+00
      vertex   6.177785e+00 4.493969e+00 -2.905820e+00
    endloop
  endfacet
  facet normal 6.305258e-01 6.212289e-01 -4.653084e-01
    outer loop
      vertex   6.177785e+00 4.493969e+00 -2.905820e+00
      vertex   6.246601e+00 4.519609e+00 -2.778337e+00
      vertex   6.253553e+00 4.450000e+00 -2.861851e+00
    endloop
  endfacet
  facet normal 6.305258e-01 4.653084e-01 -6.212289e-01
    outer loop
      vertex   6.177785e+00 4.493969e+00 -2.905820e+00
      vertex   6.253553e+00 4.450000e+00 -2.861851e+00
      vertex   6.170734e+00 4.409265e+00 -2.976421e+00
    endloop
  endfacet
  facet normal 6.305258e-01 4.653084e-01 -6.212289e-01
    outer loop
      vertex   6.170734e+00 4.409265e+00 -2.976421e+00
      vertex   6.253553e+00 4.450000e+00 -2.861851e+00
      vertex   6.246601e+00 4.366487e+00 -2.931460e+00
    endloop
  endfacet
  facet normal 6.025546e-01 2.852266e-01 -7.453682e-01
    outer loop
      vertex   6.170734e+00 4.409265e+00 -2.976421e+00
      vertex   6.246601e+00 4.366487e+00 -2.931460e+00
      vertex   6.149924e+00 4.314597e+00 -3.029469e+00
    endloop
  endfacet
  facet normal 6.025546e-01 2.852266e-01 -7.453682e-01
    outer loop
      vertex   6.149924e+00 4.314597e+00 -3.029469e+00
      vertex   6.246601e+00 4.366487e+00 -2.931460e+00
      vertex   6.226084e+00 4.273150e+00 -2.983762e+00
    endloop
  endfacet
  facet normal 5.588393e-01 1.223819e-01 -8.201959e-01
    outer loop
      vertex   6.149924e+00 4.314597e+00 -3.029469e+00
      vertex   6.226084e+00 4.273150e+00 -2.983762e+00
      vertex   6.177785e+00 4.200000e+00 -3.027586e+00
    endloop
  endfacet
  facet normal 6.337737e-01 4.418417e-02 -7.722555e-01
    outer loop
      vertex   6.177785e+00 4.200000e+00 -3.027586e+00
      vertex   6.226084e+00 4.273150e+00 -2.983762e+00
      vertex   6.253553e+00 4.200000e+00 -2.965404e+00
    endloop
  endfacet
  facet normal 7.175032e-01 9.630346e-02 -6.898657e-01
    outer loop
      vertex   6.253553e+00 4.200000e+00 -2.965404e+00
      vertex   6.226084e+00 4.273150e+00 -2.983762e+00
      vertex   6.289713e+00 4.228891e+00 -2.923763e+00
    endloop
  endfacet
  facet normal 7.719221e-01 -5.304562e-02 -6.335001e-01
    outer loop
      vertex   6.253553e+00 4.200000e+00 -2.965404e+00
      vertex   6.289713e+00 4.228891e+00 -2.923763e+00
      vertex   6.315735e+00 4.200000e+00 -2.889636e+00
    endloop
  endfacet
  facet normal 8.351513e-01 1.175147e-01 -5.373198e-01
    outer loop
      vertex   6.315735e+00 4.200000e+00 -2.889636e+00
      vertex   6.289713e+00 4.228891e+00 -2.923763e+00
      vertex   6.309149e+00 4.317310e+00 -2.874216e+00
    endloop
  endfacet
  facet normal 8.560017e-01 1.143282e-01 -5.041728e-01
    outer loop
      vertex   6.315735e+00 4.200000e+00 -2.889636e+00
      vertex   6.309149e+00 4.317310e+00 -2.874216e+00
      vertex   6.355973e+00 4.263626e+00 -2.806890e+00
    endloop
  endfacet
  facet normal 8.775935e-01 2.617267e-01 -4.016575e-01
    outer loop
      vertex   6.355973e+00 4.263626e+00 -2.806890e+00
      vertex   6.309149e+00 4.317310e+00 -2.874216e+00
      vertex   6.361940e+00 4.335299e+00 -2.747150e+00
    endloop
  endfacet
  facet normal 9.532727e-01 1.426262e-01 -2.663249e-01
    outer loop
      vertex   6.355973e+00 4.263626e+00 -2.806890e+00
      vertex   6.361940e+00 4.335299e+00 -2.747150e+00
      vertex   6.390393e+00 4.268975e+00 -2.680826e+00
    endloop
  endfacet
  facet normal 9.532727e-01 2.663249e-01 -1.426262e-01
    outer loop
      vertex   6.390393e+00 4.268975e+00 -2.680826e+00
      vertex   6.361940e+00 4.335299e+00 -2.747150e+00
      vertex   6.385275e+00 4.320217e+00 -2.619347e+00
    endloop
  endfacet
  facet normal 9.776791e-01 1.941104e-01 -8.040316e-02
    outer loop
      vertex   6.390393e+00 4.268975e+00 -2.680826e+00
      vertex   6.385275e+00 4.320217e+00 -2.619347e+00
      vertex   6.390393e+00 4.297545e+00 -2.611851e+00
    endloop
  endfacet
  facet normal 9.336756e-01 2.832274e-01 2.191622e-01
    outer loop
      vertex   6.390393e+00 4.297545e+00 -2.611851e+00
      vertex   6.385275e+00 4.320217e+00 -2.619347e+00
      vertex   6.361940e+00 4.391342e+00 -2.611851e+00
    endloop
  endfacet
  facet normal 9.456071e-01 3.176425e-01 -7.021728e-02
    outer loop
      vertex   6.361940e+00 4.391342e+00 -2.611851e+00
      vertex   6.385275e+00 4.320217e+00 -2.619347e+00
      vertex   6.355973e+00 4.395039e+00 -2.675477e+00
    endloop
  endfacet
  facet normal 8.805753e-01 4.706773e-01 -5.522622e-02
    outer loop
      vertex   6.361940e+00 4.391342e+00 -2.611851e+00
      vertex   6.355973e+00 4.395039e+00 -2.675477e+00
      vertex   6.315735e+00 4.477785e+00 -2.611851e+00
    endloop
  endfacet
  facet normal 8.560017e-01 5.041728e-01 -1.143282e-01
    outer loop
      vertex   6.315735e+00 4.477785e+00 -2.611851e+00
      vertex   6.355973e+00 4.395039e+00 -2.675477e+00
      vertex   6.309149e+00 4.462365e+00 -2.729161e+00
    endloop
  endfacet
  facet normal 8.351513e-01 5.373198e-01 -1.175147e-01
    outer loop
      vertex   6.315735e+00 4.477785e+00 -2.611851e+00
      vertex   6.309149e+00 4.462365e+00 -2.729161e+00
      vertex   6.289713e+00 4.511912e+00 -2.640742e+00
    endloop
  endfacet
  facet normal 7.415510e-01 6.414867e-01 -1.964612e-01
    outer loop
      vertex   6.289713e+00 4.511912e+00 -2.640742e+00
      vertex   6.309149e+00 4.462365e+00 -2.729161e+00
      vertex   6.246601e+00 4.519609e+00 -2.778337e+00
    endloop
  endfacet
  facet normal 7.415510e-01 6.414867e-01 -1.964612e-01
    outer loop
      vertex   6.289713e+00 4.511912e+00 -2.640742e+00
      vertex   6.246601e+00 4.519609e+00 -2.778337e+00
      vertex   6.226084e+00 4.571912e+00 -2.685001e+00
    endloop
  endfacet
  facet normal 6.337737e-01 7.722555e-01 -4.418417e-02
    outer loop
      vertex   6.177785e+00 4.615735e+00 -2.611851e+00
      vertex   6.253553e+00 4.553553e+00 -2.611851e+00
      vertex   6.226084e+00 4.571912e+00 -2.685001e+00
    endloop
  endfacet
  facet normal 7.175032e-01 6.898657e-01 -9.630346e-02
    outer loop
      vertex   6.226084e+00 4.571912e+00 -2.685001e+00
      vertex   6.253553e+00 4.553553e+00 -2.611851e+00
      vertex   6.289713e+00 4.511912e+00 -2.640742e+00
    endloop
  endfacet
  facet normal 7.719221e-01 6.335001e-01 5.304562e-02
    outer loop
      vertex   6.253553e+00 4.553553e+00 -2.611851e+00
      vertex   6.315735e+00 4.477785e+00 -2.611851e+00
      vertex   6.289713e+00 4.511912e+00 -2.640742e+00
    endloop
  endfacet
  facet normal 9.943655e-01 9.793646e-02 -4.056661e-02
    outer loop
      vertex   6.390393e+00 4.297545e+00 -2.611851e+00
      vertex   6.400000e+00 4.200000e+00 -2.611851e+00
      vertex   6.390393e+00 4.268975e+00 -2.680826e+00
    endloop
  endfacet
  facet normal 9.943655e-01 4.056661e-02 -9.793646e-02
    outer loop
      vertex   6.390393e+00 4.268975e+00 -2.680826e+00
      vertex   6.400000e+00 4.200000e+00 -2.611851e+00
      vertex   6.390393e+00 4.200000e+00 -2.709396e+00
    endloop
  endfacet
  facet normal 9.776791e-01 8.040316e-02 -1.941104e-01
    outer loop
      vertex   6.390393e+00 4.268975e+00 -2.680826e+00
      vertex   6.390393e+00 4.200000e+00 -2.709396e+00
      vertex   6.385275e+00 4.207496e+00 -2.732068e+00
    endloop
  endfacet
  facet normal 9.336756e-01 -2.191622e-01 -2.832274e-01
    outer loop
      vertex   6.385275e+00 4.207496e+00 -2.732068e+00
      vertex   6.390393e+00 4.200000e+00 -2.709396e+00
      vertex   6.361940e+00 4.200000e+00 -2.803193e+00
    endloop
  endfacet
  facet normal 9.456071e-01 7.021728e-02 -3.176425e-01
    outer loop
      vertex   6.385275e+00 4.207496e+00 -2.732068e+00
      vertex   6.361940e+00 4.200000e+00 -2.803193e+00
      vertex   6.355973e+00 4.263626e+00 -2.806890e+00
    endloop
  endfacet
  facet normal 8.805753e-01 5.522622e-02 -4.706773e-01
    outer loop
      vertex   6.355973e+00 4.263626e+00 -2.806890e+00
      vertex   6.361940e+00 4.200000e+00 -2.803193e+00
      vertex   6.315735e+00 4.200000e+00 -2.889636e+00
    endloop
  endfacet
  facet normal 5.095210e-01 1.098455e-01 -8.534180e-01
    outer loop
      vertex   6.149924e+00 4.314597e+00 -3.029469e+00
      vertex   6.177785e+00 4.200000e+00 -3.027586e+00
      vertex   6.116373e+00 4.214593e+00 -3.062372e+00
    endloop
  endfacet
  facet normal 4.681195e-01 -1.177125e-01 -8.757899e-01
    outer loop
      vertex   6.116373e+00 4.214593e+00 -3.062372e+00
      vertex   6.177785e+00 4.200000e+00 -3.027586e+00
      vertex   6.091342e+00 4.200000e+00 -3.073791e+00
    endloop
  endfacet
  facet normal 3.625053e-01 1.029530e-01 -9.262778e-01
    outer loop
      vertex   6.116373e+00 4.214593e+00 -3.062372e+00
      vertex   6.091342e+00 4.200000e+00 -3.073791e+00
      vertex   6.031427e+00 4.254074e+00 -3.091229e+00
    endloop
  endfacet
  facet normal 2.902600e-01 1.304213e-02 -9.568589e-01
    outer loop
      vertex   6.031427e+00 4.254074e+00 -3.091229e+00
      vertex   6.091342e+00 4.200000e+00 -3.073791e+00
      vertex   5.997545e+00 4.200000e+00 -3.102243e+00
    endloop
  endfacet
  facet normal 1.563513e-01 1.021504e-01 -9.824050e-01
    outer loop
      vertex   6.031427e+00 4.254074e+00 -3.091229e+00
      vertex   5.997545e+00 4.200000e+00 -3.102243e+00
      vertex   5.941430e+00 4.291477e+00 -3.101663e+00
    endloop
  endfacet
  facet normal 9.780147e-02 6.630076e-02 -9.929950e-01
    outer loop
      vertex   5.941430e+00 4.291477e+00 -3.101663e+00
      vertex   5.997545e+00 4.200000e+00 -3.102243e+00
      vertex   5.900000e+00 4.200000e+00 -3.111851e+00
    endloop
  endfacet
  facet normal 2.829848e-02 9.797789e-02 -9.947862e-01
    outer loop
      vertex   5.941430e+00 4.291477e+00 -3.101663e+00
      vertex   5.900000e+00 4.200000e+00 -3.111851e+00
      vertex   5.900000e+00 4.297545e+00 -3.102243e+00
    endloop
  endfacet
  facet normal 5.584827e-02 2.898316e-01 -9.554468e-01
    outer loop
      vertex   5.900000e+00 4.297545e+00 -3.102243e+00
      vertex   5.900000e+00 4.391342e+00 -3.073791e+00
      vertex   5.941430e+00 4.291477e+00 -3.101663e+00
    endloop
  endfacet
  facet normal 6.347216e-02 2.926238e-01 -9.541188e-01
    outer loop
      vertex   5.941430e+00 4.291477e+00 -3.101663e+00
      vertex   5.900000e+00 4.391342e+00 -3.073791e+00
      vertex   5.972087e+00 4.382857e+00 -3.071597e+00
    endloop
  endfacet
  facet normal 2.101027e-01 2.412362e-01 -9.474502e-01
    outer loop
      vertex   5.941430e+00 4.291477e+00 -3.101663e+00
      vertex   5.972087e+00 4.382857e+00 -3.071597e+00
      vertex   6.064160e+00 4.351641e+00 -3.059128e+00
    endloop
  endfacet
  facet normal 2.620548e-01 4.272838e-01 -8.653068e-01
    outer loop
      vertex   6.064160e+00 4.351641e+00 -3.059128e+00
      vertex   5.972087e+00 4.382857e+00 -3.071597e+00
      vertex   6.084462e+00 4.444001e+00 -3.007372e+00
    endloop
  endfacet
  facet normal 4.407247e-01 3.631319e-01 -8.209122e-01
    outer loop
      vertex   6.064160e+00 4.351641e+00 -3.059128e+00
      vertex   6.084462e+00 4.444001e+00 -3.007372e+00
      vertex   6.170734e+00 4.409265e+00 -2.976421e+00
    endloop
  endfacet
  facet normal 4.685524e-01 5.422896e-01 -6.974100e-01
    outer loop
      vertex   6.170734e+00 4.409265e+00 -2.976421e+00
      vertex   6.084462e+00 4.444001e+00 -3.007372e+00
      vertex   6.177785e+00 4.493969e+00 -2.905820e+00
    endloop
  endfacet
  facet normal 8.203995e-02 4.698077e-01 -8.789483e-01
    outer loop
      vertex   5.900000e+00 4.391342e+00 -3.073791e+00
      vertex   5.900000e+00 4.477785e+00 -3.027586e+00
      vertex   5.972087e+00 4.382857e+00 -3.071597e+00
    endloop
  endfacet
  facet normal 8.664685e-02 4.724448e-01 -8.770908e-01
    outer loop
      vertex   5.972087e+00 4.382857e+00 -3.071597e+00
      vertex   5.900000e+00 4.477785e+00 -3.027586e+00
      vertex   5.991102e+00 4.469360e+00 -3.023124e+00
    endloop
  endfacet
  facet normal 2.620548e-01 4.272838e-01 -8.653068e-01
    outer loop
      vertex   5.972087e+00 4.382857e+00 -3.071597e+00
      vertex   5.991102e+00 4.469360e+00 -3.023124e+00
      vertex   6.084462e+00 4.444001e+00 -3.007372e+00
    endloop
  endfacet
  facet normal 2.886815e-01 5.987092e-01 -7.471347e-01
    outer loop
      vertex   6.084462e+00 4.444001e+00 -3.007372e+00
      vertex   5.991102e+00 4.469360e+00 -3.023124e+00
      vertex   6.091342e+00 4.526641e+00 -2.938492e+00
    endloop
  endfacet
  facet normal 4.685524e-01 5.422896e-01 -6.974100e-01
    outer loop
      vertex   6.084462e+00 4.444001e+00 -3.007372e+00
      vertex   6.091342e+00 4.526641e+00 -2.938492e+00
      vertex   6.177785e+00 4.493969e+00 -2.905820e+00
    endloop
  endfacet
  facet normal 4.685524e-01 6.974100e-01 -5.422896e-01
    outer loop
      vertex   6.177785e+00 4.493969e+00 -2.905820e+00
      vertex   6.091342e+00 4.526641e+00 -2.938492e+00
      vertex   6.170734e+00 4.564570e+00 -2.821116e+00
    endloop
  endfacet
  facet normal 9.607893e-02 6.314584e-01 -7.694343e-01
    outer loop
      vertex   5.900000e+00 4.477785e+00 -3.027586e+00
      vertex   5.900000e+00 4.553553e+00 -2.965404e+00
      vertex   5.991102e+00 4.469360e+00 -3.023124e+00
    endloop
  endfacet
  facet normal 9.756240e-02 6.324032e-01 -7.684710e-01
    outer loop
      vertex   5.991102e+00 4.469360e+00 -3.023124e+00
      vertex   5.900000e+00 4.553553e+00 -2.965404e+00
      vertex   5.997545e+00 4.546760e+00 -2.958611e+00
    endloop
  endfacet
  facet normal 2.886815e-01 5.987092e-01 -7.471347e-01
    outer loop
      vertex   5.991102e+00 4.469360e+00 -3.023124e+00
      vertex   5.997545e+00 4.546760e+00 -2.958611e+00
      vertex   6.091342e+00 4.526641e+00 -2.938492e+00
    endloop
  endfacet
  facet normal 2.886815e-01 7.471347e-01 -5.987092e-01
    outer loop
      vertex   6.091342e+00 4.526641e+00 -2.938492e+00
      vertex   5.997545e+00 4.546760e+00 -2.958611e+00
      vertex   6.084462e+00 4.595521e+00 -2.855852e+00
    endloop
  endfacet
  facet normal 4.685524e-01 6.974100e-01 -5.422896e-01
    outer loop
      vertex   6.091342e+00 4.526641e+00 -2.938492e+00
      vertex   6.084462e+00 4.595521e+00 -2.855852e+00
      vertex   6.170734e+00 4.564570e+00 -2.821116e+00
    endloop
  endfacet
  facet normal 4.407247e-01 8.209122e-01 -3.631319e-01
    outer loop
      vertex   6.170734e+00 4.564570e+00 -2.821116e+00
      vertex   6.084462e+00 4.595521e+00 -2.855852e+00
      vertex   6.149924e+00 4.617619e+00 -2.726448e+00
    endloop
  endfacet
  facet normal 9.756240e-02 7.684710e-01 -6.324032e-01
    outer loop
      vertex   5.997545e+00 4.546760e+00 -2.958611e+00
      vertex   5.900000e+00 4.553553e+00 -2.965404e+00
      vertex   5.991102e+00 4.611273e+00 -2.881211e+00
    endloop
  endfacet
  facet normal 9.607893e-02 7.694343e-01 -6.314584e-01
    outer loop
      vertex   5.991102e+00 4.611273e+00 -2.881211e+00
      vertex   5.900000e+00 4.553553e+00 -2.965404e+00
      vertex   5.900000e+00 4.615735e+00 -2.889636e+00
    endloop
  endfacet
  facet normal 8.664685e-02 8.770908e-01 -4.724448e-01
    outer loop
      vertex   5.991102e+00 4.611273e+00 -2.881211e+00
      vertex   5.900000e+00 4.615735e+00 -2.889636e+00
      vertex   5.972087e+00 4.659746e+00 -2.794708e+00
    endloop
  endfacet
  facet normal 8.203995e-02 8.789483e-01 -4.698077e-01
    outer loop
      vertex   5.972087e+00 4.659746e+00 -2.794708e+00
      vertex   5.900000e+00 4.615735e+00 -2.889636e+00
      vertex   5.900000e+00 4.661940e+00 -2.803193e+00
    endloop
  endfacet
  facet normal 6.347216e-02 9.541188e-01 -2.926238e-01
    outer loop
      vertex   5.972087e+00 4.659746e+00 -2.794708e+00
      vertex   5.900000e+00 4.661940e+00 -2.803193e+00
      vertex   5.941430e+00 4.689812e+00 -2.703328e+00
    endloop
  endfacet
  facet normal 5.584827e-02 9.554468e-01 -2.898316e-01
    outer loop
      vertex   5.941430e+00 4.689812e+00 -2.703328e+00
      vertex   5.900000e+00 4.661940e+00 -2.803193e+00
      vertex   5.900000e+00 4.690393e+00 -2.709396e+00
    endloop
  endfacet
  facet normal 2.101027e-01 9.474502e-01 -2.412362e-01
    outer loop
      vertex   5.972087e+00 4.659746e+00 -2.794708e+00
      vertex   5.941430e+00 4.689812e+00 -2.703328e+00
      vertex   6.031427e+00 4.679378e+00 -2.665925e+00
    endloop
  endfacet
  facet normal 3.864293e-01 9.067608e-01 -1.686925e-01
    outer loop
      vertex   6.031427e+00 4.679378e+00 -2.665925e+00
      vertex   6.116373e+00 4.650521e+00 -2.626444e+00
      vertex   6.064160e+00 4.647277e+00 -2.763492e+00
    endloop
  endfacet
  facet normal 3.864293e-01 9.067608e-01 -1.686925e-01
    outer loop
      vertex   6.064160e+00 4.647277e+00 -2.763492e+00
      vertex   6.116373e+00 4.650521e+00 -2.626444e+00
      vertex   6.149924e+00 4.617619e+00 -2.726448e+00
    endloop
  endfacet
  facet normal 4.407247e-01 8.209122e-01 -3.631319e-01
    outer loop
      vertex   6.064160e+00 4.647277e+00 -2.763492e+00
      vertex   6.149924e+00 4.617619e+00 -2.726448e+00
      vertex   6.084462e+00 4.595521e+00 -2.855852e+00
    endloop
  endfacet
  facet normal 2.620548e-01 8.653068e-01 -4.272838e-01
    outer loop
      vertex   5.991102e+00 4.611273e+00 -2.881211e+00
      vertex   5.972087e+00 4.659746e+00 -2.794708e+00
      vertex   6.064160e+00 4.647277e+00 -2.763492e+00
    endloop
  endfacet
  facet normal 2.101027e-01 9.474502e-01 -2.412362e-01
    outer loop
      vertex   6.064160e+00 4.647277e+00 -2.763492e+00
      vertex   5.972087e+00 4.659746e+00 -2.794708e+00
      vertex   6.031427e+00 4.679378e+00 -2.665925e+00
    endloop
  endfacet
  facet normal 2.620548e-01 8.653068e-01 -4.272838e-01
    outer loop
      vertex   5.991102e+00 4.611273e+00 -2.881211e+00
      vertex   6.064160e+00 4.647277e+00 -2.763492e+00
      vertex   6.084462e+00 4.595521e+00 -2.855852e+00
    endloop
  endfacet
  facet normal 9.532727e-01 2.663249e-01 -1.426262e-01
    outer loop
      vertex   6.385275e+00 4.320217e+00 -2.619347e+00
      vertex   6.361940e+00 4.335299e+00 -2.747150e+00
      vertex   6.355973e+00 4.395039e+00 -2.675477e+00
    endloop
  endfacet
  facet normal 8.775935e-01 4.016575e-01 -2.617267e-01
    outer loop
      vertex   6.355973e+00 4.395039e+00 -2.675477e+00
      vertex   6.361940e+00 4.335299e+00 -2.747150e+00
      vertex   6.315735e+00 4.396424e+00 -2.808275e+00
    endloop
  endfacet
  facet normal 8.775935e-01 4.016575e-01 -2.617267e-01
    outer loop
      vertex   6.355973e+00 4.395039e+00 -2.675477e+00
      vertex   6.315735e+00 4.396424e+00 -2.808275e+00
      vertex   6.309149e+00 4.462365e+00 -2.729161e+00
    endloop
  endfacet
  facet normal 7.686033e-01 5.214255e-01 -3.706271e-01
    outer loop
      vertex   6.309149e+00 4.462365e+00 -2.729161e+00
      vertex   6.315735e+00 4.396424e+00 -2.808275e+00
      vertex   6.253553e+00 4.450000e+00 -2.861851e+00
    endloop
  endfacet
  facet normal 7.686033e-01 5.214255e-01 -3.706271e-01
    outer loop
      vertex   6.309149e+00 4.462365e+00 -2.729161e+00
      vertex   6.253553e+00 4.450000e+00 -2.861851e+00
      vertex   6.246601e+00 4.519609e+00 -2.778337e+00
    endloop
  endfacet
  facet normal 2.886815e-01 7.471347e-01 -5.987092e-01
    outer loop
      vertex   5.997545e+00 4.546760e+00 -2.958611e+00
      vertex   5.991102e+00 4.611273e+00 -2.881211e+00
      vertex   6.084462e+00 4.595521e+00 -2.855852e+00
    endloop
  endfacet
  facet normal 9.532727e-01 1.426262e-01 -2.663249e-01
    outer loop
      vertex   6.385275e+00 4.207496e+00 -2.732068e+00
      vertex   6.355973e+00 4.263626e+00 -2.806890e+00
      vertex   6.390393e+00 4.268975e+00 -2.680826e+00
    endloop
  endfacet
  facet normal 7.686033e-01 3.706271e-01 -5.214255e-01
    outer loop
      vertex   6.246601e+00 4.366487e+00 -2.931460e+00
      vertex   6.253553e+00 4.450000e+00 -2.861851e+00
      vertex   6.315735e+00 4.396424e+00 -2.808275e+00
    endloop
  endfacet
  facet normal 7.686033e-01 3.706271e-01 -5.214255e-01
    outer loop
      vertex   6.246601e+00 4.366487e+00 -2.931460e+00
      vertex   6.315735e+00 4.396424e+00 -2.808275e+00
      vertex   6.309149e+00 4.317310e+00 -2.874216e+00
    endloop
  endfacet
  facet normal 8.775935e-01 2.617267e-01 -4.016575e-01
    outer loop
      vertex   6.309149e+00 4.317310e+00 -2.874216e+00
      vertex   6.315735e+00 4.396424e+00 -2.808275e+00
      vertex   6.361940e+00 4.335299e+00 -2.747150e+00
    endloop
  endfacet
  facet normal 7.415510e-01 1.964612e-01 -6.414867e-01
    outer loop
      vertex   6.226084e+00 4.273150e+00 -2.983762e+00
      vertex   6.246601e+00 4.366487e+00 -2.931460e+00
      vertex   6.309149e+00 4.317310e+00 -2.874216e+00
    endloop
  endfacet
  facet normal 7.415510e-01 1.964612e-01 -6.414867e-01
    outer loop
      vertex   6.289713e+00 4.228891e+00 -2.923763e+00
      vertex   6.226084e+00 4.273150e+00 -2.983762e+00
      vertex   6.309149e+00 4.317310e+00 -2.874216e+00
    endloop
  endfacet
  facet normal 4.407247e-01 3.631319e-01 -8.209122e-01
    outer loop
      vertex   6.064160e+00 4.351641e+00 -3.059128e+00
      vertex   6.170734e+00 4.409265e+00 -2.976421e+00
      vertex   6.149924e+00 4.314597e+00 -3.029469e+00
    endloop
  endfacet
  facet normal 3.864293e-01 1.686925e-01 -9.067608e-01
    outer loop
      vertex   6.116373e+00 4.214593e+00 -3.062372e+00
      vertex   6.031427e+00 4.254074e+00 -3.091229e+00
      vertex   6.149924e+00 4.314597e+00 -3.029469e+00
    endloop
  endfacet
  facet normal 3.864293e-01 1.686925e-01 -9.067608e-01
    outer loop
      vertex   6.149924e+00 4.314597e+00 -3.029469e+00
      vertex   6.031427e+00 4.254074e+00 -3.091229e+00
      vertex   6.064160e+00 4.351641e+00 -3.059128e+00
    endloop
  endfacet
  facet normal 2.101027e-01 2.412362e-01 -9.474502e-01
    outer loop
      vertex   6.031427e+00 4.254074e+00 -3.091229e+00
      vertex   5.941430e+00 4.291477e+00 -3.101663e+00
      vertex   6.064160e+00 4.351641e+00 -3.059128e+00
    endloop
  endfacet
  facet normal 9.951847e-01 -5.892677e-16 -9.801714e-02
    outer loop
      vertex   6.400000e+00 4.200000e+00 -2.611851e+00
      vertex   6.400000e+00 1.200000e+00 -2.611851e+00
      vertex   6.390393e+00 2.700000e+00 -2.709396e+00
    endloop
  endfacet
  facet normal 9.951847e-01 5.892677e-16 -9.801714e-02
    outer loop
      vertex   6.390393e+00 2.700000e+00 -2.709396e+00
      vertex   6.400000e+00 1.200000e+00 -2.611851e+00
      vertex   6.390393e+00 1.200000e+00 -2.709396e+00
    endloop
  endfacet
  facet normal 9.569403e-01 5.666225e-16 -2.902847e-01
    outer loop
      vertex   6.390393e+00 2.700000e+00 -2.709396e+00
      vertex   6.390393e+00 1.200000e+00 -2.709396e+00
      vertex   6.361940e+00 2.700000e+00 -2.803193e+00
    endloop
  endfacet
  facet normal 9.569403e-01 7.385056e-16 -2.902847e-01
    outer loop
      vertex   6.361940e+00 2.700000e+00 -2.803193e+00
      vertex   6.390393e+00 1.200000e+00 -2.709396e+00
      vertex   6.361940e+00 1.200000e+00 -2.803193e+00
    endloop
  endfacet
  facet normal 8.819213e-01 8.013252e-16 -4.713967e-01
    outer loop
      vertex   6.361940e+00 2.700000e+00 -2.803193e+00
      vertex   6.361940e+00 1.200000e+00 -2.803193e+00
      vertex   6.315735e+00 2.700000e+00 -2.889636e+00
    endloop
  endfacet
  facet normal 8.819213e-01 1.323528e-15 -4.713967e-01
    outer loop
      vertex   6.315735e+00 2.700000e+00 -2.889636e+00
      vertex   6.361940e+00 1.200000e+00 -2.803193e+00
      vertex   6.315735e+00 1.200000e+00 -2.889636e+00
    endloop
  endfacet
  facet normal 7.730105e-01 1.291065e-15 -6.343933e-01
    outer loop
      vertex   6.315735e+00 2.700000e+00 -2.889636e+00
      vertex   6.315735e+00 1.200000e+00 -2.889636e+00
      vertex   6.253553e+00 2.700000e+00 -2.965404e+00
    endloop
  endfacet
  facet normal 7.730105e-01 -6.455323e-16 -6.343933e-01
    outer loop
      vertex   6.253553e+00 2.700000e+00 -2.965404e+00
      vertex   6.315735e+00 1.200000e+00 -2.889636e+00
      vertex   6.253553e+00 1.200000e+00 -2.965404e+00
    endloop
  endfacet
  facet normal 6.343933e-01 -6.044934e-16 -7.730105e-01
    outer loop
      vertex   6.253553e+00 2.700000e+00 -2.965404e+00
      vertex   6.253553e+00 1.200000e+00 -2.965404e+00
      vertex   6.177785e+00 2.700000e+00 -3.027586e+00
    endloop
  endfacet
  facet normal 6.343933e-01 0.000000e+00 -7.730105e-01
    outer loop
      vertex   6.177785e+00 2.700000e+00 -3.027586e+00
      vertex   6.253553e+00 1.200000e+00 -2.965404e+00
      vertex   6.177785e+00 1.200000e+00 -3.027586e+00
    endloop
  endfacet
  facet normal 4.713967e-01 0.000000e+00 -8.819213e-01
    outer loop
      vertex   6.177785e+00 2.700000e+00 -3.027586e+00
      vertex   6.177785e+00 1.200000e+00 -3.027586e+00
      vertex   6.091342e+00 2.700000e+00 -3.073791e+00
    endloop
  endfacet
  facet normal 4.713967e-01 0.000000e+00 -8.819213e-01
    outer loop
      vertex   6.091342e+00 2.700000e+00 -3.073791e+00
      vertex   6.177785e+00 1.200000e+00 -3.027586e+00
      vertex   6.091342e+00 1.200000e+00 -3.073791e+00
    endloop
  endfacet
  facet normal 2.902847e-01 0.000000e+00 -9.569403e-01
    outer loop
      vertex   6.091342e+00 2.700000e+00 -3.073791e+00
      vertex   6.091342e+00 1.200000e+00 -3.073791e+00
      vertex   5.997545e+00 2.700000e+00 -3.102243e+00
    endloop
  endfacet
  facet normal 2.902847e-01 0.000000e+00 -9.569403e-01
    outer loop
      vertex   5.997545e+00 2.700000e+00 -3.102243e+00
      vertex   6.091342e+00 1.200000e+00 -3.073791e+00
      vertex   5.997545e+00 1.200000e+00 -3.102243e+00
    endloop
  endfacet
  facet normal 9.801714e-02 0.000000e+00 -9.951847e-01
    outer loop
      vertex   5.997545e+00 2.700000e+00 -3.102243e+00
      vertex   5.997545e+00 1.200000e+00 -3.102243e+00
      vertex   5.900000e+00 1.200000e+00 -3.111851e+00
    endloop
  endfacet
  facet normal 9.801714e-02 0.000000e+00 -9.951847e-01
    outer loop
      vertex   5.900000e+00 1.200000e+00 -3.111851e+00
      vertex   5.900000e+00 4.200000e+00 -3.111851e+00
      vertex   5.997545e+00 2.700000e+00 -3.102243e+00
    endloop
  endfacet
  facet normal 9.801714e-02 0.000000e+00 -9.951847e-01
    outer loop
      vertex   5.997545e+00 2.700000e+00 -3.102243e+00
      vertex   5.900000e+00 4.200000e+00 -3.111851e+00
      vertex   5.997545e+00 4.200000e+00 -3.102243e+00
    endloop
  endfacet
  facet normal 2.902847e-01 0.000000e+00 -9.569403e-01
    outer loop
      vertex   5.997545e+00 2.700000e+00 -3.102243e+00
      vertex   5.997545e+00 4.200000e+00 -3.102243e+00
      vertex   6.091342e+00 2.700000e+00 -3.073791e+00
    endloop
  endfacet
  facet normal 2.902847e-01 0.000000e+00 -9.569403e-01
    outer loop
      vertex   6.091342e+00 2.700000e+00 -3.073791e+00
      vertex   5.997545e+00 4.200000e+00 -3.102243e+00
      vertex   6.091342e+00 4.200000e+00 -3.073791e+00
    endloop
  endfacet
  facet normal 4.713967e-01 0.000000e+00 -8.819213e-01
    outer loop
      vertex   6.091342e+00 2.700000e+00 -3.073791e+00
      vertex   6.091342e+00 4.200000e+00 -3.073791e+00
      vertex   6.177785e+00 2.700000e+00 -3.027586e+00
    endloop
  endfacet
  facet normal 4.713967e-01 -5.582459e-16 -8.819213e-01
    outer loop
      vertex   6.177785e+00 2.700000e+00 -3.027586e+00
      vertex   6.091342e+00 4.200000e+00 -3.073791e+00
      vertex   6.177785e+00 4.200000e+00 -3.027586e+00
    endloop
  endfacet
  facet normal 6.343933e-01 -7.512726e-16 -7.730105e-01
    outer loop
      vertex   6.177785e+00 2.700000e+00 -3.027586e+00
      vertex   6.177785e+00 4.200000e+00 -3.027586e+00
      vertex   6.253553e+00 2.700000e+00 -2.965404e+00
    endloop
  endfacet
  facet normal 6.343933e-01 6.044934e-16 -7.730105e-01
    outer loop
      vertex   6.253553e+00 2.700000e+00 -2.965404e+00
      vertex   6.177785e+00 4.200000e+00 -3.027586e+00
      vertex   6.253553e+00 4.200000e+00 -2.965404e+00
    endloop
  endfacet
  facet normal 7.730105e-01 6.455323e-16 -6.343933e-01
    outer loop
      vertex   6.253553e+00 2.700000e+00 -2.965404e+00
      vertex   6.253553e+00 4.200000e+00 -2.965404e+00
      vertex   6.315735e+00 2.700000e+00 -2.889636e+00
    endloop
  endfacet
  facet normal 7.730105e-01 0.000000e+00 -6.343933e-01
    outer loop
      vertex   6.315735e+00 2.700000e+00 -2.889636e+00
      vertex   6.253553e+00 4.200000e+00 -2.965404e+00
      vertex   6.315735e+00 4.200000e+00 -2.889636e+00
    endloop
  endfacet
  facet normal 8.819213e-01 0.000000e+00 -4.713967e-01
    outer loop
      vertex   6.315735e+00 2.700000e+00 -2.889636e+00
      vertex   6.315735e+00 4.200000e+00 -2.889636e+00
      vertex   6.361940e+00 2.700000e+00 -2.803193e+00
    endloop
  endfacet
  facet normal 8.819213e-01 0.000000e+00 -4.713967e-01
    outer loop
      vertex   6.361940e+00 2.700000e+00 -2.803193e+00
      vertex   6.315735e+00 4.200000e+00 -2.889636e+00
      vertex   6.361940e+00 4.200000e+00 -2.803193e+00
    endloop
  endfacet
  facet normal 9.569403e-01 0.000000e+00 -2.902847e-01
    outer loop
      vertex   6.361940e+00 2.700000e+00 -2.803193e+00
      vertex   6.361940e+00 4.200000e+00 -2.803193e+00
      vertex   6.390393e+00 2.700000e+00 -2.709396e+00
    endloop
  endfacet
  facet normal 9.569403e-01 0.000000e+00 -2.902847e-01
    outer loop
      vertex   6.390393e+00 2.700000e+00 -2.709396e+00
      vertex   6.361940e+00 4.200000e+00 -2.803193e+00
      vertex   6.390393e+00 4.200000e+00 -2.709396e+00
    endloop
  endfacet
  facet normal 9.951847e-01 0.000000e+00 -9.801714e-02
    outer loop
      vertex   6.390393e+00 2.700000e+00 -2.709396e+00
      vertex   6.390393e+00 4.200000e+00 -2.709396e+00
      vertex   6.400000e+00 4.200000e+00 -2.611851e+00
    endloop
  endfacet
  facet normal -5.150464e-16 9.987955e-01 -4.906767e-02
    outer loop
      vertex   4.800000e+00 4.700000e+00 -2.611851e+00
      vertex   5.900000e+00 4.700000e+00 -2.611851e+00
      vertex   4.802408e+00 4.697592e+00 -2.660859e+00
    endloop
  endfacet
  facet normal 2.193557e-03 9.951823e-01 -9.801690e-02
    outer loop
      vertex   4.802408e+00 4.697592e+00 -2.660859e+00
      vertex   5.900000e+00 4.700000e+00 -2.611851e+00
      vertex   5.900000e+00 4.690393e+00 -2.709396e+00
    endloop
  endfacet
  facet normal -1.761982e-15 9.891765e-01 -1.467305e-01
    outer loop
      vertex   4.802408e+00 4.697592e+00 -2.660859e+00
      vertex   5.900000e+00 4.690393e+00 -2.709396e+00
      vertex   4.809607e+00 4.690393e+00 -2.709396e+00
    endloop
  endfacet
  facet normal -2.373493e-15 9.700313e-01 -2.429802e-01
    outer loop
      vertex   4.809607e+00 4.690393e+00 -2.709396e+00
      vertex   5.900000e+00 4.690393e+00 -2.709396e+00
      vertex   4.821530e+00 4.678470e+00 -2.756993e+00
    endloop
  endfacet
  facet normal 2.232450e-03 9.569380e-01 -2.902840e-01
    outer loop
      vertex   4.821530e+00 4.678470e+00 -2.756993e+00
      vertex   5.900000e+00 4.690393e+00 -2.709396e+00
      vertex   5.900000e+00 4.661940e+00 -2.803193e+00
    endloop
  endfacet
  facet normal -4.898029e-15 9.415441e-01 -3.368899e-01
    outer loop
      vertex   4.821530e+00 4.678470e+00 -2.756993e+00
      vertex   5.900000e+00 4.661940e+00 -2.803193e+00
      vertex   4.838060e+00 4.661940e+00 -2.803193e+00
    endloop
  endfacet
  facet normal -5.486581e-15 9.039893e-01 -4.275551e-01
    outer loop
      vertex   4.838060e+00 4.661940e+00 -2.803193e+00
      vertex   5.900000e+00 4.661940e+00 -2.803193e+00
      vertex   4.859039e+00 4.640961e+00 -2.847549e+00
    endloop
  endfacet
  facet normal 2.312893e-03 8.819189e-01 -4.713955e-01
    outer loop
      vertex   4.859039e+00 4.640961e+00 -2.847549e+00
      vertex   5.900000e+00 4.661940e+00 -2.803193e+00
      vertex   5.900000e+00 4.615735e+00 -2.889636e+00
    endloop
  endfacet
  facet normal -5.769099e-15 8.577286e-01 -5.141027e-01
    outer loop
      vertex   4.859039e+00 4.640961e+00 -2.847549e+00
      vertex   5.900000e+00 4.615735e+00 -2.889636e+00
      vertex   4.884265e+00 4.615735e+00 -2.889636e+00
    endloop
  endfacet
  facet normal -6.353147e-15 8.032075e-01 -5.956993e-01
    outer loop
      vertex   4.884265e+00 4.615735e+00 -2.889636e+00
      vertex   5.900000e+00 4.615735e+00 -2.889636e+00
      vertex   4.913495e+00 4.586505e+00 -2.929047e+00
    endloop
  endfacet
  facet normal 2.440564e-03 7.730082e-01 -6.343914e-01
    outer loop
      vertex   4.913495e+00 4.586505e+00 -2.929047e+00
      vertex   5.900000e+00 4.615735e+00 -2.889636e+00
      vertex   5.900000e+00 4.553553e+00 -2.965404e+00
    endloop
  endfacet
  facet normal -8.012993e-15 7.409511e-01 -6.715590e-01
    outer loop
      vertex   4.913495e+00 4.586505e+00 -2.929047e+00
      vertex   5.900000e+00 4.553553e+00 -2.965404e+00
      vertex   4.946447e+00 4.553553e+00 -2.965404e+00
    endloop
  endfacet
  facet normal -8.612826e-15 6.343933e-01 -7.730105e-01
    outer loop
      vertex   4.946447e+00 4.553553e+00 -2.965404e+00
      vertex   5.900000e+00 4.553553e+00 -2.965404e+00
      vertex   5.022215e+00 4.477785e+00 -3.027586e+00
    endloop
  endfacet
  facet normal -9.105441e-15 6.343933e-01 -7.730105e-01
    outer loop
      vertex   5.022215e+00 4.477785e+00 -3.027586e+00
      vertex   5.900000e+00 4.553553e+00 -2.965404e+00
      vertex   5.900000e+00 4.477785e+00 -3.027586e+00
    endloop
  endfacet
  facet normal -9.877592e-15 4.713967e-01 -8.819213e-01
    outer loop
      vertex   5.022215e+00 4.477785e+00 -3.027586e+00
      vertex   5.900000e+00 4.477785e+00 -3.027586e+00
      vertex   5.108658e+00 4.391342e+00 -3.073791e+00
    endloop
  endfacet
  facet normal -9.932583e-15 4.713967e-01 -8.819213e-01
    outer loop
      vertex   5.108658e+00 4.391342e+00 -3.073791e+00
      vertex   5.900000e+00 4.477785e+00 -3.027586e+00
      vertex   5.900000e+00 4.391342e+00 -3.073791e+00
    endloop
  endfacet
  facet normal -1.052920e-14 2.902847e-01 -9.569403e-01
    outer loop
      vertex   5.108658e+00 4.391342e+00 -3.073791e+00
      vertex   5.900000e+00 4.391342e+00 -3.073791e+00
      vertex   5.202455e+00 4.297545e+00 -3.102243e+00
    endloop
  endfacet
  facet normal -1.035695e-14 2.902847e-01 -9.569403e-01
    outer loop
      vertex   5.202455e+00 4.297545e+00 -3.102243e+00
      vertex   5.900000e+00 4.391342e+00 -3.073791e+00
      vertex   5.900000e+00 4.297545e+00 -3.102243e+00
    endloop
  endfacet
  facet normal -1.077086e-14 9.801714e-02 -9.951847e-01
    outer loop
      vertex   5.202455e+00 4.297545e+00 -3.102243e+00
      vertex   5.900000e+00 4.297545e+00 -3.102243e+00
      vertex   5.300000e+00 4.200000e+00 -3.111851e+00
    endloop
  endfacet
  facet normal -1.178535e-14 9.801714e-02 -9.951847e-01
    outer loop
      vertex   5.300000e+00 4.200000e+00 -3.111851e+00
      vertex   5.900000e+00 4.297545e+00 -3.102243e+00
      vertex   5.900000e+00 4.200000e+00 -3.111851e+00
    endloop
  endfacet
  facet normal 9.797789e-02 9.947862e-01 2.829848e-02
    outer loop
      vertex   5.997545e+00 4.690393e+00 2.905102e+00
      vertex   5.900000e+00 4.700000e+00 2.905102e+00
      vertex   5.991477e+00 4.689812e+00 2.946531e+00
    endloop
  endfacet
  facet normal 6.630076e-02 9.929950e-01 9.780147e-02
    outer loop
      vertex   5.991477e+00 4.689812e+00 2.946531e+00
      vertex   5.900000e+00 4.700000e+00 2.905102e+00
      vertex   5.900000e+00 4.690393e+00 3.002647e+00
    endloop
  endfacet
  facet normal 1.021504e-01 9.824050e-01 1.563513e-01
    outer loop
      vertex   5.991477e+00 4.689812e+00 2.946531e+00
      vertex   5.900000e+00 4.690393e+00 3.002647e+00
      vertex   5.954074e+00 4.679378e+00 3.036529e+00
    endloop
  endfacet
  facet normal 1.304213e-02 9.568589e-01 2.902600e-01
    outer loop
      vertex   5.954074e+00 4.679378e+00 3.036529e+00
      vertex   5.900000e+00 4.690393e+00 3.002647e+00
      vertex   5.900000e+00 4.661940e+00 3.096444e+00
    endloop
  endfacet
  facet normal 1.029530e-01 9.262778e-01 3.625053e-01
    outer loop
      vertex   5.954074e+00 4.679378e+00 3.036529e+00
      vertex   5.900000e+00 4.661940e+00 3.096444e+00
      vertex   5.914593e+00 4.650521e+00 3.121475e+00
    endloop
  endfacet
  facet normal -1.177125e-01 8.757899e-01 4.681195e-01
    outer loop
      vertex   5.914593e+00 4.650521e+00 3.121475e+00
      vertex   5.900000e+00 4.661940e+00 3.096444e+00
      vertex   5.900000e+00 4.615735e+00 3.182887e+00
    endloop
  endfacet
  facet normal 1.098455e-01 8.534180e-01 5.095210e-01
    outer loop
      vertex   5.914593e+00 4.650521e+00 3.121475e+00
      vertex   5.900000e+00 4.615735e+00 3.182887e+00
      vertex   6.014597e+00 4.617619e+00 3.155026e+00
    endloop
  endfacet
  facet normal 1.223819e-01 8.201959e-01 5.588393e-01
    outer loop
      vertex   6.014597e+00 4.617619e+00 3.155026e+00
      vertex   5.900000e+00 4.615735e+00 3.182887e+00
      vertex   5.973150e+00 4.571912e+00 3.231186e+00
    endloop
  endfacet
  facet normal 2.852266e-01 7.453682e-01 6.025546e-01
    outer loop
      vertex   6.014597e+00 4.617619e+00 3.155026e+00
      vertex   5.973150e+00 4.571912e+00 3.231186e+00
      vertex   6.109265e+00 4.564570e+00 3.175836e+00
    endloop
  endfacet
  facet normal 2.852266e-01 7.453682e-01 6.025546e-01
    outer loop
      vertex   6.109265e+00 4.564570e+00 3.175836e+00
      vertex   5.973150e+00 4.571912e+00 3.231186e+00
      vertex   6.066487e+00 4.519609e+00 3.251703e+00
    endloop
  endfacet
  facet normal 4.653084e-01 6.212289e-01 6.305258e-01
    outer loop
      vertex   6.109265e+00 4.564570e+00 3.175836e+00
      vertex   6.066487e+00 4.519609e+00 3.251703e+00
      vertex   6.193969e+00 4.493969e+00 3.182887e+00
    endloop
  endfacet
  facet normal 4.653084e-01 6.212289e-01 6.305258e-01
    outer loop
      vertex   6.193969e+00 4.493969e+00 3.182887e+00
      vertex   6.066487e+00 4.519609e+00 3.251703e+00
      vertex   6.150000e+00 4.450000e+00 3.258655e+00
    endloop
  endfacet
  facet normal 6.212289e-01 4.653084e-01 6.305258e-01
    outer loop
      vertex   6.193969e+00 4.493969e+00 3.182887e+00
      vertex   6.150000e+00 4.450000e+00 3.258655e+00
      vertex   6.264570e+00 4.409265e+00 3.175836e+00
    endloop
  endfacet
  facet normal 6.212289e-01 4.653084e-01 6.305258e-01
    outer loop
      vertex   6.264570e+00 4.409265e+00 3.175836e+00
      vertex   6.150000e+00 4.450000e+00 3.258655e+00
      vertex   6.219609e+00 4.366487e+00 3.251703e+00
    endloop
  endfacet
  facet normal 7.453682e-01 2.852266e-01 6.025546e-01
    outer loop
      vertex   6.264570e+00 4.409265e+00 3.175836e+00
      vertex   6.219609e+00 4.366487e+00 3.251703e+00
      vertex   6.317619e+00 4.314597e+00 3.155026e+00
    endloop
  endfacet
  facet normal 7.453682e-01 2.852266e-01 6.025546e-01
    outer loop
      vertex   6.317619e+00 4.314597e+00 3.155026e+00
      vertex   6.219609e+00 4.366487e+00 3.251703e+00
      vertex   6.271912e+00 4.273150e+00 3.231186e+00
    endloop
  endfacet
  facet normal 8.201959e-01 1.223819e-01 5.588393e-01
    outer loop
      vertex   6.317619e+00 4.314597e+00 3.155026e+00
      vertex   6.271912e+00 4.273150e+00 3.231186e+00
      vertex   6.315735e+00 4.200000e+00 3.182887e+00
    endloop
  endfacet
  facet normal 7.722555e-01 4.418417e-02 6.337737e-01
    outer loop
      vertex   6.315735e+00 4.200000e+00 3.182887e+00
      vertex   6.271912e+00 4.273150e+00 3.231186e+00
      vertex   6.253553e+00 4.200000e+00 3.258655e+00
    endloop
  endfacet
  facet normal 6.898657e-01 9.630346e-02 7.175032e-01
    outer loop
      vertex   6.253553e+00 4.200000e+00 3.258655e+00
      vertex   6.271912e+00 4.273150e+00 3.231186e+00
      vertex   6.211912e+00 4.228891e+00 3.294815e+00
    endloop
  endfacet
  facet normal 6.335001e-01 -5.304562e-02 7.719221e-01
    outer loop
      vertex   6.253553e+00 4.200000e+00 3.258655e+00
      vertex   6.211912e+00 4.228891e+00 3.294815e+00
      vertex   6.177785e+00 4.200000e+00 3.320837e+00
    endloop
  endfacet
  facet normal 5.373198e-01 1.175147e-01 8.351513e-01
    outer loop
      vertex   6.177785e+00 4.200000e+00 3.320837e+00
      vertex   6.211912e+00 4.228891e+00 3.294815e+00
      vertex   6.162365e+00 4.317310e+00 3.314251e+00
    endloop
  endfacet
  facet normal 5.041728e-01 1.143282e-01 8.560017e-01
    outer loop
      vertex   6.177785e+00 4.200000e+00 3.320837e+00
      vertex   6.162365e+00 4.317310e+00 3.314251e+00
      vertex   6.095039e+00 4.263626e+00 3.361075e+00
    endloop
  endfacet
  facet normal 4.016575e-01 2.617267e-01 8.775935e-01
    outer loop
      vertex   6.095039e+00 4.263626e+00 3.361075e+00
      vertex   6.162365e+00 4.317310e+00 3.314251e+00
      vertex   6.035299e+00 4.335299e+00 3.367042e+00
    endloop
  endfacet
  facet normal 2.663249e-01 1.426262e-01 9.532727e-01
    outer loop
      vertex   6.095039e+00 4.263626e+00 3.361075e+00
      vertex   6.035299e+00 4.335299e+00 3.367042e+00
      vertex   5.968975e+00 4.268975e+00 3.395495e+00
    endloop
  endfacet
  facet normal 1.426262e-01 2.663249e-01 9.532727e-01
    outer loop
      vertex   5.968975e+00 4.268975e+00 3.395495e+00
      vertex   6.035299e+00 4.335299e+00 3.367042e+00
      vertex   5.907496e+00 4.320217e+00 3.390377e+00
    endloop
  endfacet
  facet normal 8.040316e-02 1.941104e-01 9.776791e-01
    outer loop
      vertex   5.968975e+00 4.268975e+00 3.395495e+00
      vertex   5.907496e+00 4.320217e+00 3.390377e+00
      vertex   5.900000e+00 4.297545e+00 3.395495e+00
    endloop
  endfacet
  facet normal -2.191622e-01 2.832274e-01 9.336756e-01
    outer loop
      vertex   5.900000e+00 4.297545e+00 3.395495e+00
      vertex   5.907496e+00 4.320217e+00 3.390377e+00
      vertex   5.900000e+00 4.391342e+00 3.367042e+00
    endloop
  endfacet
  facet normal 7.021728e-02 3.176425e-01 9.456071e-01
    outer loop
      vertex   5.900000e+00 4.391342e+00 3.367042e+00
      vertex   5.907496e+00 4.320217e+00 3.390377e+00
      vertex   5.963626e+00 4.395039e+00 3.361075e+00
    endloop
  endfacet
  facet normal 5.522622e-02 4.706773e-01 8.805753e-01
    outer loop
      vertex   5.900000e+00 4.391342e+00 3.367042e+00
      vertex   5.963626e+00 4.395039e+00 3.361075e+00
      vertex   5.900000e+00 4.477785e+00 3.320837e+00
    endloop
  endfacet
  facet normal 1.143282e-01 5.041728e-01 8.560017e-01
    outer loop
      vertex   5.900000e+00 4.477785e+00 3.320837e+00
      vertex   5.963626e+00 4.395039e+00 3.361075e+00
      vertex   6.017310e+00 4.462365e+00 3.314251e+00
    endloop
  endfacet
  facet normal 1.175147e-01 5.373198e-01 8.351513e-01
    outer loop
      vertex   5.900000e+00 4.477785e+00 3.320837e+00
      vertex   6.017310e+00 4.462365e+00 3.314251e+00
      vertex   5.928891e+00 4.511912e+00 3.294815e+00
    endloop
  endfacet
  facet normal 1.964612e-01 6.414867e-01 7.415510e-01
    outer loop
      vertex   5.928891e+00 4.511912e+00 3.294815e+00
      vertex   6.017310e+00 4.462365e+00 3.314251e+00
      vertex   6.066487e+00 4.519609e+00 3.251703e+00
    endloop
  endfacet
  facet normal 1.964612e-01 6.414867e-01 7.415510e-01
    outer loop
      vertex   5.928891e+00 4.511912e+00 3.294815e+00
      vertex   6.066487e+00 4.519609e+00 3.251703e+00
      vertex   5.973150e+00 4.571912e+00 3.231186e+00
    endloop
  endfacet
  facet normal 4.418417e-02 7.722555e-01 6.337737e-01
    outer loop
      vertex   5.900000e+00 4.615735e+00 3.182887e+00
      vertex   5.900000e+00 4.553553e+00 3.258655e+00
      vertex   5.973150e+00 4.571912e+00 3.231186e+00
    endloop
  endfacet
  facet normal 9.630346e-02 6.898657e-01 7.175032e-01
    outer loop
      vertex   5.973150e+00 4.571912e+00 3.231186e+00
      vertex   5.900000e+00 4.553553e+00 3.258655e+00
      vertex   5.928891e+00 4.511912e+00 3.294815e+00
    endloop
  endfacet
  facet normal -5.304562e-02 6.335001e-01 7.719221e-01
    outer loop
      vertex   5.900000e+00 4.553553e+00 3.258655e+00
      vertex   5.900000e+00 4.477785e+00 3.320837e+00
      vertex   5.928891e+00 4.511912e+00 3.294815e+00
    endloop
  endfacet
  facet normal 4.056661e-02 9.793646e-02 9.943655e-01
    outer loop
      vertex   5.900000e+00 4.297545e+00 3.395495e+00
      vertex   5.900000e+00 4.200000e+00 3.405102e+00
      vertex   5.968975e+00 4.268975e+00 3.395495e+00
    endloop
  endfacet
  facet normal 9.793646e-02 4.056661e-02 9.943655e-01
    outer loop
      vertex   5.968975e+00 4.268975e+00 3.395495e+00
      vertex   5.900000e+00 4.200000e+00 3.405102e+00
      vertex   5.997545e+00 4.200000e+00 3.395495e+00
    endloop
  endfacet
  facet normal 1.941104e-01 8.040316e-02 9.776791e-01
    outer loop
      vertex   5.968975e+00 4.268975e+00 3.395495e+00
      vertex   5.997545e+00 4.200000e+00 3.395495e+00
      vertex   6.020217e+00 4.207496e+00 3.390377e+00
    endloop
  endfacet
  facet normal 2.832274e-01 -2.191622e-01 9.336756e-01
    outer loop
      vertex   6.020217e+00 4.207496e+00 3.390377e+00
      vertex   5.997545e+00 4.200000e+00 3.395495e+00
      vertex   6.091342e+00 4.200000e+00 3.367042e+00
    endloop
  endfacet
  facet normal 3.176425e-01 7.021728e-02 9.456071e-01
    outer loop
      vertex   6.020217e+00 4.207496e+00 3.390377e+00
      vertex   6.091342e+00 4.200000e+00 3.367042e+00
      vertex   6.095039e+00 4.263626e+00 3.361075e+00
    endloop
  endfacet
  facet normal 4.706773e-01 5.522622e-02 8.805753e-01
    outer loop
      vertex   6.095039e+00 4.263626e+00 3.361075e+00
      vertex   6.091342e+00 4.200000e+00 3.367042e+00
      vertex   6.177785e+00 4.200000e+00 3.320837e+00
    endloop
  endfacet
  facet normal 8.534180e-01 1.098455e-01 5.095210e-01
    outer loop
      vertex   6.317619e+00 4.314597e+00 3.155026e+00
      vertex   6.315735e+00 4.200000e+00 3.182887e+00
      vertex   6.350521e+00 4.214593e+00 3.121475e+00
    endloop
  endfacet
  facet normal 8.757899e-01 -1.177125e-01 4.681195e-01
    outer loop
      vertex   6.350521e+00 4.214593e+00 3.121475e+00
      vertex   6.315735e+00 4.200000e+00 3.182887e+00
      vertex   6.361940e+00 4.200000e+00 3.096444e+00
    endloop
  endfacet
  facet normal 9.262778e-01 1.029530e-01 3.625053e-01
    outer loop
      vertex   6.350521e+00 4.214593e+00 3.121475e+00
      vertex   6.361940e+00 4.200000e+00 3.096444e+00
      vertex   6.379378e+00 4.254074e+00 3.036529e+00
    endloop
  endfacet
  facet normal 9.568589e-01 1.304213e-02 2.902600e-01
    outer loop
      vertex   6.379378e+00 4.254074e+00 3.036529e+00
      vertex   6.361940e+00 4.200000e+00 3.096444e+00
      vertex   6.390393e+00 4.200000e+00 3.002647e+00
    endloop
  endfacet
  facet normal 9.824050e-01 1.021504e-01 1.563513e-01
    outer loop
      vertex   6.379378e+00 4.254074e+00 3.036529e+00
      vertex   6.390393e+00 4.200000e+00 3.002647e+00
      vertex   6.389812e+00 4.291477e+00 2.946531e+00
    endloop
  endfacet
  facet normal 9.929950e-01 6.630076e-02 9.780147e-02
    outer loop
      vertex   6.389812e+00 4.291477e+00 2.946531e+00
      vertex   6.390393e+00 4.200000e+00 3.002647e+00
      vertex   6.400000e+00 4.200000e+00 2.905102e+00
    endloop
  endfacet
  facet normal 9.947862e-01 9.797789e-02 2.829848e-02
    outer loop
      vertex   6.389812e+00 4.291477e+00 2.946531e+00
      vertex   6.400000e+00 4.200000e+00 2.905102e+00
      vertex   6.390393e+00 4.297545e+00 2.905102e+00
    endloop
  endfacet
  facet normal 9.554468e-01 2.898316e-01 5.584827e-02
    outer loop
      vertex   6.390393e+00 4.297545e+00 2.905102e+00
      vertex   6.361940e+00 4.391342e+00 2.905102e+00
      vertex   6.389812e+00 4.291477e+00 2.946531e+00
    endloop
  endfacet
  facet normal 9.541188e-01 2.926238e-01 6.347216e-02
    outer loop
      vertex   6.389812e+00 4.291477e+00 2.946531e+00
      vertex   6.361940e+00 4.391342e+00 2.905102e+00
      vertex   6.359746e+00 4.382857e+00 2.977189e+00
    endloop
  endfacet
  facet normal 9.474502e-01 2.412362e-01 2.101027e-01
    outer loop
      vertex   6.389812e+00 4.291477e+00 2.946531e+00
      vertex   6.359746e+00 4.382857e+00 2.977189e+00
      vertex   6.347277e+00 4.351641e+00 3.069262e+00
    endloop
  endfacet
  facet normal 8.653068e-01 4.272838e-01 2.620548e-01
    outer loop
      vertex   6.347277e+00 4.351641e+00 3.069262e+00
      vertex   6.359746e+00 4.382857e+00 2.977189e+00
      vertex   6.295521e+00 4.444001e+00 3.089564e+00
    endloop
  endfacet
  facet normal 8.209122e-01 3.631319e-01 4.407247e-01
    outer loop
      vertex   6.347277e+00 4.351641e+00 3.069262e+00
      vertex   6.295521e+00 4.444001e+00 3.089564e+00
      vertex   6.264570e+00 4.409265e+00 3.175836e+00
    endloop
  endfacet
  facet normal 6.974100e-01 5.422896e-01 4.685524e-01
    outer loop
      vertex   6.264570e+00 4.409265e+00 3.175836e+00
      vertex   6.295521e+00 4.444001e+00 3.089564e+00
      vertex   6.193969e+00 4.493969e+00 3.182887e+00
    endloop
  endfacet
  facet normal 8.789483e-01 4.698077e-01 8.203995e-02
    outer loop
      vertex   6.361940e+00 4.391342e+00 2.905102e+00
      vertex   6.315735e+00 4.477785e+00 2.905102e+00
      vertex   6.359746e+00 4.382857e+00 2.977189e+00
    endloop
  endfacet
  facet normal 8.770908e-01 4.724448e-01 8.664685e-02
    outer loop
      vertex   6.359746e+00 4.382857e+00 2.977189e+00
      vertex   6.315735e+00 4.477785e+00 2.905102e+00
      vertex   6.311273e+00 4.469360e+00 2.996204e+00
    endloop
  endfacet
  facet normal 8.653068e-01 4.272838e-01 2.620548e-01
    outer loop
      vertex   6.359746e+00 4.382857e+00 2.977189e+00
      vertex   6.311273e+00 4.469360e+00 2.996204e+00
      vertex   6.295521e+00 4.444001e+00 3.089564e+00
    endloop
  endfacet
  facet normal 7.471347e-01 5.987092e-01 2.886815e-01
    outer loop
      vertex   6.295521e+00 4.444001e+00 3.089564e+00
      vertex   6.311273e+00 4.469360e+00 2.996204e+00
      vertex   6.226641e+00 4.526641e+00 3.096444e+00
    endloop
  endfacet
  facet normal 6.974100e-01 5.422896e-01 4.685524e-01
    outer loop
      vertex   6.295521e+00 4.444001e+00 3.089564e+00
      vertex   6.226641e+00 4.526641e+00 3.096444e+00
      vertex   6.193969e+00 4.493969e+00 3.182887e+00
    endloop
  endfacet
  facet normal 5.422896e-01 6.974100e-01 4.685524e-01
    outer loop
      vertex   6.193969e+00 4.493969e+00 3.182887e+00
      vertex   6.226641e+00 4.526641e+00 3.096444e+00
      vertex   6.109265e+00 4.564570e+00 3.175836e+00
    endloop
  endfacet
  facet normal 7.694343e-01 6.314584e-01 9.607893e-02
    outer loop
      vertex   6.315735e+00 4.477785e+00 2.905102e+00
      vertex   6.253553e+00 4.553553e+00 2.905102e+00
      vertex   6.311273e+00 4.469360e+00 2.996204e+00
    endloop
  endfacet
  facet normal 7.684710e-01 6.324032e-01 9.756240e-02
    outer loop
      vertex   6.311273e+00 4.469360e+00 2.996204e+00
      vertex   6.253553e+00 4.553553e+00 2.905102e+00
      vertex   6.246760e+00 4.546760e+00 3.002647e+00
    endloop
  endfacet
  facet normal 7.471347e-01 5.987092e-01 2.886815e-01
    outer loop
      vertex   6.311273e+00 4.469360e+00 2.996204e+00
      vertex   6.246760e+00 4.546760e+00 3.002647e+00
      vertex   6.226641e+00 4.526641e+00 3.096444e+00
    endloop
  endfacet
  facet normal 5.987092e-01 7.471347e-01 2.886815e-01
    outer loop
      vertex   6.226641e+00 4.526641e+00 3.096444e+00
      vertex   6.246760e+00 4.546760e+00 3.002647e+00
      vertex   6.144001e+00 4.595521e+00 3.089564e+00
    endloop
  endfacet
  facet normal 5.422896e-01 6.974100e-01 4.685524e-01
    outer loop
      vertex   6.226641e+00 4.526641e+00 3.096444e+00
      vertex   6.144001e+00 4.595521e+00 3.089564e+00
      vertex   6.109265e+00 4.564570e+00 3.175836e+00
    endloop
  endfacet
  facet normal 3.631319e-01 8.209122e-01 4.407247e-01
    outer loop
      vertex   6.109265e+00 4.564570e+00 3.175836e+00
      vertex   6.144001e+00 4.595521e+00 3.089564e+00
      vertex   6.014597e+00 4.617619e+00 3.155026e+00
    endloop
  endfacet
  facet normal 6.324032e-01 7.684710e-01 9.756240e-02
    outer loop
      vertex   6.246760e+00 4.546760e+00 3.002647e+00
      vertex   6.253553e+00 4.553553e+00 2.905102e+00
      vertex   6.169360e+00 4.611273e+00 2.996204e+00
    endloop
  endfacet
  facet normal 6.314584e-01 7.694343e-01 9.607893e-02
    outer loop
      vertex   6.169360e+00 4.611273e+00 2.996204e+00
      vertex   6.253553e+00 4.553553e+00 2.905102e+00
      vertex   6.177785e+00 4.615735e+00 2.905102e+00
    endloop
  endfacet
  facet normal 4.724448e-01 8.770908e-01 8.664685e-02
    outer loop
      vertex   6.169360e+00 4.611273e+00 2.996204e+00
      vertex   6.177785e+00 4.615735e+00 2.905102e+00
      vertex   6.082857e+00 4.659746e+00 2.977189e+00
    endloop
  endfacet
  facet normal 4.698077e-01 8.789483e-01 8.203995e-02
    outer loop
      vertex   6.082857e+00 4.659746e+00 2.977189e+00
      vertex   6.177785e+00 4.615735e+00 2.905102e+00
      vertex   6.091342e+00 4.661940e+00 2.905102e+00
    endloop
  endfacet
  facet normal 2.926238e-01 9.541188e-01 6.347216e-02
    outer loop
      vertex   6.082857e+00 4.659746e+00 2.977189e+00
      vertex   6.091342e+00 4.661940e+00 2.905102e+00
      vertex   5.991477e+00 4.689812e+00 2.946531e+00
    endloop
  endfacet
  facet normal 2.898316e-01 9.554468e-01 5.584827e-02
    outer loop
      vertex   5.991477e+00 4.689812e+00 2.946531e+00
      vertex   6.091342e+00 4.661940e+00 2.905102e+00
      vertex   5.997545e+00 4.690393e+00 2.905102e+00
    endloop
  endfacet
  facet normal 2.412362e-01 9.474502e-01 2.101027e-01
    outer loop
      vertex   6.082857e+00 4.659746e+00 2.977189e+00
      vertex   5.991477e+00 4.689812e+00 2.946531e+00
      vertex   5.954074e+00 4.679378e+00 3.036529e+00
    endloop
  endfacet
  facet normal 1.686925e-01 9.067608e-01 3.864293e-01
    outer loop
      vertex   5.954074e+00 4.679378e+00 3.036529e+00
      vertex   5.914593e+00 4.650521e+00 3.121475e+00
      vertex   6.051641e+00 4.647277e+00 3.069262e+00
    endloop
  endfacet
  facet normal 1.686925e-01 9.067608e-01 3.864293e-01
    outer loop
      vertex   6.051641e+00 4.647277e+00 3.069262e+00
      vertex   5.914593e+00 4.650521e+00 3.121475e+00
      vertex   6.014597e+00 4.617619e+00 3.155026e+00
    endloop
  endfacet
  facet normal 3.631319e-01 8.209122e-01 4.407247e-01
    outer loop
      vertex   6.051641e+00 4.647277e+00 3.069262e+00
      vertex   6.014597e+00 4.617619e+00 3.155026e+00
      vertex   6.144001e+00 4.595521e+00 3.089564e+00
    endloop
  endfacet
  facet normal 4.272838e-01 8.653068e-01 2.620548e-01
    outer loop
      vertex   6.169360e+00 4.611273e+00 2.996204e+00
      vertex   6.082857e+00 4.659746e+00 2.977189e+00
      vertex   6.051641e+00 4.647277e+00 3.069262e+00
    endloop
  endfacet
  facet normal 2.412362e-01 9.474502e-01 2.101027e-01
    outer loop
      vertex   6.051641e+00 4.647277e+00 3.069262e+00
      vertex   6.082857e+00 4.659746e+00 2.977189e+00
      vertex   5.954074e+00 4.679378e+00 3.036529e+00
    endloop
  endfacet
  facet normal 4.272838e-01 8.653068e-01 2.620548e-01
    outer loop
      vertex   6.169360e+00 4.611273e+00 2.996204e+00
      vertex   6.051641e+00 4.647277e+00 3.069262e+00
      vertex   6.144001e+00 4.595521e+00 3.089564e+00
    endloop
  endfacet
  facet normal 1.426262e-01 2.663249e-01 9.532727e-01
    outer loop
      vertex   5.907496e+00 4.320217e+00 3.390377e+00
      vertex   6.035299e+00 4.335299e+00 3.367042e+00
      vertex   5.963626e+00 4.395039e+00 3.361075e+00
    endloop
  endfacet
  facet normal 2.617267e-01 4.016575e-01 8.775935e-01
    outer loop
      vertex   5.963626e+00 4.395039e+00 3.361075e+00
      vertex   6.035299e+00 4.335299e+00 3.367042e+00
      vertex   6.096424e+00 4.396424e+00 3.320837e+00
    endloop
  endfacet
  facet normal 2.617267e-01 4.016575e-01 8.775935e-01
    outer loop
      vertex   5.963626e+00 4.395039e+00 3.361075e+00
      vertex   6.096424e+00 4.396424e+00 3.320837e+00
      vertex   6.017310e+00 4.462365e+00 3.314251e+00
    endloop
  endfacet
  facet normal 3.706271e-01 5.214255e-01 7.686033e-01
    outer loop
      vertex   6.017310e+00 4.462365e+00 3.314251e+00
      vertex   6.096424e+00 4.396424e+00 3.320837e+00
      vertex   6.150000e+00 4.450000e+00 3.258655e+00
    endloop
  endfacet
  facet normal 3.706271e-01 5.214255e-01 7.686033e-01
    outer loop
      vertex   6.017310e+00 4.462365e+00 3.314251e+00
      vertex   6.150000e+00 4.450000e+00 3.258655e+00
      vertex   6.066487e+00 4.519609e+00 3.251703e+00
    endloop
  endfacet
  facet normal 5.987092e-01 7.471347e-01 2.886815e-01
    outer loop
      vertex   6.246760e+00 4.546760e+00 3.002647e+00
      vertex   6.169360e+00 4.611273e+00 2.996204e+00
      vertex   6.144001e+00 4.595521e+00 3.089564e+00
    endloop
  endfacet
  facet normal 2.663249e-01 1.426262e-01 9.532727e-01
    outer loop
      vertex   6.020217e+00 4.207496e+00 3.390377e+00
      vertex   6.095039e+00 4.263626e+00 3.361075e+00
      vertex   5.968975e+00 4.268975e+00 3.395495e+00
    endloop
  endfacet
  facet normal 5.214255e-01 3.706271e-01 7.686033e-01
    outer loop
      vertex   6.219609e+00 4.366487e+00 3.251703e+00
      vertex   6.150000e+00 4.450000e+00 3.258655e+00
      vertex   6.096424e+00 4.396424e+00 3.320837e+00
    endloop
  endfacet
  facet normal 5.214255e-01 3.706271e-01 7.686033e-01
    outer loop
      vertex   6.219609e+00 4.366487e+00 3.251703e+00
      vertex   6.096424e+00 4.396424e+00 3.320837e+00
      vertex   6.162365e+00 4.317310e+00 3.314251e+00
    endloop
  endfacet
  facet normal 4.016575e-01 2.617267e-01 8.775935e-01
    outer loop
      vertex   6.162365e+00 4.317310e+00 3.314251e+00
      vertex   6.096424e+00 4.396424e+00 3.320837e+00
      vertex   6.035299e+00 4.335299e+00 3.367042e+00
    endloop
  endfacet
  facet normal 6.414867e-01 1.964612e-01 7.415510e-01
    outer loop
      vertex   6.271912e+00 4.273150e+00 3.231186e+00
      vertex   6.219609e+00 4.366487e+00 3.251703e+00
      vertex   6.162365e+00 4.317310e+00 3.314251e+00
    endloop
  endfacet
  facet normal 6.414867e-01 1.964612e-01 7.415510e-01
    outer loop
      vertex   6.211912e+00 4.228891e+00 3.294815e+00
      vertex   6.271912e+00 4.273150e+00 3.231186e+00
      vertex   6.162365e+00 4.317310e+00 3.314251e+00
    endloop
  endfacet
  facet normal 8.209122e-01 3.631319e-01 4.407247e-01
    outer loop
      vertex   6.347277e+00 4.351641e+00 3.069262e+00
      vertex   6.264570e+00 4.409265e+00 3.175836e+00
      vertex   6.317619e+00 4.314597e+00 3.155026e+00
    endloop
  endfacet
  facet normal 9.067608e-01 1.686925e-01 3.864293e-01
    outer loop
      vertex   6.350521e+00 4.214593e+00 3.121475e+00
      vertex   6.379378e+00 4.254074e+00 3.036529e+00
      vertex   6.317619e+00 4.314597e+00 3.155026e+00
    endloop
  endfacet
  facet normal 9.067608e-01 1.686925e-01 3.864293e-01
    outer loop
      vertex   6.317619e+00 4.314597e+00 3.155026e+00
      vertex   6.379378e+00 4.254074e+00 3.036529e+00
      vertex   6.347277e+00 4.351641e+00 3.069262e+00
    endloop
  endfacet
  facet normal 9.474502e-01 2.412362e-01 2.101027e-01
    outer loop
      vertex   6.379378e+00 4.254074e+00 3.036529e+00
      vertex   6.389812e+00 4.291477e+00 2.946531e+00
      vertex   6.347277e+00 4.351641e+00 3.069262e+00
    endloop
  endfacet
  facet normal 9.801714e-02 0.000000e+00 9.951847e-01
    outer loop
      vertex   5.900000e+00 4.200000e+00 3.405102e+00
      vertex   5.900000e+00 1.200000e+00 3.405102e+00
      vertex   5.997545e+00 2.700000e+00 3.395495e+00
    endloop
  endfacet
  facet normal 9.801714e-02 0.000000e+00 9.951847e-01
    outer loop
      vertex   5.997545e+00 2.700000e+00 3.395495e+00
      vertex   5.900000e+00 1.200000e+00 3.405102e+00
      vertex   5.997545e+00 1.200000e+00 3.395495e+00
    endloop
  endfacet
  facet normal 2.902847e-01 0.000000e+00 9.569403e-01
    outer loop
      vertex   5.997545e+00 2.700000e+00 3.395495e+00
      vertex   5.997545e+00 1.200000e+00 3.395495e+00
      vertex   6.091342e+00 2.700000e+00 3.367042e+00
    endloop
  endfacet
  facet normal 2.902847e-01 0.000000e+00 9.569403e-01
    outer loop
      vertex   6.091342e+00 2.700000e+00 3.367042e+00
      vertex   5.997545e+00 1.200000e+00 3.395495e+00
      vertex   6.091342e+00 1.200000e+00 3.367042e+00
    endloop
  endfacet
  facet normal 4.713967e-01 0.000000e+00 8.819213e-01
    outer loop
      vertex   6.091342e+00 2.700000e+00 3.367042e+00
      vertex   6.091342e+00 1.200000e+00 3.367042e+00
      vertex   6.177785e+00 2.700000e+00 3.320837e+00
    endloop
  endfacet
  facet normal 4.713967e-01 -2.611011e-16 8.819213e-01
    outer loop
      vertex   6.177785e+00 2.700000e+00 3.320837e+00
      vertex   6.091342e+00 1.200000e+00 3.367042e+00
      vertex   6.177785e+00 1.200000e+00 3.320837e+00
    endloop
  endfacet
  facet normal 6.343933e-01 -2.288571e-16 7.730105e-01
    outer loop
      vertex   6.177785e+00 2.700000e+00 3.320837e+00
      vertex   6.177785e+00 1.200000e+00 3.320837e+00
      vertex   6.253553e+00 2.700000e+00 3.258655e+00
    endloop
  endfacet
  facet normal 6.343933e-01 0.000000e+00 7.730105e-01
    outer loop
      vertex   6.253553e+00 2.700000e+00 3.258655e+00
      vertex   6.177785e+00 1.200000e+00 3.320837e+00
      vertex   6.253553e+00 1.200000e+00 3.258655e+00
    endloop
  endfacet
  facet normal 7.730105e-01 0.000000e+00 6.343933e-01
    outer loop
      vertex   6.253553e+00 2.700000e+00 3.258655e+00
      vertex   6.253553e+00 1.200000e+00 3.258655e+00
      vertex   6.315735e+00 2.700000e+00 3.182887e+00
    endloop
  endfacet
  facet normal 7.730105e-01 1.878181e-16 6.343933e-01
    outer loop
      vertex   6.315735e+00 2.700000e+00 3.182887e+00
      vertex   6.253553e+00 1.200000e+00 3.258655e+00
      vertex   6.315735e+00 1.200000e+00 3.182887e+00
    endloop
  endfacet
  facet normal 8.819213e-01 1.395615e-16 4.713967e-01
    outer loop
      vertex   6.315735e+00 2.700000e+00 3.182887e+00
      vertex   6.315735e+00 1.200000e+00 3.182887e+00
      vertex   6.361940e+00 2.700000e+00 3.096444e+00
    endloop
  endfacet
  facet normal 8.819213e-01 0.000000e+00 4.713967e-01
    outer loop
      vertex   6.361940e+00 2.700000e+00 3.096444e+00
      vertex   6.315735e+00 1.200000e+00 3.182887e+00
      vertex   6.361940e+00 1.200000e+00 3.096444e+00
    endloop
  endfacet
  facet normal 9.569403e-01 0.000000e+00 2.902847e-01
    outer loop
      vertex   6.361940e+00 2.700000e+00 3.096444e+00
      vertex   6.361940e+00 1.200000e+00 3.096444e+00
      vertex   6.390393e+00 2.700000e+00 3.002647e+00
    endloop
  endfacet
  facet normal 9.569403e-01 0.000000e+00 2.902847e-01
    outer loop
      vertex   6.390393e+00 2.700000e+00 3.002647e+00
      vertex   6.361940e+00 1.200000e+00 3.096444e+00
      vertex   6.390393e+00 1.200000e+00 3.002647e+00
    endloop
  endfacet
  facet normal 9.951847e-01 0.000000e+00 9.801714e-02
    outer loop
      vertex   6.390393e+00 2.700000e+00 3.002647e+00
      vertex   6.390393e+00 1.200000e+00 3.002647e+00
      vertex   6.400000e+00 1.200000e+00 2.905102e+00
    endloop
  endfacet
  facet normal 9.951847e-01 -0.000000e+00 9.801714e-02
    outer loop
      vertex   6.400000e+00 1.200000e+00 2.905102e+00
      vertex   6.400000e+00 4.200000e+00 2.905102e+00
      vertex   6.390393e+00 2.700000e+00 3.002647e+00
    endloop
  endfacet
  facet normal 9.951847e-01 -0.000000e+00 9.801714e-02
    outer loop
      vertex   6.390393e+00 2.700000e+00 3.002647e+00
      vertex   6.400000e+00 4.200000e+00 2.905102e+00
      vertex   6.390393e+00 4.200000e+00 3.002647e+00
    endloop
  endfacet
  facet normal 9.569403e-01 -0.000000e+00 2.902847e-01
    outer loop
      vertex   6.390393e+00 2.700000e+00 3.002647e+00
      vertex   6.390393e+00 4.200000e+00 3.002647e+00
      vertex   6.361940e+00 2.700000e+00 3.096444e+00
    endloop
  endfacet
  facet normal 9.569403e-01 -0.000000e+00 2.902847e-01
    outer loop
      vertex   6.361940e+00 2.700000e+00 3.096444e+00
      vertex   6.390393e+00 4.200000e+00 3.002647e+00
      vertex   6.361940e+00 4.200000e+00 3.096444e+00
    endloop
  endfacet
  facet normal 8.819213e-01 -0.000000e+00 4.713967e-01
    outer loop
      vertex   6.361940e+00 2.700000e+00 3.096444e+00
      vertex   6.361940e+00 4.200000e+00 3.096444e+00
      vertex   6.315735e+00 2.700000e+00 3.182887e+00
    endloop
  endfacet
  facet normal 8.819213e-01 -1.395615e-16 4.713967e-01
    outer loop
      vertex   6.315735e+00 2.700000e+00 3.182887e+00
      vertex   6.361940e+00 4.200000e+00 3.096444e+00
      vertex   6.315735e+00 4.200000e+00 3.182887e+00
    endloop
  endfacet
  facet normal 7.730105e-01 -1.878181e-16 6.343933e-01
    outer loop
      vertex   6.315735e+00 2.700000e+00 3.182887e+00
      vertex   6.315735e+00 4.200000e+00 3.182887e+00
      vertex   6.253553e+00 2.700000e+00 3.258655e+00
    endloop
  endfacet
  facet normal 7.730105e-01 -1.878181e-16 6.343933e-01
    outer loop
      vertex   6.253553e+00 2.700000e+00 3.258655e+00
      vertex   6.315735e+00 4.200000e+00 3.182887e+00
      vertex   6.253553e+00 4.200000e+00 3.258655e+00
    endloop
  endfacet
  facet normal 6.343933e-01 -2.288571e-16 7.730105e-01
    outer loop
      vertex   6.253553e+00 2.700000e+00 3.258655e+00
      vertex   6.253553e+00 4.200000e+00 3.258655e+00
      vertex   6.177785e+00 2.700000e+00 3.320837e+00
    endloop
  endfacet
  facet normal 6.343933e-01 -0.000000e+00 7.730105e-01
    outer loop
      vertex   6.177785e+00 2.700000e+00 3.320837e+00
      vertex   6.253553e+00 4.200000e+00 3.258655e+00
      vertex   6.177785e+00 4.200000e+00 3.320837e+00
    endloop
  endfacet
  facet normal 4.713967e-01 -0.000000e+00 8.819213e-01
    outer loop
      vertex   6.177785e+00 2.700000e+00 3.320837e+00
      vertex   6.177785e+00 4.200000e+00 3.320837e+00
      vertex   6.091342e+00 2.700000e+00 3.367042e+00
    endloop
  endfacet
  facet normal 4.713967e-01 -0.000000e+00 8.819213e-01
    outer loop
      vertex   6.091342e+00 2.700000e+00 3.367042e+00
      vertex   6.177785e+00 4.200000e+00 3.320837e+00
      vertex   6.091342e+00 4.200000e+00 3.367042e+00
    endloop
  endfacet
  facet normal 2.902847e-01 -0.000000e+00 9.569403e-01
    outer loop
      vertex   6.091342e+00 2.700000e+00 3.367042e+00
      vertex   6.091342e+00 4.200000e+00 3.367042e+00
      vertex   5.997545e+00 2.700000e+00 3.395495e+00
    endloop
  endfacet
  facet normal 2.902847e-01 -4.551943e-16 9.569403e-01
    outer loop
      vertex   5.997545e+00 2.700000e+00 3.395495e+00
      vertex   6.091342e+00 4.200000e+00 3.367042e+00
      vertex   5.997545e+00 4.200000e+00 3.395495e+00
    endloop
  endfacet
  facet normal 9.801714e-02 -3.526717e-16 9.951847e-01
    outer loop
      vertex   5.997545e+00 2.700000e+00 3.395495e+00
      vertex   5.997545e+00 4.200000e+00 3.395495e+00
      vertex   5.900000e+00 4.200000e+00 3.405102e+00
    endloop
  endfacet
  facet normal 9.951847e-01 9.801714e-02 -0.000000e+00
    outer loop
      vertex   6.390393e+00 4.297545e+00 -2.611851e+00
      vertex   6.390393e+00 4.297545e+00 -7.728666e-01
      vertex   6.400000e+00 4.200000e+00 -2.611851e+00
    endloop
  endfacet
  facet normal 9.951847e-01 9.801714e-02 4.805925e-16
    outer loop
      vertex   6.400000e+00 4.200000e+00 -2.611851e+00
      vertex   6.390393e+00 4.297545e+00 -7.728666e-01
      vertex   6.390393e+00 4.297545e+00 1.066118e+00
    endloop
  endfacet
  facet normal 9.951847e-01 9.801714e-02 4.806466e-16
    outer loop
      vertex   6.400000e+00 4.200000e+00 -2.611851e+00
      vertex   6.390393e+00 4.297545e+00 1.066118e+00
      vertex   6.400000e+00 4.200000e+00 2.905102e+00
    endloop
  endfacet
  facet normal 9.951847e-01 9.801714e-02 0.000000e+00
    outer loop
      vertex   6.400000e+00 4.200000e+00 2.905102e+00
      vertex   6.390393e+00 4.297545e+00 1.066118e+00
      vertex   6.390393e+00 4.297545e+00 2.905102e+00
    endloop
  endfacet
  facet normal 9.569403e-01 2.902847e-01 0.000000e+00
    outer loop
      vertex   6.390393e+00 4.297545e+00 2.905102e+00
      vertex   6.390393e+00 4.297545e+00 1.066118e+00
      vertex   6.361940e+00 4.391342e+00 2.905102e+00
    endloop
  endfacet
  facet normal 9.569403e-01 2.902847e-01 0.000000e+00
    outer loop
      vertex   6.361940e+00 4.391342e+00 2.905102e+00
      vertex   6.390393e+00 4.297545e+00 1.066118e+00
      vertex   6.361940e+00 4.391342e+00 1.066118e+00
    endloop
  endfacet
  facet normal 8.819213e-01 4.713967e-01 0.000000e+00
    outer loop
      vertex   6.361940e+00 4.391342e+00 2.905102e+00
      vertex   6.361940e+00 4.391342e+00 1.066118e+00
      vertex   6.315735e+00 4.477785e+00 2.905102e+00
    endloop
  endfacet
  facet normal 8.819213e-01 4.713967e-01 0.000000e+00
    outer loop
      vertex   6.315735e+00 4.477785e+00 2.905102e+00
      vertex   6.361940e+00 4.391342e+00 1.066118e+00
      vertex   6.315735e+00 4.477785e+00 1.066118e+00
    endloop
  endfacet
  facet normal 7.730105e-01 6.343933e-01 0.000000e+00
    outer loop
      vertex   6.315735e+00 4.477785e+00 2.905102e+00
      vertex   6.315735e+00 4.477785e+00 1.066118e+00
      vertex   6.253553e+00 4.553553e+00 2.905102e+00
    endloop
  endfacet
  facet normal 7.730105e-01 6.343933e-01 0.000000e+00
    outer loop
      vertex   6.253553e+00 4.553553e+00 2.905102e+00
      vertex   6.315735e+00 4.477785e+00 1.066118e+00
      vertex   6.253553e+00 4.553553e+00 1.066118e+00
    endloop
  endfacet
  facet normal 6.343933e-01 7.730105e-01 0.000000e+00
    outer loop
      vertex   6.253553e+00 4.553553e+00 2.905102e+00
      vertex   6.253553e+00 4.553553e+00 1.066118e+00
      vertex   6.177785e+00 4.615735e+00 2.905102e+00
    endloop
  endfacet
  facet normal 6.343933e-01 7.730105e-01 0.000000e+00
    outer loop
      vertex   6.177785e+00 4.615735e+00 2.905102e+00
      vertex   6.253553e+00 4.553553e+00 1.066118e+00
      vertex   6.177785e+00 4.615735e+00 1.066118e+00
    endloop
  endfacet
  facet normal 4.713967e-01 8.819213e-01 0.000000e+00
    outer loop
      vertex   6.177785e+00 4.615735e+00 2.905102e+00
      vertex   6.177785e+00 4.615735e+00 1.066118e+00
      vertex   6.091342e+00 4.661940e+00 2.905102e+00
    endloop
  endfacet
  facet normal 4.713967e-01 8.819213e-01 0.000000e+00
    outer loop
      vertex   6.091342e+00 4.661940e+00 2.905102e+00
      vertex   6.177785e+00 4.615735e+00 1.066118e+00
      vertex   6.091342e+00 4.661940e+00 1.066118e+00
    endloop
  endfacet
  facet normal 2.902847e-01 9.569403e-01 0.000000e+00
    outer loop
      vertex   6.091342e+00 4.661940e+00 2.905102e+00
      vertex   6.091342e+00 4.661940e+00 1.066118e+00
      vertex   5.997545e+00 4.690393e+00 2.905102e+00
    endloop
  endfacet
  facet normal 2.902847e-01 9.569403e-01 0.000000e+00
    outer loop
      vertex   5.997545e+00 4.690393e+00 2.905102e+00
      vertex   6.091342e+00 4.661940e+00 1.066118e+00
      vertex   5.997545e+00 4.690393e+00 1.066118e+00
    endloop
  endfacet
  facet normal 9.801714e-02 9.951847e-01 0.000000e+00
    outer loop
      vertex   5.997545e+00 4.690393e+00 2.905102e+00
      vertex   5.997545e+00 4.690393e+00 1.066118e+00
      vertex   5.900000e+00 4.700000e+00 2.905102e+00
    endloop
  endfacet
  facet normal 9.801714e-02 9.951847e-01 5.281104e-16
    outer loop
      vertex   5.900000e+00 4.700000e+00 2.905102e+00
      vertex   5.997545e+00 4.690393e+00 1.066118e+00
      vertex   5.997545e+00 4.690393e+00 -7.728666e-01
    endloop
  endfacet
  facet normal 9.801714e-02 9.951847e-01 3.155971e-17
    outer loop
      vertex   5.900000e+00 4.700000e+00 2.905102e+00
      vertex   5.997545e+00 4.690393e+00 -7.728666e-01
      vertex   5.900000e+00 4.700000e+00 -2.611851e+00
    endloop
  endfacet
  facet normal 9.801714e-02 9.951847e-01 4.691642e-17
    outer loop
      vertex   5.900000e+00 4.700000e+00 -2.611851e+00
      vertex   5.997545e+00 4.690393e+00 -7.728666e-01
      vertex   5.997545e+00 4.690393e+00 -2.611851e+00
    endloop
  endfacet
  facet normal 2.902847e-01 9.569403e-01 1.401995e-16
    outer loop
      vertex   5.997545e+00 4.690393e+00 -2.611851e+00
      vertex   5.997545e+00 4.690393e+00 -7.728666e-01
      vertex   6.091342e+00 4.661940e+00 -2.611851e+00
    endloop
  endfacet
  facet normal 2.902847e-01 9.569403e-01 1.401995e-16
    outer loop
      vertex   6.091342e+00 4.661940e+00 -2.611851e+00
      vertex   5.997545e+00 4.690393e+00 -7.728666e-01
      vertex   6.091342e+00 4.661940e+00 -7.728666e-01
    endloop
  endfacet
  facet normal 4.713967e-01 8.819213e-01 2.276716e-16
    outer loop
      vertex   6.091342e+00 4.661940e+00 -2.611851e+00
      vertex   6.091342e+00 4.661940e+00 -7.728666e-01
      vertex   6.177785e+00 4.615735e+00 -2.611851e+00
    endloop
  endfacet
  facet normal 4.713967e-01 8.819213e-01 -0.000000e+00
    outer loop
      vertex   6.177785e+00 4.615735e+00 -2.611851e+00
      vertex   6.091342e+00 4.661940e+00 -7.728666e-01
      vertex   6.177785e+00 4.615735e+00 -7.728666e-01
    endloop
  endfacet
  facet normal 6.343933e-01 7.730105e-01 -0.000000e+00
    outer loop
      vertex   6.177785e+00 4.615735e+00 -2.611851e+00
      vertex   6.177785e+00 4.615735e+00 -7.728666e-01
      vertex   6.253553e+00 4.553553e+00 -2.611851e+00
    endloop
  endfacet
  facet normal 6.343933e-01 7.730105e-01 -0.000000e+00
    outer loop
      vertex   6.253553e+00 4.553553e+00 -2.611851e+00
      vertex   6.177785e+00 4.615735e+00 -7.728666e-01
      vertex   6.253553e+00 4.553553e+00 -7.728666e-01
    endloop
  endfacet
  facet normal 7.730105e-01 6.343933e-01 -0.000000e+00
    outer loop
      vertex   6.253553e+00 4.553553e+00 -2.611851e+00
      vertex   6.253553e+00 4.553553e+00 -7.728666e-01
      vertex   6.315735e+00 4.477785e+00 -2.611851e+00
    endloop
  endfacet
  facet normal 7.730105e-01 6.343933e-01 3.063944e-16
    outer loop
      vertex   6.315735e+00 4.477785e+00 -2.611851e+00
      vertex   6.253553e+00 4.553553e+00 -7.728666e-01
      vertex   6.315735e+00 4.477785e+00 -7.728666e-01
    endloop
  endfacet
  facet normal 8.819213e-01 4.713967e-01 2.276716e-16
    outer loop
      vertex   6.315735e+00 4.477785e+00 -2.611851e+00
      vertex   6.315735e+00 4.477785e+00 -7.728666e-01
      vertex   6.361940e+00 4.391342e+00 -2.611851e+00
    endloop
  endfacet
  facet normal 8.819213e-01 4.713967e-01 -0.000000e+00
    outer loop
      vertex   6.361940e+00 4.391342e+00 -2.611851e+00
      vertex   6.315735e+00 4.477785e+00 -7.728666e-01
      vertex   6.361940e+00 4.391342e+00 -7.728666e-01
    endloop
  endfacet
  facet normal 9.569403e-01 2.902847e-01 -0.000000e+00
    outer loop
      vertex   6.361940e+00 4.391342e+00 -2.611851e+00
      vertex   6.361940e+00 4.391342e+00 -7.728666e-01
      vertex   6.390393e+00 4.297545e+00 -2.611851e+00
    endloop
  endfacet
  facet normal 9.569403e-01 2.902847e-01 -0.000000e+00
    outer loop
      vertex   6.390393e+00 4.297545e+00 -2.611851e+00
      vertex   6.361940e+00 4.391342e+00 -7.728666e-01
      vertex   6.390393e+00 4.297545e+00 -7.728666e-01
    endloop
  endfacet
  facet normal 9.569403e-01 2.902847e-01 4.619463e-16
    outer loop
      vertex   6.361940e+00 4.391342e+00 1.066118e+00
      vertex   6.390393e+00 4.297545e+00 1.066118e+00
      vertex   6.390393e+00 4.297545e+00 -7.728666e-01
    endloop
  endfacet
  facet normal 9.569403e-01 2.902847e-01 4.621757e-16
    outer loop
      vertex   6.361940e+00 4.391342e+00 1.066118e+00
      vertex   6.390393e+00 4.297545e+00 -7.728666e-01
      vertex   6.361940e+00 4.391342e+00 -7.728666e-01
    endloop
  endfacet
  facet normal 8.819213e-01 4.713967e-01 4.234507e-16
    outer loop
      vertex   6.315735e+00 4.477785e+00 1.066118e+00
      vertex   6.361940e+00 4.391342e+00 1.066118e+00
      vertex   6.361940e+00 4.391342e+00 -7.728666e-01
    endloop
  endfacet
  facet normal 8.819213e-01 4.713967e-01 1.050159e-15
    outer loop
      vertex   6.315735e+00 4.477785e+00 1.066118e+00
      vertex   6.361940e+00 4.391342e+00 -7.728666e-01
      vertex   6.315735e+00 4.477785e+00 -7.728666e-01
    endloop
  endfacet
  facet normal 7.730105e-01 6.343933e-01 8.132179e-16
    outer loop
      vertex   6.253553e+00 4.553553e+00 1.066118e+00
      vertex   6.315735e+00 4.477785e+00 1.066118e+00
      vertex   6.315735e+00 4.477785e+00 -7.728666e-01
    endloop
  endfacet
  facet normal 7.730105e-01 6.343933e-01 3.733426e-16
    outer loop
      vertex   6.253553e+00 4.553553e+00 1.066118e+00
      vertex   6.315735e+00 4.477785e+00 -7.728666e-01
      vertex   6.253553e+00 4.553553e+00 -7.728666e-01
    endloop
  endfacet
  facet normal 6.343933e-01 7.730105e-01 3.031522e-16
    outer loop
      vertex   6.177785e+00 4.615735e+00 1.066118e+00
      vertex   6.253553e+00 4.553553e+00 1.066118e+00
      vertex   6.253553e+00 4.553553e+00 -7.728666e-01
    endloop
  endfacet
  facet normal 6.343933e-01 7.730105e-01 6.797370e-16
    outer loop
      vertex   6.177785e+00 4.615735e+00 1.066118e+00
      vertex   6.253553e+00 4.553553e+00 -7.728666e-01
      vertex   6.177785e+00 4.615735e+00 -7.728666e-01
    endloop
  endfacet
  facet normal 4.713967e-01 8.819213e-01 6.544239e-16
    outer loop
      vertex   6.091342e+00 4.661940e+00 1.066118e+00
      vertex   6.177785e+00 4.615735e+00 1.066118e+00
      vertex   6.177785e+00 4.615735e+00 -7.728666e-01
    endloop
  endfacet
  facet normal 4.713967e-01 8.819213e-01 0.000000e+00
    outer loop
      vertex   6.091342e+00 4.661940e+00 1.066118e+00
      vertex   6.177785e+00 4.615735e+00 -7.728666e-01
      vertex   6.091342e+00 4.661940e+00 -7.728666e-01
    endloop
  endfacet
  facet normal 2.902847e-01 9.569403e-01 0.000000e+00
    outer loop
      vertex   5.997545e+00 4.690393e+00 1.066118e+00
      vertex   6.091342e+00 4.661940e+00 1.066118e+00
      vertex   6.091342e+00 4.661940e+00 -7.728666e-01
    endloop
  endfacet
  facet normal 2.902847e-01 9.569403e-01 6.023751e-16
    outer loop
      vertex   5.997545e+00 4.690393e+00 1.066118e+00
      vertex   6.091342e+00 4.661940e+00 -7.728666e-01
      vertex   5.997545e+00 4.690393e+00 -7.728666e-01
    endloop
  endfacet
  facet normal -6.630076e-02 9.929950e-01 9.780147e-02
    outer loop
      vertex   -5.900000e+00 4.690393e+00 3.002647e+00
      vertex   -5.900000e+00 4.700000e+00 2.905102e+00
      vertex   -5.991477e+00 4.689812e+00 2.946531e+00
    endloop
  endfacet
  facet normal -9.797789e-02 9.947862e-01 2.829848e-02
    outer loop
      vertex   -5.991477e+00 4.689812e+00 2.946531e+00
      vertex   -5.900000e+00 4.700000e+00 2.905102e+00
      vertex   -5.997545e+00 4.690393e+00 2.905102e+00
    endloop
  endfacet
  facet normal -2.898316e-01 9.554468e-01 5.584827e-02
    outer loop
      vertex   -5.991477e+00 4.689812e+00 2.946531e+00
      vertex   -5.997545e+00 4.690393e+00 2.905102e+00
      vertex   -6.091342e+00 4.661940e+00 2.905102e+00
    endloop
  endfacet
  facet normal -2.926238e-01 9.541188e-01 6.347216e-02
    outer loop
      vertex   -5.991477e+00 4.689812e+00 2.946531e+00
      vertex   -6.091342e+00 4.661940e+00 2.905102e+00
      vertex   -6.082857e+00 4.659746e+00 2.977189e+00
    endloop
  endfacet
  facet normal -4.698077e-01 8.789483e-01 8.203995e-02
    outer loop
      vertex   -6.082857e+00 4.659746e+00 2.977189e+00
      vertex   -6.091342e+00 4.661940e+00 2.905102e+00
      vertex   -6.177785e+00 4.615735e+00 2.905102e+00
    endloop
  endfacet
  facet normal -4.724448e-01 8.770908e-01 8.664685e-02
    outer loop
      vertex   -6.082857e+00 4.659746e+00 2.977189e+00
      vertex   -6.177785e+00 4.615735e+00 2.905102e+00
      vertex   -6.169360e+00 4.611273e+00 2.996204e+00
    endloop
  endfacet
  facet normal -6.314584e-01 7.694343e-01 9.607893e-02
    outer loop
      vertex   -6.169360e+00 4.611273e+00 2.996204e+00
      vertex   -6.177785e+00 4.615735e+00 2.905102e+00
      vertex   -6.253553e+00 4.553553e+00 2.905102e+00
    endloop
  endfacet
  facet normal -6.324032e-01 7.684710e-01 9.756240e-02
    outer loop
      vertex   -6.169360e+00 4.611273e+00 2.996204e+00
      vertex   -6.253553e+00 4.553553e+00 2.905102e+00
      vertex   -6.246760e+00 4.546760e+00 3.002647e+00
    endloop
  endfacet
  facet normal -7.684710e-01 6.324032e-01 9.756240e-02
    outer loop
      vertex   -6.246760e+00 4.546760e+00 3.002647e+00
      vertex   -6.253553e+00 4.553553e+00 2.905102e+00
      vertex   -6.311273e+00 4.469360e+00 2.996204e+00
    endloop
  endfacet
  facet normal -7.471347e-01 5.987092e-01 2.886815e-01
    outer loop
      vertex   -6.246760e+00 4.546760e+00 3.002647e+00
      vertex   -6.311273e+00 4.469360e+00 2.996204e+00
      vertex   -6.295521e+00 4.444001e+00 3.089564e+00
    endloop
  endfacet
  facet normal -8.653068e-01 4.272838e-01 2.620548e-01
    outer loop
      vertex   -6.295521e+00 4.444001e+00 3.089564e+00
      vertex   -6.311273e+00 4.469360e+00 2.996204e+00
      vertex   -6.347277e+00 4.351641e+00 3.069262e+00
    endloop
  endfacet
  facet normal -8.209122e-01 3.631319e-01 4.407247e-01
    outer loop
      vertex   -6.295521e+00 4.444001e+00 3.089564e+00
      vertex   -6.347277e+00 4.351641e+00 3.069262e+00
      vertex   -6.317619e+00 4.314597e+00 3.155026e+00
    endloop
  endfacet
  facet normal -9.067608e-01 1.686925e-01 3.864293e-01
    outer loop
      vertex   -6.317619e+00 4.314597e+00 3.155026e+00
      vertex   -6.347277e+00 4.351641e+00 3.069262e+00
      vertex   -6.350521e+00 4.214593e+00 3.121475e+00
    endloop
  endfacet
  facet normal -8.534180e-01 1.098455e-01 5.095210e-01
    outer loop
      vertex   -6.317619e+00 4.314597e+00 3.155026e+00
      vertex   -6.350521e+00 4.214593e+00 3.121475e+00
      vertex   -6.315735e+00 4.200000e+00 3.182887e+00
    endloop
  endfacet
  facet normal -8.757899e-01 -1.177125e-01 4.681195e-01
    outer loop
      vertex   -6.315735e+00 4.200000e+00 3.182887e+00
      vertex   -6.350521e+00 4.214593e+00 3.121475e+00
      vertex   -6.361940e+00 4.200000e+00 3.096444e+00
    endloop
  endfacet
  facet normal -9.262778e-01 1.029530e-01 3.625053e-01
    outer loop
      vertex   -6.361940e+00 4.200000e+00 3.096444e+00
      vertex   -6.350521e+00 4.214593e+00 3.121475e+00
      vertex   -6.379378e+00 4.254074e+00 3.036529e+00
    endloop
  endfacet
  facet normal -9.568589e-01 1.304213e-02 2.902600e-01
    outer loop
      vertex   -6.361940e+00 4.200000e+00 3.096444e+00
      vertex   -6.379378e+00 4.254074e+00 3.036529e+00
      vertex   -6.390393e+00 4.200000e+00 3.002647e+00
    endloop
  endfacet
  facet normal -9.824050e-01 1.021504e-01 1.563513e-01
    outer loop
      vertex   -6.390393e+00 4.200000e+00 3.002647e+00
      vertex   -6.379378e+00 4.254074e+00 3.036529e+00
      vertex   -6.389812e+00 4.291477e+00 2.946531e+00
    endloop
  endfacet
  facet normal -9.929950e-01 6.630076e-02 9.780147e-02
    outer loop
      vertex   -6.390393e+00 4.200000e+00 3.002647e+00
      vertex   -6.389812e+00 4.291477e+00 2.946531e+00
      vertex   -6.400000e+00 4.200000e+00 2.905102e+00
    endloop
  endfacet
  facet normal -9.947862e-01 9.797789e-02 2.829848e-02
    outer loop
      vertex   -6.400000e+00 4.200000e+00 2.905102e+00
      vertex   -6.389812e+00 4.291477e+00 2.946531e+00
      vertex   -6.390393e+00 4.297545e+00 2.905102e+00
    endloop
  endfacet
  facet normal -9.554468e-01 2.898316e-01 5.584827e-02
    outer loop
      vertex   -6.390393e+00 4.297545e+00 2.905102e+00
      vertex   -6.389812e+00 4.291477e+00 2.946531e+00
      vertex   -6.361940e+00 4.391342e+00 2.905102e+00
    endloop
  endfacet
  facet normal -9.541188e-01 2.926238e-01 6.347216e-02
    outer loop
      vertex   -6.361940e+00 4.391342e+00 2.905102e+00
      vertex   -6.389812e+00 4.291477e+00 2.946531e+00
      vertex   -6.359746e+00 4.382857e+00 2.977189e+00
    endloop
  endfacet
  facet normal -8.789483e-01 4.698077e-01 8.203995e-02
    outer loop
      vertex   -6.361940e+00 4.391342e+00 2.905102e+00
      vertex   -6.359746e+00 4.382857e+00 2.977189e+00
      vertex   -6.315735e+00 4.477785e+00 2.905102e+00
    endloop
  endfacet
  facet normal -8.770908e-01 4.724448e-01 8.664685e-02
    outer loop
      vertex   -6.315735e+00 4.477785e+00 2.905102e+00
      vertex   -6.359746e+00 4.382857e+00 2.977189e+00
      vertex   -6.311273e+00 4.469360e+00 2.996204e+00
    endloop
  endfacet
  facet normal -7.694343e-01 6.314584e-01 9.607893e-02
    outer loop
      vertex   -6.315735e+00 4.477785e+00 2.905102e+00
      vertex   -6.311273e+00 4.469360e+00 2.996204e+00
      vertex   -6.253553e+00 4.553553e+00 2.905102e+00
    endloop
  endfacet
  facet normal -8.201959e-01 1.223819e-01 5.588393e-01
    outer loop
      vertex   -6.317619e+00 4.314597e+00 3.155026e+00
      vertex   -6.315735e+00 4.200000e+00 3.182887e+00
      vertex   -6.271912e+00 4.273150e+00 3.231186e+00
    endloop
  endfacet
  facet normal -7.722555e-01 4.418417e-02 6.337737e-01
    outer loop
      vertex   -6.271912e+00 4.273150e+00 3.231186e+00
      vertex   -6.315735e+00 4.200000e+00 3.182887e+00
      vertex   -6.253553e+00 4.200000e+00 3.258655e+00
    endloop
  endfacet
  facet normal -6.898657e-01 9.630346e-02 7.175032e-01
    outer loop
      vertex   -6.271912e+00 4.273150e+00 3.231186e+00
      vertex   -6.253553e+00 4.200000e+00 3.258655e+00
      vertex   -6.211912e+00 4.228891e+00 3.294815e+00
    endloop
  endfacet
  facet normal -6.335001e-01 -5.304562e-02 7.719221e-01
    outer loop
      vertex   -6.211912e+00 4.228891e+00 3.294815e+00
      vertex   -6.253553e+00 4.200000e+00 3.258655e+00
      vertex   -6.177785e+00 4.200000e+00 3.320837e+00
    endloop
  endfacet
  facet normal -5.373198e-01 1.175147e-01 8.351513e-01
    outer loop
      vertex   -6.211912e+00 4.228891e+00 3.294815e+00
      vertex   -6.177785e+00 4.200000e+00 3.320837e+00
      vertex   -6.162365e+00 4.317310e+00 3.314251e+00
    endloop
  endfacet
  facet normal -5.041728e-01 1.143282e-01 8.560017e-01
    outer loop
      vertex   -6.162365e+00 4.317310e+00 3.314251e+00
      vertex   -6.177785e+00 4.200000e+00 3.320837e+00
      vertex   -6.095039e+00 4.263626e+00 3.361075e+00
    endloop
  endfacet
  facet normal -4.016575e-01 2.617267e-01 8.775935e-01
    outer loop
      vertex   -6.162365e+00 4.317310e+00 3.314251e+00
      vertex   -6.095039e+00 4.263626e+00 3.361075e+00
      vertex   -6.096424e+00 4.396424e+00 3.320837e+00
    endloop
  endfacet
  facet normal -4.016575e-01 2.617267e-01 8.775935e-01
    outer loop
      vertex   -6.096424e+00 4.396424e+00 3.320837e+00
      vertex   -6.095039e+00 4.263626e+00 3.361075e+00
      vertex   -6.035299e+00 4.335299e+00 3.367042e+00
    endloop
  endfacet
  facet normal -2.617267e-01 4.016575e-01 8.775935e-01
    outer loop
      vertex   -6.096424e+00 4.396424e+00 3.320837e+00
      vertex   -6.035299e+00 4.335299e+00 3.367042e+00
      vertex   -6.017310e+00 4.462365e+00 3.314251e+00
    endloop
  endfacet
  facet normal -2.617267e-01 4.016575e-01 8.775935e-01
    outer loop
      vertex   -6.017310e+00 4.462365e+00 3.314251e+00
      vertex   -6.035299e+00 4.335299e+00 3.367042e+00
      vertex   -5.963626e+00 4.395039e+00 3.361075e+00
    endloop
  endfacet
  facet normal -1.143282e-01 5.041728e-01 8.560017e-01
    outer loop
      vertex   -6.017310e+00 4.462365e+00 3.314251e+00
      vertex   -5.963626e+00 4.395039e+00 3.361075e+00
      vertex   -5.900000e+00 4.477785e+00 3.320837e+00
    endloop
  endfacet
  facet normal -5.522622e-02 4.706773e-01 8.805753e-01
    outer loop
      vertex   -5.900000e+00 4.477785e+00 3.320837e+00
      vertex   -5.963626e+00 4.395039e+00 3.361075e+00
      vertex   -5.900000e+00 4.391342e+00 3.367042e+00
    endloop
  endfacet
  facet normal -7.021728e-02 3.176425e-01 9.456071e-01
    outer loop
      vertex   -5.900000e+00 4.391342e+00 3.367042e+00
      vertex   -5.963626e+00 4.395039e+00 3.361075e+00
      vertex   -5.907496e+00 4.320217e+00 3.390377e+00
    endloop
  endfacet
  facet normal 2.191622e-01 2.832274e-01 9.336756e-01
    outer loop
      vertex   -5.900000e+00 4.391342e+00 3.367042e+00
      vertex   -5.907496e+00 4.320217e+00 3.390377e+00
      vertex   -5.900000e+00 4.297545e+00 3.395495e+00
    endloop
  endfacet
  facet normal -8.040316e-02 1.941104e-01 9.776791e-01
    outer loop
      vertex   -5.900000e+00 4.297545e+00 3.395495e+00
      vertex   -5.907496e+00 4.320217e+00 3.390377e+00
      vertex   -5.968975e+00 4.268975e+00 3.395495e+00
    endloop
  endfacet
  facet normal -4.056661e-02 9.793646e-02 9.943655e-01
    outer loop
      vertex   -5.900000e+00 4.297545e+00 3.395495e+00
      vertex   -5.968975e+00 4.268975e+00 3.395495e+00
      vertex   -5.900000e+00 4.200000e+00 3.405102e+00
    endloop
  endfacet
  facet normal -9.793646e-02 4.056661e-02 9.943655e-01
    outer loop
      vertex   -5.900000e+00 4.200000e+00 3.405102e+00
      vertex   -5.968975e+00 4.268975e+00 3.395495e+00
      vertex   -5.997545e+00 4.200000e+00 3.395495e+00
    endloop
  endfacet
  facet normal -1.941104e-01 8.040316e-02 9.776791e-01
    outer loop
      vertex   -5.997545e+00 4.200000e+00 3.395495e+00
      vertex   -5.968975e+00 4.268975e+00 3.395495e+00
      vertex   -6.020217e+00 4.207496e+00 3.390377e+00
    endloop
  endfacet
  facet normal -2.832274e-01 -2.191622e-01 9.336756e-01
    outer loop
      vertex   -5.997545e+00 4.200000e+00 3.395495e+00
      vertex   -6.020217e+00 4.207496e+00 3.390377e+00
      vertex   -6.091342e+00 4.200000e+00 3.367042e+00
    endloop
  endfacet
  facet normal -3.176425e-01 7.021728e-02 9.456071e-01
    outer loop
      vertex   -6.091342e+00 4.200000e+00 3.367042e+00
      vertex   -6.020217e+00 4.207496e+00 3.390377e+00
      vertex   -6.095039e+00 4.263626e+00 3.361075e+00
    endloop
  endfacet
  facet normal -4.706773e-01 5.522622e-02 8.805753e-01
    outer loop
      vertex   -6.091342e+00 4.200000e+00 3.367042e+00
      vertex   -6.095039e+00 4.263626e+00 3.361075e+00
      vertex   -6.177785e+00 4.200000e+00 3.320837e+00
    endloop
  endfacet
  facet normal -1.175147e-01 5.373198e-01 8.351513e-01
    outer loop
      vertex   -6.017310e+00 4.462365e+00 3.314251e+00
      vertex   -5.900000e+00 4.477785e+00 3.320837e+00
      vertex   -5.928891e+00 4.511912e+00 3.294815e+00
    endloop
  endfacet
  facet normal 5.304562e-02 6.335001e-01 7.719221e-01
    outer loop
      vertex   -5.928891e+00 4.511912e+00 3.294815e+00
      vertex   -5.900000e+00 4.477785e+00 3.320837e+00
      vertex   -5.900000e+00 4.553553e+00 3.258655e+00
    endloop
  endfacet
  facet normal -9.630346e-02 6.898657e-01 7.175032e-01
    outer loop
      vertex   -5.928891e+00 4.511912e+00 3.294815e+00
      vertex   -5.900000e+00 4.553553e+00 3.258655e+00
      vertex   -5.973150e+00 4.571912e+00 3.231186e+00
    endloop
  endfacet
  facet normal -4.418417e-02 7.722555e-01 6.337737e-01
    outer loop
      vertex   -5.973150e+00 4.571912e+00 3.231186e+00
      vertex   -5.900000e+00 4.553553e+00 3.258655e+00
      vertex   -5.900000e+00 4.615735e+00 3.182887e+00
    endloop
  endfacet
  facet normal -1.223819e-01 8.201959e-01 5.588393e-01
    outer loop
      vertex   -5.973150e+00 4.571912e+00 3.231186e+00
      vertex   -5.900000e+00 4.615735e+00 3.182887e+00
      vertex   -6.014597e+00 4.617619e+00 3.155026e+00
    endloop
  endfacet
  facet normal -1.098455e-01 8.534180e-01 5.095210e-01
    outer loop
      vertex   -6.014597e+00 4.617619e+00 3.155026e+00
      vertex   -5.900000e+00 4.615735e+00 3.182887e+00
      vertex   -5.914593e+00 4.650521e+00 3.121475e+00
    endloop
  endfacet
  facet normal -1.686925e-01 9.067608e-01 3.864293e-01
    outer loop
      vertex   -6.014597e+00 4.617619e+00 3.155026e+00
      vertex   -5.914593e+00 4.650521e+00 3.121475e+00
      vertex   -5.954074e+00 4.679378e+00 3.036529e+00
    endloop
  endfacet
  facet normal -1.029530e-01 9.262778e-01 3.625053e-01
    outer loop
      vertex   -5.954074e+00 4.679378e+00 3.036529e+00
      vertex   -5.914593e+00 4.650521e+00 3.121475e+00
      vertex   -5.900000e+00 4.661940e+00 3.096444e+00
    endloop
  endfacet
  facet normal -1.304213e-02 9.568589e-01 2.902600e-01
    outer loop
      vertex   -5.954074e+00 4.679378e+00 3.036529e+00
      vertex   -5.900000e+00 4.661940e+00 3.096444e+00
      vertex   -5.900000e+00 4.690393e+00 3.002647e+00
    endloop
  endfacet
  facet normal 1.177125e-01 8.757899e-01 4.681195e-01
    outer loop
      vertex   -5.900000e+00 4.615735e+00 3.182887e+00
      vertex   -5.900000e+00 4.661940e+00 3.096444e+00
      vertex   -5.914593e+00 4.650521e+00 3.121475e+00
    endloop
  endfacet
  facet normal -1.021504e-01 9.824050e-01 1.563513e-01
    outer loop
      vertex   -5.954074e+00 4.679378e+00 3.036529e+00
      vertex   -5.900000e+00 4.690393e+00 3.002647e+00
      vertex   -5.991477e+00 4.689812e+00 2.946531e+00
    endloop
  endfacet
  facet normal -2.412362e-01 9.474502e-01 2.101027e-01
    outer loop
      vertex   -5.954074e+00 4.679378e+00 3.036529e+00
      vertex   -5.991477e+00 4.689812e+00 2.946531e+00
      vertex   -6.051641e+00 4.647277e+00 3.069262e+00
    endloop
  endfacet
  facet normal -2.412362e-01 9.474502e-01 2.101027e-01
    outer loop
      vertex   -6.051641e+00 4.647277e+00 3.069262e+00
      vertex   -5.991477e+00 4.689812e+00 2.946531e+00
      vertex   -6.082857e+00 4.659746e+00 2.977189e+00
    endloop
  endfacet
  facet normal -4.272838e-01 8.653068e-01 2.620548e-01
    outer loop
      vertex   -6.051641e+00 4.647277e+00 3.069262e+00
      vertex   -6.082857e+00 4.659746e+00 2.977189e+00
      vertex   -6.144001e+00 4.595521e+00 3.089564e+00
    endloop
  endfacet
  facet normal -4.272838e-01 8.653068e-01 2.620548e-01
    outer loop
      vertex   -6.144001e+00 4.595521e+00 3.089564e+00
      vertex   -6.082857e+00 4.659746e+00 2.977189e+00
      vertex   -6.169360e+00 4.611273e+00 2.996204e+00
    endloop
  endfacet
  facet normal -5.987092e-01 7.471347e-01 2.886815e-01
    outer loop
      vertex   -6.144001e+00 4.595521e+00 3.089564e+00
      vertex   -6.169360e+00 4.611273e+00 2.996204e+00
      vertex   -6.226641e+00 4.526641e+00 3.096444e+00
    endloop
  endfacet
  facet normal -5.987092e-01 7.471347e-01 2.886815e-01
    outer loop
      vertex   -6.226641e+00 4.526641e+00 3.096444e+00
      vertex   -6.169360e+00 4.611273e+00 2.996204e+00
      vertex   -6.246760e+00 4.546760e+00 3.002647e+00
    endloop
  endfacet
  facet normal -7.471347e-01 5.987092e-01 2.886815e-01
    outer loop
      vertex   -6.226641e+00 4.526641e+00 3.096444e+00
      vertex   -6.246760e+00 4.546760e+00 3.002647e+00
      vertex   -6.295521e+00 4.444001e+00 3.089564e+00
    endloop
  endfacet
  facet normal -1.686925e-01 9.067608e-01 3.864293e-01
    outer loop
      vertex   -5.954074e+00 4.679378e+00 3.036529e+00
      vertex   -6.051641e+00 4.647277e+00 3.069262e+00
      vertex   -6.014597e+00 4.617619e+00 3.155026e+00
    endloop
  endfacet
  facet normal -3.631319e-01 8.209122e-01 4.407247e-01
    outer loop
      vertex   -6.014597e+00 4.617619e+00 3.155026e+00
      vertex   -6.051641e+00 4.647277e+00 3.069262e+00
      vertex   -6.109265e+00 4.564570e+00 3.175836e+00
    endloop
  endfacet
  facet normal -2.852266e-01 7.453682e-01 6.025546e-01
    outer loop
      vertex   -6.014597e+00 4.617619e+00 3.155026e+00
      vertex   -6.109265e+00 4.564570e+00 3.175836e+00
      vertex   -6.066487e+00 4.519609e+00 3.251703e+00
    endloop
  endfacet
  facet normal -4.653084e-01 6.212289e-01 6.305258e-01
    outer loop
      vertex   -6.066487e+00 4.519609e+00 3.251703e+00
      vertex   -6.109265e+00 4.564570e+00 3.175836e+00
      vertex   -6.150000e+00 4.450000e+00 3.258655e+00
    endloop
  endfacet
  facet normal -3.706271e-01 5.214255e-01 7.686033e-01
    outer loop
      vertex   -6.066487e+00 4.519609e+00 3.251703e+00
      vertex   -6.150000e+00 4.450000e+00 3.258655e+00
      vertex   -6.096424e+00 4.396424e+00 3.320837e+00
    endloop
  endfacet
  facet normal -5.214255e-01 3.706271e-01 7.686033e-01
    outer loop
      vertex   -6.096424e+00 4.396424e+00 3.320837e+00
      vertex   -6.150000e+00 4.450000e+00 3.258655e+00
      vertex   -6.162365e+00 4.317310e+00 3.314251e+00
    endloop
  endfacet
  facet normal -3.631319e-01 8.209122e-01 4.407247e-01
    outer loop
      vertex   -6.109265e+00 4.564570e+00 3.175836e+00
      vertex   -6.051641e+00 4.647277e+00 3.069262e+00
      vertex   -6.144001e+00 4.595521e+00 3.089564e+00
    endloop
  endfacet
  facet normal -1.964612e-01 6.414867e-01 7.415510e-01
    outer loop
      vertex   -6.017310e+00 4.462365e+00 3.314251e+00
      vertex   -5.928891e+00 4.511912e+00 3.294815e+00
      vertex   -5.973150e+00 4.571912e+00 3.231186e+00
    endloop
  endfacet
  facet normal -1.964612e-01 6.414867e-01 7.415510e-01
    outer loop
      vertex   -6.017310e+00 4.462365e+00 3.314251e+00
      vertex   -5.973150e+00 4.571912e+00 3.231186e+00
      vertex   -6.066487e+00 4.519609e+00 3.251703e+00
    endloop
  endfacet
  facet normal -2.852266e-01 7.453682e-01 6.025546e-01
    outer loop
      vertex   -6.066487e+00 4.519609e+00 3.251703e+00
      vertex   -5.973150e+00 4.571912e+00 3.231186e+00
      vertex   -6.014597e+00 4.617619e+00 3.155026e+00
    endloop
  endfacet
  facet normal -5.422896e-01 6.974100e-01 4.685524e-01
    outer loop
      vertex   -6.109265e+00 4.564570e+00 3.175836e+00
      vertex   -6.144001e+00 4.595521e+00 3.089564e+00
      vertex   -6.193969e+00 4.493969e+00 3.182887e+00
    endloop
  endfacet
  facet normal -5.422896e-01 6.974100e-01 4.685524e-01
    outer loop
      vertex   -6.193969e+00 4.493969e+00 3.182887e+00
      vertex   -6.144001e+00 4.595521e+00 3.089564e+00
      vertex   -6.226641e+00 4.526641e+00 3.096444e+00
    endloop
  endfacet
  facet normal -6.974100e-01 5.422896e-01 4.685524e-01
    outer loop
      vertex   -6.193969e+00 4.493969e+00 3.182887e+00
      vertex   -6.226641e+00 4.526641e+00 3.096444e+00
      vertex   -6.264570e+00 4.409265e+00 3.175836e+00
    endloop
  endfacet
  facet normal -6.974100e-01 5.422896e-01 4.685524e-01
    outer loop
      vertex   -6.264570e+00 4.409265e+00 3.175836e+00
      vertex   -6.226641e+00 4.526641e+00 3.096444e+00
      vertex   -6.295521e+00 4.444001e+00 3.089564e+00
    endloop
  endfacet
  facet normal -8.209122e-01 3.631319e-01 4.407247e-01
    outer loop
      vertex   -6.264570e+00 4.409265e+00 3.175836e+00
      vertex   -6.295521e+00 4.444001e+00 3.089564e+00
      vertex   -6.317619e+00 4.314597e+00 3.155026e+00
    endloop
  endfacet
  facet normal -3.706271e-01 5.214255e-01 7.686033e-01
    outer loop
      vertex   -6.096424e+00 4.396424e+00 3.320837e+00
      vertex   -6.017310e+00 4.462365e+00 3.314251e+00
      vertex   -6.066487e+00 4.519609e+00 3.251703e+00
    endloop
  endfacet
  facet normal -1.426262e-01 2.663249e-01 9.532727e-01
    outer loop
      vertex   -5.968975e+00 4.268975e+00 3.395495e+00
      vertex   -5.907496e+00 4.320217e+00 3.390377e+00
      vertex   -5.963626e+00 4.395039e+00 3.361075e+00
    endloop
  endfacet
  facet normal -1.426262e-01 2.663249e-01 9.532727e-01
    outer loop
      vertex   -5.968975e+00 4.268975e+00 3.395495e+00
      vertex   -5.963626e+00 4.395039e+00 3.361075e+00
      vertex   -6.035299e+00 4.335299e+00 3.367042e+00
    endloop
  endfacet
  facet normal -2.663249e-01 1.426262e-01 9.532727e-01
    outer loop
      vertex   -6.095039e+00 4.263626e+00 3.361075e+00
      vertex   -6.020217e+00 4.207496e+00 3.390377e+00
      vertex   -6.035299e+00 4.335299e+00 3.367042e+00
    endloop
  endfacet
  facet normal -2.663249e-01 1.426262e-01 9.532727e-01
    outer loop
      vertex   -6.035299e+00 4.335299e+00 3.367042e+00
      vertex   -6.020217e+00 4.207496e+00 3.390377e+00
      vertex   -5.968975e+00 4.268975e+00 3.395495e+00
    endloop
  endfacet
  facet normal -6.212289e-01 4.653084e-01 6.305258e-01
    outer loop
      vertex   -6.150000e+00 4.450000e+00 3.258655e+00
      vertex   -6.193969e+00 4.493969e+00 3.182887e+00
      vertex   -6.219609e+00 4.366487e+00 3.251703e+00
    endloop
  endfacet
  facet normal -6.212289e-01 4.653084e-01 6.305258e-01
    outer loop
      vertex   -6.219609e+00 4.366487e+00 3.251703e+00
      vertex   -6.193969e+00 4.493969e+00 3.182887e+00
      vertex   -6.264570e+00 4.409265e+00 3.175836e+00
    endloop
  endfacet
  facet normal -7.453682e-01 2.852266e-01 6.025546e-01
    outer loop
      vertex   -6.219609e+00 4.366487e+00 3.251703e+00
      vertex   -6.264570e+00 4.409265e+00 3.175836e+00
      vertex   -6.271912e+00 4.273150e+00 3.231186e+00
    endloop
  endfacet
  facet normal -7.453682e-01 2.852266e-01 6.025546e-01
    outer loop
      vertex   -6.271912e+00 4.273150e+00 3.231186e+00
      vertex   -6.264570e+00 4.409265e+00 3.175836e+00
      vertex   -6.317619e+00 4.314597e+00 3.155026e+00
    endloop
  endfacet
  facet normal -4.653084e-01 6.212289e-01 6.305258e-01
    outer loop
      vertex   -6.193969e+00 4.493969e+00 3.182887e+00
      vertex   -6.150000e+00 4.450000e+00 3.258655e+00
      vertex   -6.109265e+00 4.564570e+00 3.175836e+00
    endloop
  endfacet
  facet normal -6.414867e-01 1.964612e-01 7.415510e-01
    outer loop
      vertex   -6.211912e+00 4.228891e+00 3.294815e+00
      vertex   -6.162365e+00 4.317310e+00 3.314251e+00
      vertex   -6.219609e+00 4.366487e+00 3.251703e+00
    endloop
  endfacet
  facet normal -5.214255e-01 3.706271e-01 7.686033e-01
    outer loop
      vertex   -6.219609e+00 4.366487e+00 3.251703e+00
      vertex   -6.162365e+00 4.317310e+00 3.314251e+00
      vertex   -6.150000e+00 4.450000e+00 3.258655e+00
    endloop
  endfacet
  facet normal -6.414867e-01 1.964612e-01 7.415510e-01
    outer loop
      vertex   -6.211912e+00 4.228891e+00 3.294815e+00
      vertex   -6.219609e+00 4.366487e+00 3.251703e+00
      vertex   -6.271912e+00 4.273150e+00 3.231186e+00
    endloop
  endfacet
  facet normal -8.653068e-01 4.272838e-01 2.620548e-01
    outer loop
      vertex   -6.311273e+00 4.469360e+00 2.996204e+00
      vertex   -6.359746e+00 4.382857e+00 2.977189e+00
      vertex   -6.347277e+00 4.351641e+00 3.069262e+00
    endloop
  endfacet
  facet normal -9.474502e-01 2.412362e-01 2.101027e-01
    outer loop
      vertex   -6.347277e+00 4.351641e+00 3.069262e+00
      vertex   -6.359746e+00 4.382857e+00 2.977189e+00
      vertex   -6.379378e+00 4.254074e+00 3.036529e+00
    endloop
  endfacet
  facet normal -9.067608e-01 1.686925e-01 3.864293e-01
    outer loop
      vertex   -6.347277e+00 4.351641e+00 3.069262e+00
      vertex   -6.379378e+00 4.254074e+00 3.036529e+00
      vertex   -6.350521e+00 4.214593e+00 3.121475e+00
    endloop
  endfacet
  facet normal -9.474502e-01 2.412362e-01 2.101027e-01
    outer loop
      vertex   -6.389812e+00 4.291477e+00 2.946531e+00
      vertex   -6.379378e+00 4.254074e+00 3.036529e+00
      vertex   -6.359746e+00 4.382857e+00 2.977189e+00
    endloop
  endfacet
  facet normal -9.951847e-01 0.000000e+00 9.801714e-02
    outer loop
      vertex   -6.400000e+00 4.200000e+00 2.905102e+00
      vertex   -6.400000e+00 1.200000e+00 2.905102e+00
      vertex   -6.390393e+00 2.700000e+00 3.002647e+00
    endloop
  endfacet
  facet normal -9.951847e-01 0.000000e+00 9.801714e-02
    outer loop
      vertex   -6.390393e+00 2.700000e+00 3.002647e+00
      vertex   -6.400000e+00 1.200000e+00 2.905102e+00
      vertex   -6.390393e+00 1.200000e+00 3.002647e+00
    endloop
  endfacet
  facet normal -9.569403e-01 0.000000e+00 2.902847e-01
    outer loop
      vertex   -6.390393e+00 2.700000e+00 3.002647e+00
      vertex   -6.390393e+00 1.200000e+00 3.002647e+00
      vertex   -6.361940e+00 2.700000e+00 3.096444e+00
    endloop
  endfacet
  facet normal -9.569403e-01 0.000000e+00 2.902847e-01
    outer loop
      vertex   -6.361940e+00 2.700000e+00 3.096444e+00
      vertex   -6.390393e+00 1.200000e+00 3.002647e+00
      vertex   -6.361940e+00 1.200000e+00 3.096444e+00
    endloop
  endfacet
  facet normal -8.819213e-01 0.000000e+00 4.713967e-01
    outer loop
      vertex   -6.361940e+00 2.700000e+00 3.096444e+00
      vertex   -6.361940e+00 1.200000e+00 3.096444e+00
      vertex   -6.315735e+00 2.700000e+00 3.182887e+00
    endloop
  endfacet
  facet normal -8.819213e-01 1.044405e-15 4.713967e-01
    outer loop
      vertex   -6.315735e+00 2.700000e+00 3.182887e+00
      vertex   -6.361940e+00 1.200000e+00 3.096444e+00
      vertex   -6.315735e+00 1.200000e+00 3.182887e+00
    endloop
  endfacet
  facet normal -7.730105e-01 9.154283e-16 6.343933e-01
    outer loop
      vertex   -6.315735e+00 2.700000e+00 3.182887e+00
      vertex   -6.315735e+00 1.200000e+00 3.182887e+00
      vertex   -6.253553e+00 2.700000e+00 3.258655e+00
    endloop
  endfacet
  facet normal -7.730105e-01 0.000000e+00 6.343933e-01
    outer loop
      vertex   -6.253553e+00 2.700000e+00 3.258655e+00
      vertex   -6.315735e+00 1.200000e+00 3.182887e+00
      vertex   -6.253553e+00 1.200000e+00 3.258655e+00
    endloop
  endfacet
  facet normal -6.343933e-01 0.000000e+00 7.730105e-01
    outer loop
      vertex   -6.253553e+00 2.700000e+00 3.258655e+00
      vertex   -6.253553e+00 1.200000e+00 3.258655e+00
      vertex   -6.177785e+00 2.700000e+00 3.320837e+00
    endloop
  endfacet
  facet normal -6.343933e-01 0.000000e+00 7.730105e-01
    outer loop
      vertex   -6.177785e+00 2.700000e+00 3.320837e+00
      vertex   -6.253553e+00 1.200000e+00 3.258655e+00
      vertex   -6.177785e+00 1.200000e+00 3.320837e+00
    endloop
  endfacet
  facet normal -4.713967e-01 0.000000e+00 8.819213e-01
    outer loop
      vertex   -6.177785e+00 2.700000e+00 3.320837e+00
      vertex   -6.177785e+00 1.200000e+00 3.320837e+00
      vertex   -6.091342e+00 2.700000e+00 3.367042e+00
    endloop
  endfacet
  facet normal -4.713967e-01 0.000000e+00 8.819213e-01
    outer loop
      vertex   -6.091342e+00 2.700000e+00 3.367042e+00
      vertex   -6.177785e+00 1.200000e+00 3.320837e+00
      vertex   -6.091342e+00 1.200000e+00 3.367042e+00
    endloop
  endfacet
  facet normal -2.902847e-01 0.000000e+00 9.569403e-01
    outer loop
      vertex   -6.091342e+00 2.700000e+00 3.367042e+00
      vertex   -6.091342e+00 1.200000e+00 3.367042e+00
      vertex   -5.997545e+00 2.700000e+00 3.395495e+00
    endloop
  endfacet
  facet normal -2.902847e-01 -2.833113e-16 9.569403e-01
    outer loop
      vertex   -5.997545e+00 2.700000e+00 3.395495e+00
      vertex   -6.091342e+00 1.200000e+00 3.367042e+00
      vertex   -5.997545e+00 1.200000e+00 3.395495e+00
    endloop
  endfacet
  facet normal -9.801714e-02 -2.946339e-16 9.951847e-01
    outer loop
      vertex   -5.997545e+00 2.700000e+00 3.395495e+00
      vertex   -5.997545e+00 1.200000e+00 3.395495e+00
      vertex   -5.900000e+00 1.200000e+00 3.405102e+00
    endloop
  endfacet
  facet normal -9.801714e-02 0.000000e+00 9.951847e-01
    outer loop
      vertex   -5.900000e+00 1.200000e+00 3.405102e+00
      vertex   -5.900000e+00 4.200000e+00 3.405102e+00
      vertex   -5.997545e+00 2.700000e+00 3.395495e+00
    endloop
  endfacet
  facet normal -9.801714e-02 2.946339e-16 9.951847e-01
    outer loop
      vertex   -5.997545e+00 2.700000e+00 3.395495e+00
      vertex   -5.900000e+00 4.200000e+00 3.405102e+00
      vertex   -5.997545e+00 4.200000e+00 3.395495e+00
    endloop
  endfacet
  facet normal -2.902847e-01 2.833113e-16 9.569403e-01
    outer loop
      vertex   -5.997545e+00 2.700000e+00 3.395495e+00
      vertex   -5.997545e+00 4.200000e+00 3.395495e+00
      vertex   -6.091342e+00 2.700000e+00 3.367042e+00
    endloop
  endfacet
  facet normal -2.902847e-01 0.000000e+00 9.569403e-01
    outer loop
      vertex   -6.091342e+00 2.700000e+00 3.367042e+00
      vertex   -5.997545e+00 4.200000e+00 3.395495e+00
      vertex   -6.091342e+00 4.200000e+00 3.367042e+00
    endloop
  endfacet
  facet normal -4.713967e-01 0.000000e+00 8.819213e-01
    outer loop
      vertex   -6.091342e+00 2.700000e+00 3.367042e+00
      vertex   -6.091342e+00 4.200000e+00 3.367042e+00
      vertex   -6.177785e+00 2.700000e+00 3.320837e+00
    endloop
  endfacet
  facet normal -4.713967e-01 0.000000e+00 8.819213e-01
    outer loop
      vertex   -6.177785e+00 2.700000e+00 3.320837e+00
      vertex   -6.091342e+00 4.200000e+00 3.367042e+00
      vertex   -6.177785e+00 4.200000e+00 3.320837e+00
    endloop
  endfacet
  facet normal -6.343933e-01 0.000000e+00 7.730105e-01
    outer loop
      vertex   -6.177785e+00 2.700000e+00 3.320837e+00
      vertex   -6.177785e+00 4.200000e+00 3.320837e+00
      vertex   -6.253553e+00 2.700000e+00 3.258655e+00
    endloop
  endfacet
  facet normal -6.343933e-01 0.000000e+00 7.730105e-01
    outer loop
      vertex   -6.253553e+00 2.700000e+00 3.258655e+00
      vertex   -6.177785e+00 4.200000e+00 3.320837e+00
      vertex   -6.253553e+00 4.200000e+00 3.258655e+00
    endloop
  endfacet
  facet normal -7.730105e-01 0.000000e+00 6.343933e-01
    outer loop
      vertex   -6.253553e+00 2.700000e+00 3.258655e+00
      vertex   -6.253553e+00 4.200000e+00 3.258655e+00
      vertex   -6.315735e+00 2.700000e+00 3.182887e+00
    endloop
  endfacet
  facet normal -7.730105e-01 0.000000e+00 6.343933e-01
    outer loop
      vertex   -6.315735e+00 2.700000e+00 3.182887e+00
      vertex   -6.253553e+00 4.200000e+00 3.258655e+00
      vertex   -6.315735e+00 4.200000e+00 3.182887e+00
    endloop
  endfacet
  facet normal -8.819213e-01 0.000000e+00 4.713967e-01
    outer loop
      vertex   -6.315735e+00 2.700000e+00 3.182887e+00
      vertex   -6.315735e+00 4.200000e+00 3.182887e+00
      vertex   -6.361940e+00 2.700000e+00 3.096444e+00
    endloop
  endfacet
  facet normal -8.819213e-01 0.000000e+00 4.713967e-01
    outer loop
      vertex   -6.361940e+00 2.700000e+00 3.096444e+00
      vertex   -6.315735e+00 4.200000e+00 3.182887e+00
      vertex   -6.361940e+00 4.200000e+00 3.096444e+00
    endloop
  endfacet
  facet normal -9.569403e-01 0.000000e+00 2.902847e-01
    outer loop
      vertex   -6.361940e+00 2.700000e+00 3.096444e+00
      vertex   -6.361940e+00 4.200000e+00 3.096444e+00
      vertex   -6.390393e+00 2.700000e+00 3.002647e+00
    endloop
  endfacet
  facet normal -9.569403e-01 0.000000e+00 2.902847e-01
    outer loop
      vertex   -6.390393e+00 2.700000e+00 3.002647e+00
      vertex   -6.361940e+00 4.200000e+00 3.096444e+00
      vertex   -6.390393e+00 4.200000e+00 3.002647e+00
    endloop
  endfacet
  facet normal -9.951847e-01 0.000000e+00 9.801714e-02
    outer loop
      vertex   -6.390393e+00 2.700000e+00 3.002647e+00
      vertex   -6.390393e+00 4.200000e+00 3.002647e+00
      vertex   -6.400000e+00 4.200000e+00 2.905102e+00
    endloop
  endfacet
  facet normal 0.000000e+00 9.801714e-02 9.951847e-01
    outer loop
      vertex   5.900000e+00 4.297545e+00 3.395495e+00
      vertex   3.933333e+00 4.297545e+00 3.395495e+00
      vertex   5.900000e+00 4.200000e+00 3.405102e+00
    endloop
  endfacet
  facet normal 0.000000e+00 9.801714e-02 9.951847e-01
    outer loop
      vertex   5.900000e+00 4.200000e+00 3.405102e+00
      vertex   3.933333e+00 4.297545e+00 3.395495e+00
      vertex   1.966667e+00 4.297545e+00 3.395495e+00
    endloop
  endfacet
  facet normal 0.000000e+00 9.801714e-02 9.951847e-01
    outer loop
      vertex   5.900000e+00 4.200000e+00 3.405102e+00
      vertex   1.966667e+00 4.297545e+00 3.395495e+00
      vertex   5.551115e-16 4.297545e+00 3.395495e+00
    endloop
  endfacet
  facet normal -0.000000e+00 2.902847e-01 9.569403e-01
    outer loop
      vertex   5.551115e-16 4.297545e+00 3.395495e+00
      vertex   1.966667e+00 4.297545e+00 3.395495e+00
      vertex   5.551115e-16 4.391342e+00 3.367042e+00
    endloop
  endfacet
  facet normal 0.000000e+00 2.902847e-01 9.569403e-01
    outer loop
      vertex   5.551115e-16 4.297545e+00 3.395495e+00
      vertex   5.551115e-16 4.391342e+00 3.367042e+00
      vertex   -1.966667e+00 4.391342e+00 3.367042e+00
    endloop
  endfacet
  facet normal -0.000000e+00 4.713967e-01 8.819213e-01
    outer loop
      vertex   -1.966667e+00 4.391342e+00 3.367042e+00
      vertex   5.551115e-16 4.391342e+00 3.367042e+00
      vertex   -1.966667e+00 4.477785e+00 3.320837e+00
    endloop
  endfacet
  facet normal 0.000000e+00 4.713967e-01 8.819213e-01
    outer loop
      vertex   -1.966667e+00 4.391342e+00 3.367042e+00
      vertex   -1.966667e+00 4.477785e+00 3.320837e+00
      vertex   -3.933333e+00 4.477785e+00 3.320837e+00
    endloop
  endfacet
  facet normal -0.000000e+00 6.343933e-01 7.730105e-01
    outer loop
      vertex   -3.933333e+00 4.477785e+00 3.320837e+00
      vertex   -1.966667e+00 4.477785e+00 3.320837e+00
      vertex   -3.933333e+00 4.553553e+00 3.258655e+00
    endloop
  endfacet
  facet normal 0.000000e+00 6.343933e-01 7.730105e-01
    outer loop
      vertex   -3.933333e+00 4.477785e+00 3.320837e+00
      vertex   -3.933333e+00 4.553553e+00 3.258655e+00
      vertex   -5.900000e+00 4.553553e+00 3.258655e+00
    endloop
  endfacet
  facet normal -0.000000e+00 7.730105e-01 6.343933e-01
    outer loop
      vertex   -5.900000e+00 4.553553e+00 3.258655e+00
      vertex   -3.933333e+00 4.553553e+00 3.258655e+00
      vertex   -5.900000e+00 4.615735e+00 3.182887e+00
    endloop
  endfacet
  facet normal -0.000000e+00 7.730105e-01 6.343933e-01
    outer loop
      vertex   -5.900000e+00 4.615735e+00 3.182887e+00
      vertex   -3.933333e+00 4.553553e+00 3.258655e+00
      vertex   -3.933333e+00 4.615735e+00 3.182887e+00
    endloop
  endfacet
  facet normal -0.000000e+00 8.819213e-01 4.713967e-01
    outer loop
      vertex   -5.900000e+00 4.615735e+00 3.182887e+00
      vertex   -3.933333e+00 4.615735e+00 3.182887e+00
      vertex   -5.900000e+00 4.661940e+00 3.096444e+00
    endloop
  endfacet
  facet normal -0.000000e+00 8.819213e-01 4.713967e-01
    outer loop
      vertex   -5.900000e+00 4.661940e+00 3.096444e+00
      vertex   -3.933333e+00 4.615735e+00 3.182887e+00
      vertex   -3.933333e+00 4.661940e+00 3.096444e+00
    endloop
  endfacet
  facet normal -0.000000e+00 9.569403e-01 2.902847e-01
    outer loop
      vertex   -5.900000e+00 4.661940e+00 3.096444e+00
      vertex   -3.933333e+00 4.661940e+00 3.096444e+00
      vertex   -5.900000e+00 4.690393e+00 3.002647e+00
    endloop
  endfacet
  facet normal -0.000000e+00 9.569403e-01 2.902847e-01
    outer loop
      vertex   -5.900000e+00 4.690393e+00 3.002647e+00
      vertex   -3.933333e+00 4.661940e+00 3.096444e+00
      vertex   -3.933333e+00 4.690393e+00 3.002647e+00
    endloop
  endfacet
  facet normal -0.000000e+00 9.951847e-01 9.801714e-02
    outer loop
      vertex   -5.900000e+00 4.690393e+00 3.002647e+00
      vertex   -3.933333e+00 4.690393e+00 3.002647e+00
      vertex   -5.900000e+00 4.700000e+00 2.905102e+00
    endloop
  endfacet
  facet normal 0.000000e+00 9.951847e-01 9.801714e-02
    outer loop
      vertex   -5.900000e+00 4.700000e+00 2.905102e+00
      vertex   -3.933333e+00 4.690393e+00 3.002647e+00
      vertex   -1.966667e+00 4.690393e+00 3.002647e+00
    endloop
  endfacet
  facet normal 0.000000e+00 9.951847e-01 9.801714e-02
    outer loop
      vertex   -5.900000e+00 4.700000e+00 2.905102e+00
      vertex   -1.966667e+00 4.690393e+00 3.002647e+00
      vertex   5.551115e-16 4.690393e+00 3.002647e+00
    endloop
  endfacet
  facet normal 0.000000e+00 9.569403e-01 2.902847e-01
    outer loop
      vertex   5.551115e-16 4.690393e+00 3.002647e+00
      vertex   -1.966667e+00 4.690393e+00 3.002647e+00
      vertex   5.551115e-16 4.661940e+00 3.096444e+00
    endloop
  endfacet
  facet normal 0.000000e+00 9.569403e-01 2.902847e-01
    outer loop
      vertex   5.551115e-16 4.690393e+00 3.002647e+00
      vertex   5.551115e-16 4.661940e+00 3.096444e+00
      vertex   1.966667e+00 4.661940e+00 3.096444e+00
    endloop
  endfacet
  facet normal 0.000000e+00 8.819213e-01 4.713967e-01
    outer loop
      vertex   1.966667e+00 4.661940e+00 3.096444e+00
      vertex   5.551115e-16 4.661940e+00 3.096444e+00
      vertex   1.966667e+00 4.615735e+00 3.182887e+00
    endloop
  endfacet
  facet normal 0.000000e+00 8.819213e-01 4.713967e-01
    outer loop
      vertex   1.966667e+00 4.661940e+00 3.096444e+00
      vertex   1.966667e+00 4.615735e+00 3.182887e+00
      vertex   3.933333e+00 4.615735e+00 3.182887e+00
    endloop
  endfacet
  facet normal 0.000000e+00 7.730105e-01 6.343933e-01
    outer loop
      vertex   3.933333e+00 4.615735e+00 3.182887e+00
      vertex   1.966667e+00 4.615735e+00 3.182887e+00
      vertex   3.933333e+00 4.553553e+00 3.258655e+00
    endloop
  endfacet
  facet normal 0.000000e+00 7.730105e-01 6.343933e-01
    outer loop
      vertex   3.933333e+00 4.615735e+00 3.182887e+00
      vertex   3.933333e+00 4.553553e+00 3.258655e+00
      vertex   5.900000e+00 4.553553e+00 3.258655e+00
    endloop
  endfacet
  facet normal 0.000000e+00 6.343933e-01 7.730105e-01
    outer loop
      vertex   5.900000e+00 4.553553e+00 3.258655e+00
      vertex   3.933333e+00 4.553553e+00 3.258655e+00
      vertex   5.900000e+00 4.477785e+00 3.320837e+00
    endloop
  endfacet
  facet normal 0.000000e+00 6.343933e-01 7.730105e-01
    outer loop
      vertex   5.900000e+00 4.477785e+00 3.320837e+00
      vertex   3.933333e+00 4.553553e+00 3.258655e+00
      vertex   3.933333e+00 4.477785e+00 3.320837e+00
    endloop
  endfacet
  facet normal 0.000000e+00 4.713967e-01 8.819213e-01
    outer loop
      vertex   5.900000e+00 4.477785e+00 3.320837e+00
      vertex   3.933333e+00 4.477785e+00 3.320837e+00
      vertex   5.900000e+00 4.391342e+00 3.367042e+00
    endloop
  endfacet
  facet normal 0.000000e+00 4.713967e-01 8.819213e-01
    outer loop
      vertex   5.900000e+00 4.391342e+00 3.367042e+00
      vertex   3.933333e+00 4.477785e+00 3.320837e+00
      vertex   3.933333e+00 4.391342e+00 3.367042e+00
    endloop
  endfacet
  facet normal 0.000000e+00 2.902847e-01 9.569403e-01
    outer loop
      vertex   5.900000e+00 4.391342e+00 3.367042e+00
      vertex   3.933333e+00 4.391342e+00 3.367042e+00
      vertex   5.900000e+00 4.297545e+00 3.395495e+00
    endloop
  endfacet
  facet normal 0.000000e+00 2.902847e-01 9.569403e-01
    outer loop
      vertex   5.900000e+00 4.297545e+00 3.395495e+00
      vertex   3.933333e+00 4.391342e+00 3.367042e+00
      vertex   3.933333e+00 4.297545e+00 3.395495e+00
    endloop
  endfacet
  facet normal 0.000000e+00 7.730105e-01 6.343933e-01
    outer loop
      vertex   5.900000e+00 4.553553e+00 3.258655e+00
      vertex   5.900000e+00 4.615735e+00 3.182887e+00
      vertex   3.933333e+00 4.615735e+00 3.182887e+00
    endloop
  endfacet
  facet normal -0.000000e+00 8.819213e-01 4.713967e-01
    outer loop
      vertex   3.933333e+00 4.615735e+00 3.182887e+00
      vertex   5.900000e+00 4.615735e+00 3.182887e+00
      vertex   3.933333e+00 4.661940e+00 3.096444e+00
    endloop
  endfacet
  facet normal 0.000000e+00 8.819213e-01 4.713967e-01
    outer loop
      vertex   3.933333e+00 4.615735e+00 3.182887e+00
      vertex   3.933333e+00 4.661940e+00 3.096444e+00
      vertex   1.966667e+00 4.661940e+00 3.096444e+00
    endloop
  endfacet
  facet normal -0.000000e+00 9.569403e-01 2.902847e-01
    outer loop
      vertex   1.966667e+00 4.661940e+00 3.096444e+00
      vertex   3.933333e+00 4.661940e+00 3.096444e+00
      vertex   1.966667e+00 4.690393e+00 3.002647e+00
    endloop
  endfacet
  facet normal 0.000000e+00 9.569403e-01 2.902847e-01
    outer loop
      vertex   1.966667e+00 4.661940e+00 3.096444e+00
      vertex   1.966667e+00 4.690393e+00 3.002647e+00
      vertex   5.551115e-16 4.690393e+00 3.002647e+00
    endloop
  endfacet
  facet normal -0.000000e+00 9.951847e-01 9.801714e-02
    outer loop
      vertex   5.551115e-16 4.690393e+00 3.002647e+00
      vertex   1.966667e+00 4.690393e+00 3.002647e+00
      vertex   5.900000e+00 4.700000e+00 2.905102e+00
    endloop
  endfacet
  facet normal 0.000000e+00 9.951847e-01 9.801714e-02
    outer loop
      vertex   5.551115e-16 4.690393e+00 3.002647e+00
      vertex   5.900000e+00 4.700000e+00 2.905102e+00
      vertex   -5.900000e+00 4.700000e+00 2.905102e+00
    endloop
  endfacet
  facet normal 0.000000e+00 8.819213e-01 4.713967e-01
    outer loop
      vertex   5.900000e+00 4.615735e+00 3.182887e+00
      vertex   5.900000e+00 4.661940e+00 3.096444e+00
      vertex   3.933333e+00 4.661940e+00 3.096444e+00
    endloop
  endfacet
  facet normal -0.000000e+00 9.569403e-01 2.902847e-01
    outer loop
      vertex   3.933333e+00 4.661940e+00 3.096444e+00
      vertex   5.900000e+00 4.661940e+00 3.096444e+00
      vertex   3.933333e+00 4.690393e+00 3.002647e+00
    endloop
  endfacet
  facet normal 0.000000e+00 9.569403e-01 2.902847e-01
    outer loop
      vertex   3.933333e+00 4.661940e+00 3.096444e+00
      vertex   3.933333e+00 4.690393e+00 3.002647e+00
      vertex   1.966667e+00 4.690393e+00 3.002647e+00
    endloop
  endfacet
  facet normal -0.000000e+00 9.951847e-01 9.801714e-02
    outer loop
      vertex   1.966667e+00 4.690393e+00 3.002647e+00
      vertex   3.933333e+00 4.690393e+00 3.002647e+00
      vertex   5.900000e+00 4.700000e+00 2.905102e+00
    endloop
  endfacet
  facet normal 0.000000e+00 9.569403e-01 2.902847e-01
    outer loop
      vertex   5.900000e+00 4.661940e+00 3.096444e+00
      vertex   5.900000e+00 4.690393e+00 3.002647e+00
      vertex   3.933333e+00 4.690393e+00 3.002647e+00
    endloop
  endfacet
  facet normal -0.000000e+00 9.951847e-01 9.801714e-02
    outer loop
      vertex   3.933333e+00 4.690393e+00 3.002647e+00
      vertex   5.900000e+00 4.690393e+00 3.002647e+00
      vertex   5.900000e+00 4.700000e+00 2.905102e+00
    endloop
  endfacet
  facet normal 0.000000e+00 6.343933e-01 7.730105e-01
    outer loop
      vertex   -5.900000e+00 4.553553e+00 3.258655e+00
      vertex   -5.900000e+00 4.477785e+00 3.320837e+00
      vertex   -3.933333e+00 4.477785e+00 3.320837e+00
    endloop
  endfacet
  facet normal 0.000000e+00 4.713967e-01 8.819213e-01
    outer loop
      vertex   -3.933333e+00 4.477785e+00 3.320837e+00
      vertex   -5.900000e+00 4.477785e+00 3.320837e+00
      vertex   -3.933333e+00 4.391342e+00 3.367042e+00
    endloop
  endfacet
  facet normal 0.000000e+00 4.713967e-01 8.819213e-01
    outer loop
      vertex   -3.933333e+00 4.477785e+00 3.320837e+00
      vertex   -3.933333e+00 4.391342e+00 3.367042e+00
      vertex   -1.966667e+00 4.391342e+00 3.367042e+00
    endloop
  endfacet
  facet normal 0.000000e+00 2.902847e-01 9.569403e-01
    outer loop
      vertex   -1.966667e+00 4.391342e+00 3.367042e+00
      vertex   -3.933333e+00 4.391342e+00 3.367042e+00
      vertex   -1.966667e+00 4.297545e+00 3.395495e+00
    endloop
  endfacet
  facet normal 0.000000e+00 2.902847e-01 9.569403e-01
    outer loop
      vertex   -1.966667e+00 4.391342e+00 3.367042e+00
      vertex   -1.966667e+00 4.297545e+00 3.395495e+00
      vertex   5.551115e-16 4.297545e+00 3.395495e+00
    endloop
  endfacet
  facet normal 0.000000e+00 9.801714e-02 9.951847e-01
    outer loop
      vertex   5.551115e-16 4.297545e+00 3.395495e+00
      vertex   -1.966667e+00 4.297545e+00 3.395495e+00
      vertex   -5.900000e+00 4.200000e+00 3.405102e+00
    endloop
  endfacet
  facet normal 0.000000e+00 9.801714e-02 9.951847e-01
    outer loop
      vertex   5.551115e-16 4.297545e+00 3.395495e+00
      vertex   -5.900000e+00 4.200000e+00 3.405102e+00
      vertex   5.900000e+00 4.200000e+00 3.405102e+00
    endloop
  endfacet
  facet normal 0.000000e+00 4.713967e-01 8.819213e-01
    outer loop
      vertex   -5.900000e+00 4.477785e+00 3.320837e+00
      vertex   -5.900000e+00 4.391342e+00 3.367042e+00
      vertex   -3.933333e+00 4.391342e+00 3.367042e+00
    endloop
  endfacet
  facet normal 0.000000e+00 2.902847e-01 9.569403e-01
    outer loop
      vertex   -3.933333e+00 4.391342e+00 3.367042e+00
      vertex   -5.900000e+00 4.391342e+00 3.367042e+00
      vertex   -3.933333e+00 4.297545e+00 3.395495e+00
    endloop
  endfacet
  facet normal 0.000000e+00 2.902847e-01 9.569403e-01
    outer loop
      vertex   -3.933333e+00 4.391342e+00 3.367042e+00
      vertex   -3.933333e+00 4.297545e+00 3.395495e+00
      vertex   -1.966667e+00 4.297545e+00 3.395495e+00
    endloop
  endfacet
  facet normal 0.000000e+00 9.801714e-02 9.951847e-01
    outer loop
      vertex   -1.966667e+00 4.297545e+00 3.395495e+00
      vertex   -3.933333e+00 4.297545e+00 3.395495e+00
      vertex   -5.900000e+00 4.200000e+00 3.405102e+00
    endloop
  endfacet
  facet normal 0.000000e+00 2.902847e-01 9.569403e-01
    outer loop
      vertex   -5.900000e+00 4.391342e+00 3.367042e+00
      vertex   -5.900000e+00 4.297545e+00 3.395495e+00
      vertex   -3.933333e+00 4.297545e+00 3.395495e+00
    endloop
  endfacet
  facet normal 0.000000e+00 9.801714e-02 9.951847e-01
    outer loop
      vertex   -3.933333e+00 4.297545e+00 3.395495e+00
      vertex   -5.900000e+00 4.297545e+00 3.395495e+00
      vertex   -5.900000e+00 4.200000e+00 3.405102e+00
    endloop
  endfacet
  facet normal -0.000000e+00 2.902847e-01 9.569403e-01
    outer loop
      vertex   1.966667e+00 4.297545e+00 3.395495e+00
      vertex   3.933333e+00 4.297545e+00 3.395495e+00
      vertex   1.966667e+00 4.391342e+00 3.367042e+00
    endloop
  endfacet
  facet normal -0.000000e+00 2.902847e-01 9.569403e-01
    outer loop
      vertex   1.966667e+00 4.391342e+00 3.367042e+00
      vertex   3.933333e+00 4.297545e+00 3.395495e+00
      vertex   3.933333e+00 4.391342e+00 3.367042e+00
    endloop
  endfacet
  facet normal -0.000000e+00 4.713967e-01 8.819213e-01
    outer loop
      vertex   1.966667e+00 4.391342e+00 3.367042e+00
      vertex   3.933333e+00 4.391342e+00 3.367042e+00
      vertex   1.966667e+00 4.477785e+00 3.320837e+00
    endloop
  endfacet
  facet normal -0.000000e+00 4.713967e-01 8.819213e-01
    outer loop
      vertex   1.966667e+00 4.477785e+00 3.320837e+00
      vertex   3.933333e+00 4.391342e+00 3.367042e+00
      vertex   3.933333e+00 4.477785e+00 3.320837e+00
    endloop
  endfacet
  facet normal -0.000000e+00 6.343933e-01 7.730105e-01
    outer loop
      vertex   1.966667e+00 4.477785e+00 3.320837e+00
      vertex   3.933333e+00 4.477785e+00 3.320837e+00
      vertex   1.966667e+00 4.553553e+00 3.258655e+00
    endloop
  endfacet
  facet normal -0.000000e+00 6.343933e-01 7.730105e-01
    outer loop
      vertex   1.966667e+00 4.553553e+00 3.258655e+00
      vertex   3.933333e+00 4.477785e+00 3.320837e+00
      vertex   3.933333e+00 4.553553e+00 3.258655e+00
    endloop
  endfacet
  facet normal -0.000000e+00 7.730105e-01 6.343933e-01
    outer loop
      vertex   1.966667e+00 4.553553e+00 3.258655e+00
      vertex   3.933333e+00 4.553553e+00 3.258655e+00
      vertex   1.966667e+00 4.615735e+00 3.182887e+00
    endloop
  endfacet
  facet normal 0.000000e+00 2.902847e-01 9.569403e-01
    outer loop
      vertex   1.966667e+00 4.297545e+00 3.395495e+00
      vertex   1.966667e+00 4.391342e+00 3.367042e+00
      vertex   5.551115e-16 4.391342e+00 3.367042e+00
    endloop
  endfacet
  facet normal -0.000000e+00 4.713967e-01 8.819213e-01
    outer loop
      vertex   5.551115e-16 4.391342e+00 3.367042e+00
      vertex   1.966667e+00 4.391342e+00 3.367042e+00
      vertex   5.551115e-16 4.477785e+00 3.320837e+00
    endloop
  endfacet
  facet normal 0.000000e+00 4.713967e-01 8.819213e-01
    outer loop
      vertex   5.551115e-16 4.391342e+00 3.367042e+00
      vertex   5.551115e-16 4.477785e+00 3.320837e+00
      vertex   -1.966667e+00 4.477785e+00 3.320837e+00
    endloop
  endfacet
  facet normal -0.000000e+00 6.343933e-01 7.730105e-01
    outer loop
      vertex   -1.966667e+00 4.477785e+00 3.320837e+00
      vertex   5.551115e-16 4.477785e+00 3.320837e+00
      vertex   -1.966667e+00 4.553553e+00 3.258655e+00
    endloop
  endfacet
  facet normal 0.000000e+00 6.343933e-01 7.730105e-01
    outer loop
      vertex   -1.966667e+00 4.477785e+00 3.320837e+00
      vertex   -1.966667e+00 4.553553e+00 3.258655e+00
      vertex   -3.933333e+00 4.553553e+00 3.258655e+00
    endloop
  endfacet
  facet normal -0.000000e+00 7.730105e-01 6.343933e-01
    outer loop
      vertex   -3.933333e+00 4.553553e+00 3.258655e+00
      vertex   -1.966667e+00 4.553553e+00 3.258655e+00
      vertex   -3.933333e+00 4.615735e+00 3.182887e+00
    endloop
  endfacet
  facet normal -0.000000e+00 4.713967e-01 8.819213e-01
    outer loop
      vertex   5.551115e-16 4.477785e+00 3.320837e+00
      vertex   1.966667e+00 4.391342e+00 3.367042e+00
      vertex   1.966667e+00 4.477785e+00 3.320837e+00
    endloop
  endfacet
  facet normal -0.000000e+00 6.343933e-01 7.730105e-01
    outer loop
      vertex   5.551115e-16 4.477785e+00 3.320837e+00
      vertex   1.966667e+00 4.477785e+00 3.320837e+00
      vertex   5.551115e-16 4.553553e+00 3.258655e+00
    endloop
  endfacet
  facet normal -0.000000e+00 6.343933e-01 7.730105e-01
    outer loop
      vertex   5.551115e-16 4.553553e+00 3.258655e+00
      vertex   1.966667e+00 4.477785e+00 3.320837e+00
      vertex   1.966667e+00 4.553553e+00 3.258655e+00
    endloop
  endfacet
  facet normal -0.000000e+00 7.730105e-01 6.343933e-01
    outer loop
      vertex   5.551115e-16 4.553553e+00 3.258655e+00
      vertex   1.966667e+00 4.553553e+00 3.258655e+00
      vertex   5.551115e-16 4.615735e+00 3.182887e+00
    endloop
  endfacet
  facet normal -0.000000e+00 7.730105e-01 6.343933e-01
    outer loop
      vertex   5.551115e-16 4.615735e+00 3.182887e+00
      vertex   1.966667e+00 4.553553e+00 3.258655e+00
      vertex   1.966667e+00 4.615735e+00 3.182887e+00
    endloop
  endfacet
  facet normal -0.000000e+00 8.819213e-01 4.713967e-01
    outer loop
      vertex   5.551115e-16 4.615735e+00 3.182887e+00
      vertex   1.966667e+00 4.615735e+00 3.182887e+00
      vertex   5.551115e-16 4.661940e+00 3.096444e+00
    endloop
  endfacet
  facet normal 0.000000e+00 6.343933e-01 7.730105e-01
    outer loop
      vertex   5.551115e-16 4.477785e+00 3.320837e+00
      vertex   5.551115e-16 4.553553e+00 3.258655e+00
      vertex   -1.966667e+00 4.553553e+00 3.258655e+00
    endloop
  endfacet
  facet normal -0.000000e+00 7.730105e-01 6.343933e-01
    outer loop
      vertex   -1.966667e+00 4.553553e+00 3.258655e+00
      vertex   5.551115e-16 4.553553e+00 3.258655e+00
      vertex   -1.966667e+00 4.615735e+00 3.182887e+00
    endloop
  endfacet
  facet normal 0.000000e+00 7.730105e-01 6.343933e-01
    outer loop
      vertex   -1.966667e+00 4.553553e+00 3.258655e+00
      vertex   -1.966667e+00 4.615735e+00 3.182887e+00
      vertex   -3.933333e+00 4.615735e+00 3.182887e+00
    endloop
  endfacet
  facet normal -0.000000e+00 8.819213e-01 4.713967e-01
    outer loop
      vertex   -3.933333e+00 4.615735e+00 3.182887e+00
      vertex   -1.966667e+00 4.615735e+00 3.182887e+00
      vertex   -3.933333e+00 4.661940e+00 3.096444e+00
    endloop
  endfacet
  facet normal -0.000000e+00 7.730105e-01 6.343933e-01
    outer loop
      vertex   -1.966667e+00 4.615735e+00 3.182887e+00
      vertex   5.551115e-16 4.553553e+00 3.258655e+00
      vertex   5.551115e-16 4.615735e+00 3.182887e+00
    endloop
  endfacet
  facet normal -0.000000e+00 8.819213e-01 4.713967e-01
    outer loop
      vertex   -1.966667e+00 4.615735e+00 3.182887e+00
      vertex   5.551115e-16 4.615735e+00 3.182887e+00
      vertex   -1.966667e+00 4.661940e+00 3.096444e+00
    endloop
  endfacet
  facet normal -0.000000e+00 8.819213e-01 4.713967e-01
    outer loop
      vertex   -1.966667e+00 4.661940e+00 3.096444e+00
      vertex   5.551115e-16 4.615735e+00 3.182887e+00
      vertex   5.551115e-16 4.661940e+00 3.096444e+00
    endloop
  endfacet
  facet normal -0.000000e+00 9.569403e-01 2.902847e-01
    outer loop
      vertex   -1.966667e+00 4.661940e+00 3.096444e+00
      vertex   5.551115e-16 4.661940e+00 3.096444e+00
      vertex   -1.966667e+00 4.690393e+00 3.002647e+00
    endloop
  endfacet
  facet normal 0.000000e+00 9.569403e-01 2.902847e-01
    outer loop
      vertex   -3.933333e+00 4.690393e+00 3.002647e+00
      vertex   -3.933333e+00 4.661940e+00 3.096444e+00
      vertex   -1.966667e+00 4.661940e+00 3.096444e+00
    endloop
  endfacet
  facet normal 0.000000e+00 8.819213e-01 4.713967e-01
    outer loop
      vertex   -1.966667e+00 4.661940e+00 3.096444e+00
      vertex   -3.933333e+00 4.661940e+00 3.096444e+00
      vertex   -1.966667e+00 4.615735e+00 3.182887e+00
    endloop
  endfacet
  facet normal -0.000000e+00 9.569403e-01 2.902847e-01
    outer loop
      vertex   -3.933333e+00 4.690393e+00 3.002647e+00
      vertex   -1.966667e+00 4.661940e+00 3.096444e+00
      vertex   -1.966667e+00 4.690393e+00 3.002647e+00
    endloop
  endfacet
  facet normal -9.797789e-02 9.947862e-01 -2.829848e-02
    outer loop
      vertex   -5.997545e+00 4.690393e+00 -2.611851e+00
      vertex   -5.900000e+00 4.700000e+00 -2.611851e+00
      vertex   -5.991477e+00 4.689812e+00 -2.653280e+00
    endloop
  endfacet
  facet normal -6.630076e-02 9.929950e-01 -9.780147e-02
    outer loop
      vertex   -5.991477e+00 4.689812e+00 -2.653280e+00
      vertex   -5.900000e+00 4.700000e+00 -2.611851e+00
      vertex   -5.900000e+00 4.690393e+00 -2.709396e+00
    endloop
  endfacet
  facet normal -1.021504e-01 9.824050e-01 -1.563513e-01
    outer loop
      vertex   -5.991477e+00 4.689812e+00 -2.653280e+00
      vertex   -5.900000e+00 4.690393e+00 -2.709396e+00
      vertex   -5.954074e+00 4.679378e+00 -2.743278e+00
    endloop
  endfacet
  facet normal -1.304213e-02 9.568589e-01 -2.902600e-01
    outer loop
      vertex   -5.954074e+00 4.679378e+00 -2.743278e+00
      vertex   -5.900000e+00 4.690393e+00 -2.709396e+00
      vertex   -5.900000e+00 4.661940e+00 -2.803193e+00
    endloop
  endfacet
  facet normal -1.029530e-01 9.262778e-01 -3.625053e-01
    outer loop
      vertex   -5.954074e+00 4.679378e+00 -2.743278e+00
      vertex   -5.900000e+00 4.661940e+00 -2.803193e+00
      vertex   -5.914593e+00 4.650521e+00 -2.828224e+00
    endloop
  endfacet
  facet normal 1.177125e-01 8.757899e-01 -4.681195e-01
    outer loop
      vertex   -5.914593e+00 4.650521e+00 -2.828224e+00
      vertex   -5.900000e+00 4.661940e+00 -2.803193e+00
      vertex   -5.900000e+00 4.615735e+00 -2.889636e+00
    endloop
  endfacet
  facet normal -1.098455e-01 8.534180e-01 -5.095210e-01
    outer loop
      vertex   -5.914593e+00 4.650521e+00 -2.828224e+00
      vertex   -5.900000e+00 4.615735e+00 -2.889636e+00
      vertex   -6.014597e+00 4.617619e+00 -2.861775e+00
    endloop
  endfacet
  facet normal -1.223819e-01 8.201959e-01 -5.588393e-01
    outer loop
      vertex   -6.014597e+00 4.617619e+00 -2.861775e+00
      vertex   -5.900000e+00 4.615735e+00 -2.889636e+00
      vertex   -5.973150e+00 4.571912e+00 -2.937935e+00
    endloop
  endfacet
  facet normal -2.852266e-01 7.453682e-01 -6.025546e-01
    outer loop
      vertex   -6.014597e+00 4.617619e+00 -2.861775e+00
      vertex   -5.973150e+00 4.571912e+00 -2.937935e+00
      vertex   -6.109265e+00 4.564570e+00 -2.882585e+00
    endloop
  endfacet
  facet normal -2.852266e-01 7.453682e-01 -6.025546e-01
    outer loop
      vertex   -6.109265e+00 4.564570e+00 -2.882585e+00
      vertex   -5.973150e+00 4.571912e+00 -2.937935e+00
      vertex   -6.066487e+00 4.519609e+00 -2.958452e+00
    endloop
  endfacet
  facet normal -4.653084e-01 6.212289e-01 -6.305258e-01
    outer loop
      vertex   -6.109265e+00 4.564570e+00 -2.882585e+00
      vertex   -6.066487e+00 4.519609e+00 -2.958452e+00
      vertex   -6.193969e+00 4.493969e+00 -2.889636e+00
    endloop
  endfacet
  facet normal -4.653084e-01 6.212289e-01 -6.305258e-01
    outer loop
      vertex   -6.193969e+00 4.493969e+00 -2.889636e+00
      vertex   -6.066487e+00 4.519609e+00 -2.958452e+00
      vertex   -6.150000e+00 4.450000e+00 -2.965404e+00
    endloop
  endfacet
  facet normal -6.212289e-01 4.653084e-01 -6.305258e-01
    outer loop
      vertex   -6.193969e+00 4.493969e+00 -2.889636e+00
      vertex   -6.150000e+00 4.450000e+00 -2.965404e+00
      vertex   -6.264570e+00 4.409265e+00 -2.882585e+00
    endloop
  endfacet
  facet normal -6.212289e-01 4.653084e-01 -6.305258e-01
    outer loop
      vertex   -6.264570e+00 4.409265e+00 -2.882585e+00
      vertex   -6.150000e+00 4.450000e+00 -2.965404e+00
      vertex   -6.219609e+00 4.366487e+00 -2.958452e+00
    endloop
  endfacet
  facet normal -7.453682e-01 2.852266e-01 -6.025546e-01
    outer loop
      vertex   -6.264570e+00 4.409265e+00 -2.882585e+00
      vertex   -6.219609e+00 4.366487e+00 -2.958452e+00
      vertex   -6.317619e+00 4.314597e+00 -2.861775e+00
    endloop
  endfacet
  facet normal -7.453682e-01 2.852266e-01 -6.025546e-01
    outer loop
      vertex   -6.317619e+00 4.314597e+00 -2.861775e+00
      vertex   -6.219609e+00 4.366487e+00 -2.958452e+00
      vertex   -6.271912e+00 4.273150e+00 -2.937935e+00
    endloop
  endfacet
  facet normal -8.201959e-01 1.223819e-01 -5.588393e-01
    outer loop
      vertex   -6.317619e+00 4.314597e+00 -2.861775e+00
      vertex   -6.271912e+00 4.273150e+00 -2.937935e+00
      vertex   -6.315735e+00 4.200000e+00 -2.889636e+00
    endloop
  endfacet
  facet normal -7.722555e-01 4.418417e-02 -6.337737e-01
    outer loop
      vertex   -6.315735e+00 4.200000e+00 -2.889636e+00
      vertex   -6.271912e+00 4.273150e+00 -2.937935e+00
      vertex   -6.253553e+00 4.200000e+00 -2.965404e+00
    endloop
  endfacet
  facet normal -6.898657e-01 9.630346e-02 -7.175032e-01
    outer loop
      vertex   -6.253553e+00 4.200000e+00 -2.965404e+00
      vertex   -6.271912e+00 4.273150e+00 -2.937935e+00
      vertex   -6.211912e+00 4.228891e+00 -3.001564e+00
    endloop
  endfacet
  facet normal -6.335001e-01 -5.304562e-02 -7.719221e-01
    outer loop
      vertex   -6.253553e+00 4.200000e+00 -2.965404e+00
      vertex   -6.211912e+00 4.228891e+00 -3.001564e+00
      vertex   -6.177785e+00 4.200000e+00 -3.027586e+00
    endloop
  endfacet
  facet normal -5.373198e-01 1.175147e-01 -8.351513e-01
    outer loop
      vertex   -6.177785e+00 4.200000e+00 -3.027586e+00
      vertex   -6.211912e+00 4.228891e+00 -3.001564e+00
      vertex   -6.162365e+00 4.317310e+00 -3.021000e+00
    endloop
  endfacet
  facet normal -5.041728e-01 1.143282e-01 -8.560017e-01
    outer loop
      vertex   -6.177785e+00 4.200000e+00 -3.027586e+00
      vertex   -6.162365e+00 4.317310e+00 -3.021000e+00
      vertex   -6.095039e+00 4.263626e+00 -3.067824e+00
    endloop
  endfacet
  facet normal -4.016575e-01 2.617267e-01 -8.775935e-01
    outer loop
      vertex   -6.095039e+00 4.263626e+00 -3.067824e+00
      vertex   -6.162365e+00 4.317310e+00 -3.021000e+00
      vertex   -6.035299e+00 4.335299e+00 -3.073791e+00
    endloop
  endfacet
  facet normal -2.663249e-01 1.426262e-01 -9.532727e-01
    outer loop
      vertex   -6.095039e+00 4.263626e+00 -3.067824e+00
      vertex   -6.035299e+00 4.335299e+00 -3.073791e+00
      vertex   -5.968975e+00 4.268975e+00 -3.102243e+00
    endloop
  endfacet
  facet normal -1.426262e-01 2.663249e-01 -9.532727e-01
    outer loop
      vertex   -5.968975e+00 4.268975e+00 -3.102243e+00
      vertex   -6.035299e+00 4.335299e+00 -3.073791e+00
      vertex   -5.907496e+00 4.320217e+00 -3.097126e+00
    endloop
  endfacet
  facet normal -8.040316e-02 1.941104e-01 -9.776791e-01
    outer loop
      vertex   -5.968975e+00 4.268975e+00 -3.102243e+00
      vertex   -5.907496e+00 4.320217e+00 -3.097126e+00
      vertex   -5.900000e+00 4.297545e+00 -3.102243e+00
    endloop
  endfacet
  facet normal 2.191622e-01 2.832274e-01 -9.336756e-01
    outer loop
      vertex   -5.900000e+00 4.297545e+00 -3.102243e+00
      vertex   -5.907496e+00 4.320217e+00 -3.097126e+00
      vertex   -5.900000e+00 4.391342e+00 -3.073791e+00
    endloop
  endfacet
  facet normal -7.021728e-02 3.176425e-01 -9.456071e-01
    outer loop
      vertex   -5.900000e+00 4.391342e+00 -3.073791e+00
      vertex   -5.907496e+00 4.320217e+00 -3.097126e+00
      vertex   -5.963626e+00 4.395039e+00 -3.067824e+00
    endloop
  endfacet
  facet normal -5.522622e-02 4.706773e-01 -8.805753e-01
    outer loop
      vertex   -5.900000e+00 4.391342e+00 -3.073791e+00
      vertex   -5.963626e+00 4.395039e+00 -3.067824e+00
      vertex   -5.900000e+00 4.477785e+00 -3.027586e+00
    endloop
  endfacet
  facet normal -1.143282e-01 5.041728e-01 -8.560017e-01
    outer loop
      vertex   -5.900000e+00 4.477785e+00 -3.027586e+00
      vertex   -5.963626e+00 4.395039e+00 -3.067824e+00
      vertex   -6.017310e+00 4.462365e+00 -3.021000e+00
    endloop
  endfacet
  facet normal -1.175147e-01 5.373198e-01 -8.351513e-01
    outer loop
      vertex   -5.900000e+00 4.477785e+00 -3.027586e+00
      vertex   -6.017310e+00 4.462365e+00 -3.021000e+00
      vertex   -5.928891e+00 4.511912e+00 -3.001564e+00
    endloop
  endfacet
  facet normal -1.964612e-01 6.414867e-01 -7.415510e-01
    outer loop
      vertex   -5.928891e+00 4.511912e+00 -3.001564e+00
      vertex   -6.017310e+00 4.462365e+00 -3.021000e+00
      vertex   -6.066487e+00 4.519609e+00 -2.958452e+00
    endloop
  endfacet
  facet normal -1.964612e-01 6.414867e-01 -7.415510e-01
    outer loop
      vertex   -5.928891e+00 4.511912e+00 -3.001564e+00
      vertex   -6.066487e+00 4.519609e+00 -2.958452e+00
      vertex   -5.973150e+00 4.571912e+00 -2.937935e+00
    endloop
  endfacet
  facet normal -4.418417e-02 7.722555e-01 -6.337737e-01
    outer loop
      vertex   -5.900000e+00 4.615735e+00 -2.889636e+00
      vertex   -5.900000e+00 4.553553e+00 -2.965404e+00
      vertex   -5.973150e+00 4.571912e+00 -2.937935e+00
    endloop
  endfacet
  facet normal -9.630346e-02 6.898657e-01 -7.175032e-01
    outer loop
      vertex   -5.973150e+00 4.571912e+00 -2.937935e+00
      vertex   -5.900000e+00 4.553553e+00 -2.965404e+00
      vertex   -5.928891e+00 4.511912e+00 -3.001564e+00
    endloop
  endfacet
  facet normal 5.304562e-02 6.335001e-01 -7.719221e-01
    outer loop
      vertex   -5.900000e+00 4.553553e+00 -2.965404e+00
      vertex   -5.900000e+00 4.477785e+00 -3.027586e+00
      vertex   -5.928891e+00 4.511912e+00 -3.001564e+00
    endloop
  endfacet
  facet normal -4.056661e-02 9.793646e-02 -9.943655e-01
    outer loop
      vertex   -5.900000e+00 4.297545e+00 -3.102243e+00
      vertex   -5.900000e+00 4.200000e+00 -3.111851e+00
      vertex   -5.968975e+00 4.268975e+00 -3.102243e+00
    endloop
  endfacet
  facet normal -9.793646e-02 4.056661e-02 -9.943655e-01
    outer loop
      vertex   -5.968975e+00 4.268975e+00 -3.102243e+00
      vertex   -5.900000e+00 4.200000e+00 -3.111851e+00
      vertex   -5.997545e+00 4.200000e+00 -3.102243e+00
    endloop
  endfacet
  facet normal -1.941104e-01 8.040316e-02 -9.776791e-01
    outer loop
      vertex   -5.968975e+00 4.268975e+00 -3.102243e+00
      vertex   -5.997545e+00 4.200000e+00 -3.102243e+00
      vertex   -6.020217e+00 4.207496e+00 -3.097126e+00
    endloop
  endfacet
  facet normal -2.832274e-01 -2.191622e-01 -9.336756e-01
    outer loop
      vertex   -6.020217e+00 4.207496e+00 -3.097126e+00
      vertex   -5.997545e+00 4.200000e+00 -3.102243e+00
      vertex   -6.091342e+00 4.200000e+00 -3.073791e+00
    endloop
  endfacet
  facet normal -3.176425e-01 7.021728e-02 -9.456071e-01
    outer loop
      vertex   -6.020217e+00 4.207496e+00 -3.097126e+00
      vertex   -6.091342e+00 4.200000e+00 -3.073791e+00
      vertex   -6.095039e+00 4.263626e+00 -3.067824e+00
    endloop
  endfacet
  facet normal -4.706773e-01 5.522622e-02 -8.805753e-01
    outer loop
      vertex   -6.095039e+00 4.263626e+00 -3.067824e+00
      vertex   -6.091342e+00 4.200000e+00 -3.073791e+00
      vertex   -6.177785e+00 4.200000e+00 -3.027586e+00
    endloop
  endfacet
  facet normal -8.534180e-01 1.098455e-01 -5.095210e-01
    outer loop
      vertex   -6.317619e+00 4.314597e+00 -2.861775e+00
      vertex   -6.315735e+00 4.200000e+00 -2.889636e+00
      vertex   -6.350521e+00 4.214593e+00 -2.828224e+00
    endloop
  endfacet
  facet normal -8.757899e-01 -1.177125e-01 -4.681195e-01
    outer loop
      vertex   -6.350521e+00 4.214593e+00 -2.828224e+00
      vertex   -6.315735e+00 4.200000e+00 -2.889636e+00
      vertex   -6.361940e+00 4.200000e+00 -2.803193e+00
    endloop
  endfacet
  facet normal -9.262778e-01 1.029530e-01 -3.625053e-01
    outer loop
      vertex   -6.350521e+00 4.214593e+00 -2.828224e+00
      vertex   -6.361940e+00 4.200000e+00 -2.803193e+00
      vertex   -6.379378e+00 4.254074e+00 -2.743278e+00
    endloop
  endfacet
  facet normal -9.568589e-01 1.304213e-02 -2.902600e-01
    outer loop
      vertex   -6.379378e+00 4.254074e+00 -2.743278e+00
      vertex   -6.361940e+00 4.200000e+00 -2.803193e+00
      vertex   -6.390393e+00 4.200000e+00 -2.709396e+00
    endloop
  endfacet
  facet normal -9.824050e-01 1.021504e-01 -1.563513e-01
    outer loop
      vertex   -6.379378e+00 4.254074e+00 -2.743278e+00
      vertex   -6.390393e+00 4.200000e+00 -2.709396e+00
      vertex   -6.389812e+00 4.291477e+00 -2.653280e+00
    endloop
  endfacet
  facet normal -9.929950e-01 6.630076e-02 -9.780147e-02
    outer loop
      vertex   -6.389812e+00 4.291477e+00 -2.653280e+00
      vertex   -6.390393e+00 4.200000e+00 -2.709396e+00
      vertex   -6.400000e+00 4.200000e+00 -2.611851e+00
    endloop
  endfacet
  facet normal -9.947862e-01 9.797789e-02 -2.829848e-02
    outer loop
      vertex   -6.389812e+00 4.291477e+00 -2.653280e+00
      vertex   -6.400000e+00 4.200000e+00 -2.611851e+00
      vertex   -6.390393e+00 4.297545e+00 -2.611851e+00
    endloop
  endfacet
  facet normal -9.554468e-01 2.898316e-01 -5.584827e-02
    outer loop
      vertex   -6.390393e+00 4.297545e+00 -2.611851e+00
      vertex   -6.361940e+00 4.391342e+00 -2.611851e+00
      vertex   -6.389812e+00 4.291477e+00 -2.653280e+00
    endloop
  endfacet
  facet normal -9.541188e-01 2.926238e-01 -6.347216e-02
    outer loop
      vertex   -6.389812e+00 4.291477e+00 -2.653280e+00
      vertex   -6.361940e+00 4.391342e+00 -2.611851e+00
      vertex   -6.359746e+00 4.382857e+00 -2.683938e+00
    endloop
  endfacet
  facet normal -9.474502e-01 2.412362e-01 -2.101027e-01
    outer loop
      vertex   -6.389812e+00 4.291477e+00 -2.653280e+00
      vertex   -6.359746e+00 4.382857e+00 -2.683938e+00
      vertex   -6.347277e+00 4.351641e+00 -2.776011e+00
    endloop
  endfacet
  facet normal -8.653068e-01 4.272838e-01 -2.620548e-01
    outer loop
      vertex   -6.347277e+00 4.351641e+00 -2.776011e+00
      vertex   -6.359746e+00 4.382857e+00 -2.683938e+00
      vertex   -6.295521e+00 4.444001e+00 -2.796313e+00
    endloop
  endfacet
  facet normal -8.209122e-01 3.631319e-01 -4.407247e-01
    outer loop
      vertex   -6.347277e+00 4.351641e+00 -2.776011e+00
      vertex   -6.295521e+00 4.444001e+00 -2.796313e+00
      vertex   -6.264570e+00 4.409265e+00 -2.882585e+00
    endloop
  endfacet
  facet normal -6.974100e-01 5.422896e-01 -4.685524e-01
    outer loop
      vertex   -6.264570e+00 4.409265e+00 -2.882585e+00
      vertex   -6.295521e+00 4.444001e+00 -2.796313e+00
      vertex   -6.193969e+00 4.493969e+00 -2.889636e+00
    endloop
  endfacet
  facet normal -8.789483e-01 4.698077e-01 -8.203995e-02
    outer loop
      vertex   -6.361940e+00 4.391342e+00 -2.611851e+00
      vertex   -6.315735e+00 4.477785e+00 -2.611851e+00
      vertex   -6.359746e+00 4.382857e+00 -2.683938e+00
    endloop
  endfacet
  facet normal -8.770908e-01 4.724448e-01 -8.664685e-02
    outer loop
      vertex   -6.359746e+00 4.382857e+00 -2.683938e+00
      vertex   -6.315735e+00 4.477785e+00 -2.611851e+00
      vertex   -6.311273e+00 4.469360e+00 -2.702953e+00
    endloop
  endfacet
  facet normal -8.653068e-01 4.272838e-01 -2.620548e-01
    outer loop
      vertex   -6.359746e+00 4.382857e+00 -2.683938e+00
      vertex   -6.311273e+00 4.469360e+00 -2.702953e+00
      vertex   -6.295521e+00 4.444001e+00 -2.796313e+00
    endloop
  endfacet
  facet normal -7.471347e-01 5.987092e-01 -2.886815e-01
    outer loop
      vertex   -6.295521e+00 4.444001e+00 -2.796313e+00
      vertex   -6.311273e+00 4.469360e+00 -2.702953e+00
      vertex   -6.226641e+00 4.526641e+00 -2.803193e+00
    endloop
  endfacet
  facet normal -6.974100e-01 5.422896e-01 -4.685524e-01
    outer loop
      vertex   -6.295521e+00 4.444001e+00 -2.796313e+00
      vertex   -6.226641e+00 4.526641e+00 -2.803193e+00
      vertex   -6.193969e+00 4.493969e+00 -2.889636e+00
    endloop
  endfacet
  facet normal -5.422896e-01 6.974100e-01 -4.685524e-01
    outer loop
      vertex   -6.193969e+00 4.493969e+00 -2.889636e+00
      vertex   -6.226641e+00 4.526641e+00 -2.803193e+00
      vertex   -6.109265e+00 4.564570e+00 -2.882585e+00
    endloop
  endfacet
  facet normal -7.694343e-01 6.314584e-01 -9.607893e-02
    outer loop
      vertex   -6.315735e+00 4.477785e+00 -2.611851e+00
      vertex   -6.253553e+00 4.553553e+00 -2.611851e+00
      vertex   -6.311273e+00 4.469360e+00 -2.702953e+00
    endloop
  endfacet
  facet normal -7.684710e-01 6.324032e-01 -9.756240e-02
    outer loop
      vertex   -6.311273e+00 4.469360e+00 -2.702953e+00
      vertex   -6.253553e+00 4.553553e+00 -2.611851e+00
      vertex   -6.246760e+00 4.546760e+00 -2.709396e+00
    endloop
  endfacet
  facet normal -7.471347e-01 5.987092e-01 -2.886815e-01
    outer loop
      vertex   -6.311273e+00 4.469360e+00 -2.702953e+00
      vertex   -6.246760e+00 4.546760e+00 -2.709396e+00
      vertex   -6.226641e+00 4.526641e+00 -2.803193e+00
    endloop
  endfacet
  facet normal -5.987092e-01 7.471347e-01 -2.886815e-01
    outer loop
      vertex   -6.226641e+00 4.526641e+00 -2.803193e+00
      vertex   -6.246760e+00 4.546760e+00 -2.709396e+00
      vertex   -6.144001e+00 4.595521e+00 -2.796313e+00
    endloop
  endfacet
  facet normal -5.422896e-01 6.974100e-01 -4.685524e-01
    outer loop
      vertex   -6.226641e+00 4.526641e+00 -2.803193e+00
      vertex   -6.144001e+00 4.595521e+00 -2.796313e+00
      vertex   -6.109265e+00 4.564570e+00 -2.882585e+00
    endloop
  endfacet
  facet normal -3.631319e-01 8.209122e-01 -4.407247e-01
    outer loop
      vertex   -6.109265e+00 4.564570e+00 -2.882585e+00
      vertex   -6.144001e+00 4.595521e+00 -2.796313e+00
      vertex   -6.014597e+00 4.617619e+00 -2.861775e+00
    endloop
  endfacet
  facet normal -6.324032e-01 7.684710e-01 -9.756240e-02
    outer loop
      vertex   -6.246760e+00 4.546760e+00 -2.709396e+00
      vertex   -6.253553e+00 4.553553e+00 -2.611851e+00
      vertex   -6.169360e+00 4.611273e+00 -2.702953e+00
    endloop
  endfacet
  facet normal -6.314584e-01 7.694343e-01 -9.607893e-02
    outer loop
      vertex   -6.169360e+00 4.611273e+00 -2.702953e+00
      vertex   -6.253553e+00 4.553553e+00 -2.611851e+00
      vertex   -6.177785e+00 4.615735e+00 -2.611851e+00
    endloop
  endfacet
  facet normal -4.724448e-01 8.770908e-01 -8.664685e-02
    outer loop
      vertex   -6.169360e+00 4.611273e+00 -2.702953e+00
      vertex   -6.177785e+00 4.615735e+00 -2.611851e+00
      vertex   -6.082857e+00 4.659746e+00 -2.683938e+00
    endloop
  endfacet
  facet normal -4.698077e-01 8.789483e-01 -8.203995e-02
    outer loop
      vertex   -6.082857e+00 4.659746e+00 -2.683938e+00
      vertex   -6.177785e+00 4.615735e+00 -2.611851e+00
      vertex   -6.091342e+00 4.661940e+00 -2.611851e+00
    endloop
  endfacet
  facet normal -2.926238e-01 9.541188e-01 -6.347216e-02
    outer loop
      vertex   -6.082857e+00 4.659746e+00 -2.683938e+00
      vertex   -6.091342e+00 4.661940e+00 -2.611851e+00
      vertex   -5.991477e+00 4.689812e+00 -2.653280e+00
    endloop
  endfacet
  facet normal -2.898316e-01 9.554468e-01 -5.584827e-02
    outer loop
      vertex   -5.991477e+00 4.689812e+00 -2.653280e+00
      vertex   -6.091342e+00 4.661940e+00 -2.611851e+00
      vertex   -5.997545e+00 4.690393e+00 -2.611851e+00
    endloop
  endfacet
  facet normal -2.412362e-01 9.474502e-01 -2.101027e-01
    outer loop
      vertex   -6.082857e+00 4.659746e+00 -2.683938e+00
      vertex   -5.991477e+00 4.689812e+00 -2.653280e+00
      vertex   -5.954074e+00 4.679378e+00 -2.743278e+00
    endloop
  endfacet
  facet normal -1.686925e-01 9.067608e-01 -3.864293e-01
    outer loop
      vertex   -5.954074e+00 4.679378e+00 -2.743278e+00
      vertex   -5.914593e+00 4.650521e+00 -2.828224e+00
      vertex   -6.051641e+00 4.647277e+00 -2.776011e+00
    endloop
  endfacet
  facet normal -1.686925e-01 9.067608e-01 -3.864293e-01
    outer loop
      vertex   -6.051641e+00 4.647277e+00 -2.776011e+00
      vertex   -5.914593e+00 4.650521e+00 -2.828224e+00
      vertex   -6.014597e+00 4.617619e+00 -2.861775e+00
    endloop
  endfacet
  facet normal -3.631319e-01 8.209122e-01 -4.407247e-01
    outer loop
      vertex   -6.051641e+00 4.647277e+00 -2.776011e+00
      vertex   -6.014597e+00 4.617619e+00 -2.861775e+00
      vertex   -6.144001e+00 4.595521e+00 -2.796313e+00
    endloop
  endfacet
  facet normal -4.272838e-01 8.653068e-01 -2.620548e-01
    outer loop
      vertex   -6.169360e+00 4.611273e+00 -2.702953e+00
      vertex   -6.082857e+00 4.659746e+00 -2.683938e+00
      vertex   -6.051641e+00 4.647277e+00 -2.776011e+00
    endloop
  endfacet
  facet normal -2.412362e-01 9.474502e-01 -2.101027e-01
    outer loop
      vertex   -6.051641e+00 4.647277e+00 -2.776011e+00
      vertex   -6.082857e+00 4.659746e+00 -2.683938e+00
      vertex   -5.954074e+00 4.679378e+00 -2.743278e+00
    endloop
  endfacet
  facet normal -4.272838e-01 8.653068e-01 -2.620548e-01
    outer loop
      vertex   -6.169360e+00 4.611273e+00 -2.702953e+00
      vertex   -6.051641e+00 4.647277e+00 -2.776011e+00
      vertex   -6.144001e+00 4.595521e+00 -2.796313e+00
    endloop
  endfacet
  facet normal -1.426262e-01 2.663249e-01 -9.532727e-01
    outer loop
      vertex   -5.907496e+00 4.320217e+00 -3.097126e+00
      vertex   -6.035299e+00 4.335299e+00 -3.073791e+00
      vertex   -5.963626e+00 4.395039e+00 -3.067824e+00
    endloop
  endfacet
  facet normal -2.617267e-01 4.016575e-01 -8.775935e-01
    outer loop
      vertex   -5.963626e+00 4.395039e+00 -3.067824e+00
      vertex   -6.035299e+00 4.335299e+00 -3.073791e+00
      vertex   -6.096424e+00 4.396424e+00 -3.027586e+00
    endloop
  endfacet
  facet normal -2.617267e-01 4.016575e-01 -8.775935e-01
    outer loop
      vertex   -5.963626e+00 4.395039e+00 -3.067824e+00
      vertex   -6.096424e+00 4.396424e+00 -3.027586e+00
      vertex   -6.017310e+00 4.462365e+00 -3.021000e+00
    endloop
  endfacet
  facet normal -3.706271e-01 5.214255e-01 -7.686033e-01
    outer loop
      vertex   -6.017310e+00 4.462365e+00 -3.021000e+00
      vertex   -6.096424e+00 4.396424e+00 -3.027586e+00
      vertex   -6.150000e+00 4.450000e+00 -2.965404e+00
    endloop
  endfacet
  facet normal -3.706271e-01 5.214255e-01 -7.686033e-01
    outer loop
      vertex   -6.017310e+00 4.462365e+00 -3.021000e+00
      vertex   -6.150000e+00 4.450000e+00 -2.965404e+00
      vertex   -6.066487e+00 4.519609e+00 -2.958452e+00
    endloop
  endfacet
  facet normal -5.987092e-01 7.471347e-01 -2.886815e-01
    outer loop
      vertex   -6.246760e+00 4.546760e+00 -2.709396e+00
      vertex   -6.169360e+00 4.611273e+00 -2.702953e+00
      vertex   -6.144001e+00 4.595521e+00 -2.796313e+00
    endloop
  endfacet
  facet normal -2.663249e-01 1.426262e-01 -9.532727e-01
    outer loop
      vertex   -6.020217e+00 4.207496e+00 -3.097126e+00
      vertex   -6.095039e+00 4.263626e+00 -3.067824e+00
      vertex   -5.968975e+00 4.268975e+00 -3.102243e+00
    endloop
  endfacet
  facet normal -5.214255e-01 3.706271e-01 -7.686033e-01
    outer loop
      vertex   -6.219609e+00 4.366487e+00 -2.958452e+00
      vertex   -6.150000e+00 4.450000e+00 -2.965404e+00
      vertex   -6.096424e+00 4.396424e+00 -3.027586e+00
    endloop
  endfacet
  facet normal -5.214255e-01 3.706271e-01 -7.686033e-01
    outer loop
      vertex   -6.219609e+00 4.366487e+00 -2.958452e+00
      vertex   -6.096424e+00 4.396424e+00 -3.027586e+00
      vertex   -6.162365e+00 4.317310e+00 -3.021000e+00
    endloop
  endfacet
  facet normal -4.016575e-01 2.617267e-01 -8.775935e-01
    outer loop
      vertex   -6.162365e+00 4.317310e+00 -3.021000e+00
      vertex   -6.096424e+00 4.396424e+00 -3.027586e+00
      vertex   -6.035299e+00 4.335299e+00 -3.073791e+00
    endloop
  endfacet
  facet normal -6.414867e-01 1.964612e-01 -7.415510e-01
    outer loop
      vertex   -6.271912e+00 4.273150e+00 -2.937935e+00
      vertex   -6.219609e+00 4.366487e+00 -2.958452e+00
      vertex   -6.162365e+00 4.317310e+00 -3.021000e+00
    endloop
  endfacet
  facet normal -6.414867e-01 1.964612e-01 -7.415510e-01
    outer loop
      vertex   -6.211912e+00 4.228891e+00 -3.001564e+00
      vertex   -6.271912e+00 4.273150e+00 -2.937935e+00
      vertex   -6.162365e+00 4.317310e+00 -3.021000e+00
    endloop
  endfacet
  facet normal -8.209122e-01 3.631319e-01 -4.407247e-01
    outer loop
      vertex   -6.347277e+00 4.351641e+00 -2.776011e+00
      vertex   -6.264570e+00 4.409265e+00 -2.882585e+00
      vertex   -6.317619e+00 4.314597e+00 -2.861775e+00
    endloop
  endfacet
  facet normal -9.067608e-01 1.686925e-01 -3.864293e-01
    outer loop
      vertex   -6.350521e+00 4.214593e+00 -2.828224e+00
      vertex   -6.379378e+00 4.254074e+00 -2.743278e+00
      vertex   -6.317619e+00 4.314597e+00 -2.861775e+00
    endloop
  endfacet
  facet normal -9.067608e-01 1.686925e-01 -3.864293e-01
    outer loop
      vertex   -6.317619e+00 4.314597e+00 -2.861775e+00
      vertex   -6.379378e+00 4.254074e+00 -2.743278e+00
      vertex   -6.347277e+00 4.351641e+00 -2.776011e+00
    endloop
  endfacet
  facet normal -9.474502e-01 2.412362e-01 -2.101027e-01
    outer loop
      vertex   -6.379378e+00 4.254074e+00 -2.743278e+00
      vertex   -6.389812e+00 4.291477e+00 -2.653280e+00
      vertex   -6.347277e+00 4.351641e+00 -2.776011e+00
    endloop
  endfacet
  facet normal -9.801714e-02 -0.000000e+00 -9.951847e-01
    outer loop
      vertex   -5.900000e+00 4.200000e+00 -3.111851e+00
      vertex   -5.900000e+00 1.200000e+00 -3.111851e+00
      vertex   -5.997545e+00 2.700000e+00 -3.102243e+00
    endloop
  endfacet
  facet normal -9.801714e-02 -0.000000e+00 -9.951847e-01
    outer loop
      vertex   -5.997545e+00 2.700000e+00 -3.102243e+00
      vertex   -5.900000e+00 1.200000e+00 -3.111851e+00
      vertex   -5.997545e+00 1.200000e+00 -3.102243e+00
    endloop
  endfacet
  facet normal -2.902847e-01 -0.000000e+00 -9.569403e-01
    outer loop
      vertex   -5.997545e+00 2.700000e+00 -3.102243e+00
      vertex   -5.997545e+00 1.200000e+00 -3.102243e+00
      vertex   -6.091342e+00 2.700000e+00 -3.073791e+00
    endloop
  endfacet
  facet normal -2.902847e-01 -0.000000e+00 -9.569403e-01
    outer loop
      vertex   -6.091342e+00 2.700000e+00 -3.073791e+00
      vertex   -5.997545e+00 1.200000e+00 -3.102243e+00
      vertex   -6.091342e+00 1.200000e+00 -3.073791e+00
    endloop
  endfacet
  facet normal -4.713967e-01 -0.000000e+00 -8.819213e-01
    outer loop
      vertex   -6.091342e+00 2.700000e+00 -3.073791e+00
      vertex   -6.091342e+00 1.200000e+00 -3.073791e+00
      vertex   -6.177785e+00 2.700000e+00 -3.027586e+00
    endloop
  endfacet
  facet normal -4.713967e-01 -0.000000e+00 -8.819213e-01
    outer loop
      vertex   -6.177785e+00 2.700000e+00 -3.027586e+00
      vertex   -6.091342e+00 1.200000e+00 -3.073791e+00
      vertex   -6.177785e+00 1.200000e+00 -3.027586e+00
    endloop
  endfacet
  facet normal -6.343933e-01 -0.000000e+00 -7.730105e-01
    outer loop
      vertex   -6.177785e+00 2.700000e+00 -3.027586e+00
      vertex   -6.177785e+00 1.200000e+00 -3.027586e+00
      vertex   -6.253553e+00 2.700000e+00 -2.965404e+00
    endloop
  endfacet
  facet normal -6.343933e-01 2.288571e-16 -7.730105e-01
    outer loop
      vertex   -6.253553e+00 2.700000e+00 -2.965404e+00
      vertex   -6.177785e+00 1.200000e+00 -3.027586e+00
      vertex   -6.253553e+00 1.200000e+00 -2.965404e+00
    endloop
  endfacet
  facet normal -7.730105e-01 1.878181e-16 -6.343933e-01
    outer loop
      vertex   -6.253553e+00 2.700000e+00 -2.965404e+00
      vertex   -6.253553e+00 1.200000e+00 -2.965404e+00
      vertex   -6.315735e+00 2.700000e+00 -2.889636e+00
    endloop
  endfacet
  facet normal -7.730105e-01 -0.000000e+00 -6.343933e-01
    outer loop
      vertex   -6.315735e+00 2.700000e+00 -2.889636e+00
      vertex   -6.253553e+00 1.200000e+00 -2.965404e+00
      vertex   -6.315735e+00 1.200000e+00 -2.889636e+00
    endloop
  endfacet
  facet normal -8.819213e-01 -0.000000e+00 -4.713967e-01
    outer loop
      vertex   -6.315735e+00 2.700000e+00 -2.889636e+00
      vertex   -6.315735e+00 1.200000e+00 -2.889636e+00
      vertex   -6.361940e+00 2.700000e+00 -2.803193e+00
    endloop
  endfacet
  facet normal -8.819213e-01 -5.222023e-16 -4.713967e-01
    outer loop
      vertex   -6.361940e+00 2.700000e+00 -2.803193e+00
      vertex   -6.315735e+00 1.200000e+00 -2.889636e+00
      vertex   -6.361940e+00 1.200000e+00 -2.803193e+00
    endloop
  endfacet
  facet normal -9.569403e-01 -5.666225e-16 -2.902847e-01
    outer loop
      vertex   -6.361940e+00 2.700000e+00 -2.803193e+00
      vertex   -6.361940e+00 1.200000e+00 -2.803193e+00
      vertex   -6.390393e+00 2.700000e+00 -2.709396e+00
    endloop
  endfacet
  facet normal -9.569403e-01 -0.000000e+00 -2.902847e-01
    outer loop
      vertex   -6.390393e+00 2.700000e+00 -2.709396e+00
      vertex   -6.361940e+00 1.200000e+00 -2.803193e+00
      vertex   -6.390393e+00 1.200000e+00 -2.709396e+00
    endloop
  endfacet
  facet normal -9.951847e-01 -0.000000e+00 -9.801714e-02
    outer loop
      vertex   -6.390393e+00 2.700000e+00 -2.709396e+00
      vertex   -6.390393e+00 1.200000e+00 -2.709396e+00
      vertex   -6.400000e+00 1.200000e+00 -2.611851e+00
    endloop
  endfacet
  facet normal -9.951847e-01 0.000000e+00 -9.801714e-02
    outer loop
      vertex   -6.400000e+00 1.200000e+00 -2.611851e+00
      vertex   -6.400000e+00 4.200000e+00 -2.611851e+00
      vertex   -6.390393e+00 2.700000e+00 -2.709396e+00
    endloop
  endfacet
  facet normal -9.951847e-01 0.000000e+00 -9.801714e-02
    outer loop
      vertex   -6.390393e+00 2.700000e+00 -2.709396e+00
      vertex   -6.400000e+00 4.200000e+00 -2.611851e+00
      vertex   -6.390393e+00 4.200000e+00 -2.709396e+00
    endloop
  endfacet
  facet normal -9.569403e-01 0.000000e+00 -2.902847e-01
    outer loop
      vertex   -6.390393e+00 2.700000e+00 -2.709396e+00
      vertex   -6.390393e+00 4.200000e+00 -2.709396e+00
      vertex   -6.361940e+00 2.700000e+00 -2.803193e+00
    endloop
  endfacet
  facet normal -9.569403e-01 0.000000e+00 -2.902847e-01
    outer loop
      vertex   -6.361940e+00 2.700000e+00 -2.803193e+00
      vertex   -6.390393e+00 4.200000e+00 -2.709396e+00
      vertex   -6.361940e+00 4.200000e+00 -2.803193e+00
    endloop
  endfacet
  facet normal -8.819213e-01 0.000000e+00 -4.713967e-01
    outer loop
      vertex   -6.361940e+00 2.700000e+00 -2.803193e+00
      vertex   -6.361940e+00 4.200000e+00 -2.803193e+00
      vertex   -6.315735e+00 2.700000e+00 -2.889636e+00
    endloop
  endfacet
  facet normal -8.819213e-01 -1.044405e-15 -4.713967e-01
    outer loop
      vertex   -6.315735e+00 2.700000e+00 -2.889636e+00
      vertex   -6.361940e+00 4.200000e+00 -2.803193e+00
      vertex   -6.315735e+00 4.200000e+00 -2.889636e+00
    endloop
  endfacet
  facet normal -7.730105e-01 -9.154283e-16 -6.343933e-01
    outer loop
      vertex   -6.315735e+00 2.700000e+00 -2.889636e+00
      vertex   -6.315735e+00 4.200000e+00 -2.889636e+00
      vertex   -6.253553e+00 2.700000e+00 -2.965404e+00
    endloop
  endfacet
  facet normal -7.730105e-01 -1.878181e-16 -6.343933e-01
    outer loop
      vertex   -6.253553e+00 2.700000e+00 -2.965404e+00
      vertex   -6.315735e+00 4.200000e+00 -2.889636e+00
      vertex   -6.253553e+00 4.200000e+00 -2.965404e+00
    endloop
  endfacet
  facet normal -6.343933e-01 -2.288571e-16 -7.730105e-01
    outer loop
      vertex   -6.253553e+00 2.700000e+00 -2.965404e+00
      vertex   -6.253553e+00 4.200000e+00 -2.965404e+00
      vertex   -6.177785e+00 2.700000e+00 -3.027586e+00
    endloop
  endfacet
  facet normal -6.343933e-01 0.000000e+00 -7.730105e-01
    outer loop
      vertex   -6.177785e+00 2.700000e+00 -3.027586e+00
      vertex   -6.253553e+00 4.200000e+00 -2.965404e+00
      vertex   -6.177785e+00 4.200000e+00 -3.027586e+00
    endloop
  endfacet
  facet normal -4.713967e-01 0.000000e+00 -8.819213e-01
    outer loop
      vertex   -6.177785e+00 2.700000e+00 -3.027586e+00
      vertex   -6.177785e+00 4.200000e+00 -3.027586e+00
      vertex   -6.091342e+00 2.700000e+00 -3.073791e+00
    endloop
  endfacet
  facet normal -4.713967e-01 -2.611011e-16 -8.819213e-01
    outer loop
      vertex   -6.091342e+00 2.700000e+00 -3.073791e+00
      vertex   -6.177785e+00 4.200000e+00 -3.027586e+00
      vertex   -6.091342e+00 4.200000e+00 -3.073791e+00
    endloop
  endfacet
  facet normal -2.902847e-01 -2.833113e-16 -9.569403e-01
    outer loop
      vertex   -6.091342e+00 2.700000e+00 -3.073791e+00
      vertex   -6.091342e+00 4.200000e+00 -3.073791e+00
      vertex   -5.997545e+00 2.700000e+00 -3.102243e+00
    endloop
  endfacet
  facet normal -2.902847e-01 -7.385056e-16 -9.569403e-01
    outer loop
      vertex   -5.997545e+00 2.700000e+00 -3.102243e+00
      vertex   -6.091342e+00 4.200000e+00 -3.073791e+00
      vertex   -5.997545e+00 4.200000e+00 -3.102243e+00
    endloop
  endfacet
  facet normal -9.801714e-02 -6.473055e-16 -9.951847e-01
    outer loop
      vertex   -5.997545e+00 2.700000e+00 -3.102243e+00
      vertex   -5.997545e+00 4.200000e+00 -3.102243e+00
      vertex   -5.900000e+00 4.200000e+00 -3.111851e+00
    endloop
  endfacet
  facet normal -9.951847e-01 9.801714e-02 0.000000e+00
    outer loop
      vertex   -6.390393e+00 4.297545e+00 2.905102e+00
      vertex   -6.390393e+00 4.297545e+00 1.066118e+00
      vertex   -6.400000e+00 4.200000e+00 2.905102e+00
    endloop
  endfacet
  facet normal -9.951847e-01 9.801714e-02 0.000000e+00
    outer loop
      vertex   -6.400000e+00 4.200000e+00 2.905102e+00
      vertex   -6.390393e+00 4.297545e+00 1.066118e+00
      vertex   -6.390393e+00 4.297545e+00 -7.728666e-01
    endloop
  endfacet
  facet normal -9.951847e-01 9.801714e-02 0.000000e+00
    outer loop
      vertex   -6.400000e+00 4.200000e+00 2.905102e+00
      vertex   -6.390393e+00 4.297545e+00 -7.728666e-01
      vertex   -6.400000e+00 4.200000e+00 -2.611851e+00
    endloop
  endfacet
  facet normal -9.951847e-01 9.801714e-02 0.000000e+00
    outer loop
      vertex   -6.400000e+00 4.200000e+00 -2.611851e+00
      vertex   -6.390393e+00 4.297545e+00 -7.728666e-01
      vertex   -6.390393e+00 4.297545e+00 -2.611851e+00
    endloop
  endfacet
  facet normal -9.569403e-01 2.902847e-01 0.000000e+00
    outer loop
      vertex   -6.390393e+00 4.297545e+00 -2.611851e+00
      vertex   -6.390393e+00 4.297545e+00 -7.728666e-01
      vertex   -6.361940e+00 4.391342e+00 -2.611851e+00
    endloop
  endfacet
  facet normal -9.569403e-01 2.902847e-01 0.000000e+00
    outer loop
      vertex   -6.361940e+00 4.391342e+00 -2.611851e+00
      vertex   -6.390393e+00 4.297545e+00 -7.728666e-01
      vertex   -6.361940e+00 4.391342e+00 -7.728666e-01
    endloop
  endfacet
  facet normal -8.819213e-01 4.713967e-01 0.000000e+00
    outer loop
      vertex   -6.361940e+00 4.391342e+00 -2.611851e+00
      vertex   -6.361940e+00 4.391342e+00 -7.728666e-01
      vertex   -6.315735e+00 4.477785e+00 -2.611851e+00
    endloop
  endfacet
  facet normal -8.819213e-01 4.713967e-01 0.000000e+00
    outer loop
      vertex   -6.315735e+00 4.477785e+00 -2.611851e+00
      vertex   -6.361940e+00 4.391342e+00 -7.728666e-01
      vertex   -6.315735e+00 4.477785e+00 -7.728666e-01
    endloop
  endfacet
  facet normal -7.730105e-01 6.343933e-01 0.000000e+00
    outer loop
      vertex   -6.315735e+00 4.477785e+00 -2.611851e+00
      vertex   -6.315735e+00 4.477785e+00 -7.728666e-01
      vertex   -6.253553e+00 4.553553e+00 -2.611851e+00
    endloop
  endfacet
  facet normal -7.730105e-01 6.343933e-01 0.000000e+00
    outer loop
      vertex   -6.253553e+00 4.553553e+00 -2.611851e+00
      vertex   -6.315735e+00 4.477785e+00 -7.728666e-01
      vertex   -6.253553e+00 4.553553e+00 -7.728666e-01
    endloop
  endfacet
  facet normal -6.343933e-01 7.730105e-01 0.000000e+00
    outer loop
      vertex   -6.253553e+00 4.553553e+00 -2.611851e+00
      vertex   -6.253553e+00 4.553553e+00 -7.728666e-01
      vertex   -6.177785e+00 4.615735e+00 -2.611851e+00
    endloop
  endfacet
  facet normal -6.343933e-01 7.730105e-01 -3.733426e-16
    outer loop
      vertex   -6.177785e+00 4.615735e+00 -2.611851e+00
      vertex   -6.253553e+00 4.553553e+00 -7.728666e-01
      vertex   -6.177785e+00 4.615735e+00 -7.728666e-01
    endloop
  endfacet
  facet normal -4.713967e-01 8.819213e-01 -4.259435e-16
    outer loop
      vertex   -6.177785e+00 4.615735e+00 -2.611851e+00
      vertex   -6.177785e+00 4.615735e+00 -7.728666e-01
      vertex   -6.091342e+00 4.661940e+00 -2.611851e+00
    endloop
  endfacet
  facet normal -4.713967e-01 8.819213e-01 0.000000e+00
    outer loop
      vertex   -6.091342e+00 4.661940e+00 -2.611851e+00
      vertex   -6.177785e+00 4.615735e+00 -7.728666e-01
      vertex   -6.091342e+00 4.661940e+00 -7.728666e-01
    endloop
  endfacet
  facet normal -2.902847e-01 9.569403e-01 0.000000e+00
    outer loop
      vertex   -6.091342e+00 4.661940e+00 -2.611851e+00
      vertex   -6.091342e+00 4.661940e+00 -7.728666e-01
      vertex   -5.997545e+00 4.690393e+00 -2.611851e+00
    endloop
  endfacet
  facet normal -2.902847e-01 9.569403e-01 0.000000e+00
    outer loop
      vertex   -5.997545e+00 4.690393e+00 -2.611851e+00
      vertex   -6.091342e+00 4.661940e+00 -7.728666e-01
      vertex   -5.997545e+00 4.690393e+00 -7.728666e-01
    endloop
  endfacet
  facet normal -9.801714e-02 9.951847e-01 0.000000e+00
    outer loop
      vertex   -5.997545e+00 4.690393e+00 -2.611851e+00
      vertex   -5.997545e+00 4.690393e+00 -7.728666e-01
      vertex   -5.900000e+00 4.700000e+00 -2.611851e+00
    endloop
  endfacet
  facet normal -9.801714e-02 9.951847e-01 -4.751791e-17
    outer loop
      vertex   -5.900000e+00 4.700000e+00 -2.611851e+00
      vertex   -5.997545e+00 4.690393e+00 -7.728666e-01
      vertex   -5.997545e+00 4.690393e+00 1.066118e+00
    endloop
  endfacet
  facet normal -9.801714e-02 9.951847e-01 0.000000e+00
    outer loop
      vertex   -5.900000e+00 4.700000e+00 -2.611851e+00
      vertex   -5.997545e+00 4.690393e+00 1.066118e+00
      vertex   -5.900000e+00 4.700000e+00 2.905102e+00
    endloop
  endfacet
  facet normal -9.801714e-02 9.951847e-01 -4.805925e-16
    outer loop
      vertex   -5.900000e+00 4.700000e+00 2.905102e+00
      vertex   -5.997545e+00 4.690393e+00 1.066118e+00
      vertex   -5.997545e+00 4.690393e+00 2.905102e+00
    endloop
  endfacet
  facet normal -2.902847e-01 9.569403e-01 -4.621757e-16
    outer loop
      vertex   -5.997545e+00 4.690393e+00 2.905102e+00
      vertex   -5.997545e+00 4.690393e+00 1.066118e+00
      vertex   -6.091342e+00 4.661940e+00 2.905102e+00
    endloop
  endfacet
  facet normal -2.902847e-01 9.569403e-01 0.000000e+00
    outer loop
      vertex   -6.091342e+00 4.661940e+00 2.905102e+00
      vertex   -5.997545e+00 4.690393e+00 1.066118e+00
      vertex   -6.091342e+00 4.661940e+00 1.066118e+00
    endloop
  endfacet
  facet normal -4.713967e-01 8.819213e-01 0.000000e+00
    outer loop
      vertex   -6.091342e+00 4.661940e+00 2.905102e+00
      vertex   -6.091342e+00 4.661940e+00 1.066118e+00
      vertex   -6.177785e+00 4.615735e+00 2.905102e+00
    endloop
  endfacet
  facet normal -4.713967e-01 8.819213e-01 0.000000e+00
    outer loop
      vertex   -6.177785e+00 4.615735e+00 2.905102e+00
      vertex   -6.091342e+00 4.661940e+00 1.066118e+00
      vertex   -6.177785e+00 4.615735e+00 1.066118e+00
    endloop
  endfacet
  facet normal -6.343933e-01 7.730105e-01 0.000000e+00
    outer loop
      vertex   -6.177785e+00 4.615735e+00 2.905102e+00
      vertex   -6.177785e+00 4.615735e+00 1.066118e+00
      vertex   -6.253553e+00 4.553553e+00 2.905102e+00
    endloop
  endfacet
  facet normal -6.343933e-01 7.730105e-01 0.000000e+00
    outer loop
      vertex   -6.253553e+00 4.553553e+00 2.905102e+00
      vertex   -6.177785e+00 4.615735e+00 1.066118e+00
      vertex   -6.253553e+00 4.553553e+00 1.066118e+00
    endloop
  endfacet
  facet normal -7.730105e-01 6.343933e-01 0.000000e+00
    outer loop
      vertex   -6.253553e+00 4.553553e+00 2.905102e+00
      vertex   -6.253553e+00 4.553553e+00 1.066118e+00
      vertex   -6.315735e+00 4.477785e+00 2.905102e+00
    endloop
  endfacet
  facet normal -7.730105e-01 6.343933e-01 -7.466853e-16
    outer loop
      vertex   -6.315735e+00 4.477785e+00 2.905102e+00
      vertex   -6.253553e+00 4.553553e+00 1.066118e+00
      vertex   -6.315735e+00 4.477785e+00 1.066118e+00
    endloop
  endfacet
  facet normal -8.819213e-01 4.713967e-01 -8.518871e-16
    outer loop
      vertex   -6.315735e+00 4.477785e+00 2.905102e+00
      vertex   -6.315735e+00 4.477785e+00 1.066118e+00
      vertex   -6.361940e+00 4.391342e+00 2.905102e+00
    endloop
  endfacet
  facet normal -8.819213e-01 4.713967e-01 0.000000e+00
    outer loop
      vertex   -6.361940e+00 4.391342e+00 2.905102e+00
      vertex   -6.315735e+00 4.477785e+00 1.066118e+00
      vertex   -6.361940e+00 4.391342e+00 1.066118e+00
    endloop
  endfacet
  facet normal -9.569403e-01 2.902847e-01 0.000000e+00
    outer loop
      vertex   -6.361940e+00 4.391342e+00 2.905102e+00
      vertex   -6.361940e+00 4.391342e+00 1.066118e+00
      vertex   -6.390393e+00 4.297545e+00 2.905102e+00
    endloop
  endfacet
  facet normal -9.569403e-01 2.902847e-01 0.000000e+00
    outer loop
      vertex   -6.390393e+00 4.297545e+00 2.905102e+00
      vertex   -6.361940e+00 4.391342e+00 1.066118e+00
      vertex   -6.390393e+00 4.297545e+00 1.066118e+00
    endloop
  endfacet
  facet normal -9.569403e-01 2.902847e-01 0.000000e+00
    outer loop
      vertex   -6.361940e+00 4.391342e+00 -7.728666e-01
      vertex   -6.390393e+00 4.297545e+00 -7.728666e-01
      vertex   -6.390393e+00 4.297545e+00 1.066118e+00
    endloop
  endfacet
  facet normal -9.569403e-01 2.902847e-01 0.000000e+00
    outer loop
      vertex   -6.361940e+00 4.391342e+00 -7.728666e-01
      vertex   -6.390393e+00 4.297545e+00 1.066118e+00
      vertex   -6.361940e+00 4.391342e+00 1.066118e+00
    endloop
  endfacet
  facet normal -8.819213e-01 4.713967e-01 0.000000e+00
    outer loop
      vertex   -6.315735e+00 4.477785e+00 -7.728666e-01
      vertex   -6.361940e+00 4.391342e+00 -7.728666e-01
      vertex   -6.361940e+00 4.391342e+00 1.066118e+00
    endloop
  endfacet
  facet normal -8.819213e-01 4.713967e-01 0.000000e+00
    outer loop
      vertex   -6.315735e+00 4.477785e+00 -7.728666e-01
      vertex   -6.361940e+00 4.391342e+00 1.066118e+00
      vertex   -6.315735e+00 4.477785e+00 1.066118e+00
    endloop
  endfacet
  facet normal -7.730105e-01 6.343933e-01 0.000000e+00
    outer loop
      vertex   -6.253553e+00 4.553553e+00 -7.728666e-01
      vertex   -6.315735e+00 4.477785e+00 -7.728666e-01
      vertex   -6.315735e+00 4.477785e+00 1.066118e+00
    endloop
  endfacet
  facet normal -7.730105e-01 6.343933e-01 0.000000e+00
    outer loop
      vertex   -6.253553e+00 4.553553e+00 -7.728666e-01
      vertex   -6.315735e+00 4.477785e+00 1.066118e+00
      vertex   -6.253553e+00 4.553553e+00 1.066118e+00
    endloop
  endfacet
  facet normal -6.343933e-01 7.730105e-01 0.000000e+00
    outer loop
      vertex   -6.177785e+00 4.615735e+00 -7.728666e-01
      vertex   -6.253553e+00 4.553553e+00 -7.728666e-01
      vertex   -6.253553e+00 4.553553e+00 1.066118e+00
    endloop
  endfacet
  facet normal -6.343933e-01 7.730105e-01 0.000000e+00
    outer loop
      vertex   -6.177785e+00 4.615735e+00 -7.728666e-01
      vertex   -6.253553e+00 4.553553e+00 1.066118e+00
      vertex   -6.177785e+00 4.615735e+00 1.066118e+00
    endloop
  endfacet
  facet normal -4.713967e-01 8.819213e-01 0.000000e+00
    outer loop
      vertex   -6.091342e+00 4.661940e+00 -7.728666e-01
      vertex   -6.177785e+00 4.615735e+00 -7.728666e-01
      vertex   -6.177785e+00 4.615735e+00 1.066118e+00
    endloop
  endfacet
  facet normal -4.713967e-01 8.819213e-01 0.000000e+00
    outer loop
      vertex   -6.091342e+00 4.661940e+00 -7.728666e-01
      vertex   -6.177785e+00 4.615735e+00 1.066118e+00
      vertex   -6.091342e+00 4.661940e+00 1.066118e+00
    endloop
  endfacet
  facet normal -2.902847e-01 9.569403e-01 0.000000e+00
    outer loop
      vertex   -5.997545e+00 4.690393e+00 -7.728666e-01
      vertex   -6.091342e+00 4.661940e+00 -7.728666e-01
      vertex   -6.091342e+00 4.661940e+00 1.066118e+00
    endloop
  endfacet
  facet normal -2.902847e-01 9.569403e-01 -1.401995e-16
    outer loop
      vertex   -5.997545e+00 4.690393e+00 -7.728666e-01
      vertex   -6.091342e+00 4.661940e+00 1.066118e+00
      vertex   -5.997545e+00 4.690393e+00 1.066118e+00
    endloop
  endfacet
  facet normal 9.987955e-01 0.000000e+00 -4.906767e-02
    outer loop
      vertex   -4.800000e+00 4.700000e+00 -2.611851e+00
      vertex   -4.800000e+00 1.200000e+00 -2.611851e+00
      vertex   -4.802408e+00 4.697592e+00 -2.660859e+00
    endloop
  endfacet
  facet normal 9.934443e-01 -9.179133e-04 -1.143135e-01
    outer loop
      vertex   -4.802408e+00 4.697592e+00 -2.660859e+00
      vertex   -4.800000e+00 1.200000e+00 -2.611851e+00
      vertex   -4.809607e+00 2.950000e+00 -2.709396e+00
    endloop
  endfacet
  facet normal 9.891765e-01 -5.046668e-16 -1.467305e-01
    outer loop
      vertex   -4.802408e+00 4.697592e+00 -2.660859e+00
      vertex   -4.809607e+00 2.950000e+00 -2.709396e+00
      vertex   -4.809607e+00 4.690393e+00 -2.709396e+00
    endloop
  endfacet
  facet normal 9.700313e-01 -4.950382e-16 -2.429802e-01
    outer loop
      vertex   -4.809607e+00 4.690393e+00 -2.709396e+00
      vertex   -4.809607e+00 2.950000e+00 -2.709396e+00
      vertex   -4.821530e+00 4.678470e+00 -2.756993e+00
    endloop
  endfacet
  facet normal 9.569394e-01 -1.392928e-03 -2.902844e-01
    outer loop
      vertex   -4.821530e+00 4.678470e+00 -2.756993e+00
      vertex   -4.809607e+00 2.950000e+00 -2.709396e+00
      vertex   -4.838060e+00 2.950000e+00 -2.803193e+00
    endloop
  endfacet
  facet normal 9.415441e-01 0.000000e+00 -3.368899e-01
    outer loop
      vertex   -4.821530e+00 4.678470e+00 -2.756993e+00
      vertex   -4.838060e+00 2.950000e+00 -2.803193e+00
      vertex   -4.838060e+00 4.661940e+00 -2.803193e+00
    endloop
  endfacet
  facet normal 9.039893e-01 0.000000e+00 -4.275551e-01
    outer loop
      vertex   -4.838060e+00 4.661940e+00 -2.803193e+00
      vertex   -4.838060e+00 2.950000e+00 -2.803193e+00
      vertex   -4.859039e+00 4.640961e+00 -2.847549e+00
    endloop
  endfacet
  facet normal 8.819204e-01 -1.423826e-03 -4.713963e-01
    outer loop
      vertex   -4.859039e+00 4.640961e+00 -2.847549e+00
      vertex   -4.838060e+00 2.950000e+00 -2.803193e+00
      vertex   -4.884265e+00 2.950000e+00 -2.889636e+00
    endloop
  endfacet
  facet normal 8.577286e-01 0.000000e+00 -5.141027e-01
    outer loop
      vertex   -4.859039e+00 4.640961e+00 -2.847549e+00
      vertex   -4.884265e+00 2.950000e+00 -2.889636e+00
      vertex   -4.884265e+00 4.615735e+00 -2.889636e+00
    endloop
  endfacet
  facet normal 8.032075e-01 0.000000e+00 -5.956993e-01
    outer loop
      vertex   -4.884265e+00 4.615735e+00 -2.889636e+00
      vertex   -4.884265e+00 2.950000e+00 -2.889636e+00
      vertex   -4.913495e+00 4.586505e+00 -2.929047e+00
    endloop
  endfacet
  facet normal 7.730096e-01 -1.471205e-03 -6.343926e-01
    outer loop
      vertex   -4.913495e+00 4.586505e+00 -2.929047e+00
      vertex   -4.884265e+00 2.950000e+00 -2.889636e+00
      vertex   -4.946447e+00 2.950000e+00 -2.965404e+00
    endloop
  endfacet
  facet normal 7.409511e-01 0.000000e+00 -6.715590e-01
    outer loop
      vertex   -4.913495e+00 4.586505e+00 -2.929047e+00
      vertex   -4.946447e+00 2.950000e+00 -2.965404e+00
      vertex   -4.946447e+00 4.553553e+00 -2.965404e+00
    endloop
  endfacet
  facet normal 6.343933e-01 0.000000e+00 -7.730105e-01
    outer loop
      vertex   -4.946447e+00 4.553553e+00 -2.965404e+00
      vertex   -4.946447e+00 2.950000e+00 -2.965404e+00
      vertex   -5.022215e+00 4.477785e+00 -3.027586e+00
    endloop
  endfacet
  facet normal 6.343933e-01 0.000000e+00 -7.730105e-01
    outer loop
      vertex   -5.022215e+00 4.477785e+00 -3.027586e+00
      vertex   -4.946447e+00 2.950000e+00 -2.965404e+00
      vertex   -5.022215e+00 2.950000e+00 -3.027586e+00
    endloop
  endfacet
  facet normal 4.713967e-01 0.000000e+00 -8.819213e-01
    outer loop
      vertex   -5.022215e+00 4.477785e+00 -3.027586e+00
      vertex   -5.022215e+00 2.950000e+00 -3.027586e+00
      vertex   -5.108658e+00 4.391342e+00 -3.073791e+00
    endloop
  endfacet
  facet normal 4.713967e-01 0.000000e+00 -8.819213e-01
    outer loop
      vertex   -5.108658e+00 4.391342e+00 -3.073791e+00
      vertex   -5.022215e+00 2.950000e+00 -3.027586e+00
      vertex   -5.108658e+00 2.950000e+00 -3.073791e+00
    endloop
  endfacet
  facet normal 2.902847e-01 0.000000e+00 -9.569403e-01
    outer loop
      vertex   -5.108658e+00 4.391342e+00 -3.073791e+00
      vertex   -5.108658e+00 2.950000e+00 -3.073791e+00
      vertex   -5.202455e+00 4.297545e+00 -3.102243e+00
    endloop
  endfacet
  facet normal 2.902847e-01 0.000000e+00 -9.569403e-01
    outer loop
      vertex   -5.202455e+00 4.297545e+00 -3.102243e+00
      vertex   -5.108658e+00 2.950000e+00 -3.073791e+00
      vertex   -5.202455e+00 2.950000e+00 -3.102243e+00
    endloop
  endfacet
  facet normal 9.801714e-02 0.000000e+00 -9.951847e-01
    outer loop
      vertex   -5.202455e+00 4.297545e+00 -3.102243e+00
      vertex   -5.202455e+00 2.950000e+00 -3.102243e+00
      vertex   -5.300000e+00 4.200000e+00 -3.111851e+00
    endloop
  endfacet
  facet normal 9.801714e-02 0.000000e+00 -9.951847e-01
    outer loop
      vertex   -5.300000e+00 4.200000e+00 -3.111851e+00
      vertex   -5.202455e+00 2.950000e+00 -3.102243e+00
      vertex   -5.300000e+00 1.200000e+00 -3.111851e+00
    endloop
  endfacet
  facet normal 9.801714e-02 -4.993411e-17 -9.951847e-01
    outer loop
      vertex   -5.300000e+00 1.200000e+00 -3.111851e+00
      vertex   -5.202455e+00 2.950000e+00 -3.102243e+00
      vertex   -5.202455e+00 1.200000e+00 -3.102243e+00
    endloop
  endfacet
  facet normal 2.902847e-01 -1.473283e-16 -9.569403e-01
    outer loop
      vertex   -5.202455e+00 1.200000e+00 -3.102243e+00
      vertex   -5.202455e+00 2.950000e+00 -3.102243e+00
      vertex   -5.108658e+00 1.200000e+00 -3.073791e+00
    endloop
  endfacet
  facet normal 2.902847e-01 0.000000e+00 -9.569403e-01
    outer loop
      vertex   -5.108658e+00 1.200000e+00 -3.073791e+00
      vertex   -5.202455e+00 2.950000e+00 -3.102243e+00
      vertex   -5.108658e+00 2.950000e+00 -3.073791e+00
    endloop
  endfacet
  facet normal 4.713967e-01 0.000000e+00 -8.819213e-01
    outer loop
      vertex   -5.108658e+00 1.200000e+00 -3.073791e+00
      vertex   -5.108658e+00 2.950000e+00 -3.073791e+00
      vertex   -5.022215e+00 1.200000e+00 -3.027586e+00
    endloop
  endfacet
  facet normal 4.713967e-01 0.000000e+00 -8.819213e-01
    outer loop
      vertex   -5.022215e+00 1.200000e+00 -3.027586e+00
      vertex   -5.108658e+00 2.950000e+00 -3.073791e+00
      vertex   -5.022215e+00 2.950000e+00 -3.027586e+00
    endloop
  endfacet
  facet normal 6.343933e-01 0.000000e+00 -7.730105e-01
    outer loop
      vertex   -5.022215e+00 1.200000e+00 -3.027586e+00
      vertex   -5.022215e+00 2.950000e+00 -3.027586e+00
      vertex   -4.946447e+00 1.200000e+00 -2.965404e+00
    endloop
  endfacet
  facet normal 6.343933e-01 1.961632e-16 -7.730105e-01
    outer loop
      vertex   -4.946447e+00 1.200000e+00 -2.965404e+00
      vertex   -5.022215e+00 2.950000e+00 -3.027586e+00
      vertex   -4.946447e+00 2.950000e+00 -2.965404e+00
    endloop
  endfacet
  facet normal 7.730105e-01 1.609870e-16 -6.343933e-01
    outer loop
      vertex   -4.946447e+00 1.200000e+00 -2.965404e+00
      vertex   -4.946447e+00 2.950000e+00 -2.965404e+00
      vertex   -4.884265e+00 1.200000e+00 -2.889636e+00
    endloop
  endfacet
  facet normal 7.730105e-01 -3.923264e-16 -6.343933e-01
    outer loop
      vertex   -4.884265e+00 1.200000e+00 -2.889636e+00
      vertex   -4.946447e+00 2.950000e+00 -2.965404e+00
      vertex   -4.884265e+00 2.950000e+00 -2.889636e+00
    endloop
  endfacet
  facet normal 8.819213e-01 -4.476020e-16 -4.713967e-01
    outer loop
      vertex   -4.884265e+00 1.200000e+00 -2.889636e+00
      vertex   -4.884265e+00 2.950000e+00 -2.889636e+00
      vertex   -4.838060e+00 1.200000e+00 -2.803193e+00
    endloop
  endfacet
  facet normal 8.819213e-01 0.000000e+00 -4.713967e-01
    outer loop
      vertex   -4.838060e+00 1.200000e+00 -2.803193e+00
      vertex   -4.884265e+00 2.950000e+00 -2.889636e+00
      vertex   -4.838060e+00 2.950000e+00 -2.803193e+00
    endloop
  endfacet
  facet normal 9.569403e-01 0.000000e+00 -2.902847e-01
    outer loop
      vertex   -4.838060e+00 1.200000e+00 -2.803193e+00
      vertex   -4.838060e+00 2.950000e+00 -2.803193e+00
      vertex   -4.809607e+00 1.200000e+00 -2.709396e+00
    endloop
  endfacet
  facet normal 9.569403e-01 4.856764e-16 -2.902847e-01
    outer loop
      vertex   -4.809607e+00 1.200000e+00 -2.709396e+00
      vertex   -4.838060e+00 2.950000e+00 -2.803193e+00
      vertex   -4.809607e+00 2.950000e+00 -2.709396e+00
    endloop
  endfacet
  facet normal 9.951847e-01 5.050866e-16 -9.801714e-02
    outer loop
      vertex   -4.809607e+00 1.200000e+00 -2.709396e+00
      vertex   -4.809607e+00 2.950000e+00 -2.709396e+00
      vertex   -4.800000e+00 1.200000e+00 -2.611851e+00
    endloop
  endfacet
  facet normal 0.000000e+00 9.801714e-02 -9.951847e-01
    outer loop
      vertex   -5.900000e+00 4.200000e+00 -3.111851e+00
      vertex   -5.900000e+00 4.297545e+00 -3.102243e+00
      vertex   -5.300000e+00 4.200000e+00 -3.111851e+00
    endloop
  endfacet
  facet normal 0.000000e+00 9.801714e-02 -9.951847e-01
    outer loop
      vertex   -5.300000e+00 4.200000e+00 -3.111851e+00
      vertex   -5.900000e+00 4.297545e+00 -3.102243e+00
      vertex   -5.202455e+00 4.297545e+00 -3.102243e+00
    endloop
  endfacet
  facet normal 0.000000e+00 2.902847e-01 -9.569403e-01
    outer loop
      vertex   -5.202455e+00 4.297545e+00 -3.102243e+00
      vertex   -5.900000e+00 4.297545e+00 -3.102243e+00
      vertex   -5.900000e+00 4.391342e+00 -3.073791e+00
    endloop
  endfacet
  facet normal 0.000000e+00 2.902847e-01 -9.569403e-01
    outer loop
      vertex   -5.202455e+00 4.297545e+00 -3.102243e+00
      vertex   -5.900000e+00 4.391342e+00 -3.073791e+00
      vertex   -5.108658e+00 4.391342e+00 -3.073791e+00
    endloop
  endfacet
  facet normal 0.000000e+00 4.713967e-01 -8.819213e-01
    outer loop
      vertex   -5.108658e+00 4.391342e+00 -3.073791e+00
      vertex   -5.900000e+00 4.391342e+00 -3.073791e+00
      vertex   -5.900000e+00 4.477785e+00 -3.027586e+00
    endloop
  endfacet
  facet normal 4.738140e-16 4.713967e-01 -8.819213e-01
    outer loop
      vertex   -5.108658e+00 4.391342e+00 -3.073791e+00
      vertex   -5.900000e+00 4.477785e+00 -3.027586e+00
      vertex   -5.022215e+00 4.477785e+00 -3.027586e+00
    endloop
  endfacet
  facet normal 6.419047e-16 6.343933e-01 -7.730105e-01
    outer loop
      vertex   -5.022215e+00 4.477785e+00 -3.027586e+00
      vertex   -5.900000e+00 4.477785e+00 -3.027586e+00
      vertex   -5.900000e+00 4.553553e+00 -2.965404e+00
    endloop
  endfacet
  facet normal 0.000000e+00 6.343933e-01 -7.730105e-01
    outer loop
      vertex   -5.022215e+00 4.477785e+00 -3.027586e+00
      vertex   -5.900000e+00 4.553553e+00 -2.965404e+00
      vertex   -4.946447e+00 4.553553e+00 -2.965404e+00
    endloop
  endfacet
  facet normal 0.000000e+00 7.409511e-01 -6.715590e-01
    outer loop
      vertex   -4.946447e+00 4.553553e+00 -2.965404e+00
      vertex   -5.900000e+00 4.553553e+00 -2.965404e+00
      vertex   -4.913495e+00 4.586505e+00 -2.929047e+00
    endloop
  endfacet
  facet normal -2.440564e-03 7.730082e-01 -6.343914e-01
    outer loop
      vertex   -4.913495e+00 4.586505e+00 -2.929047e+00
      vertex   -5.900000e+00 4.553553e+00 -2.965404e+00
      vertex   -5.900000e+00 4.615735e+00 -2.889636e+00
    endloop
  endfacet
  facet normal 0.000000e+00 8.032075e-01 -5.956993e-01
    outer loop
      vertex   -4.913495e+00 4.586505e+00 -2.929047e+00
      vertex   -5.900000e+00 4.615735e+00 -2.889636e+00
      vertex   -4.884265e+00 4.615735e+00 -2.889636e+00
    endloop
  endfacet
  facet normal 0.000000e+00 8.577286e-01 -5.141027e-01
    outer loop
      vertex   -4.884265e+00 4.615735e+00 -2.889636e+00
      vertex   -5.900000e+00 4.615735e+00 -2.889636e+00
      vertex   -4.859039e+00 4.640961e+00 -2.847549e+00
    endloop
  endfacet
  facet normal -2.312893e-03 8.819189e-01 -4.713955e-01
    outer loop
      vertex   -4.859039e+00 4.640961e+00 -2.847549e+00
      vertex   -5.900000e+00 4.615735e+00 -2.889636e+00
      vertex   -5.900000e+00 4.661940e+00 -2.803193e+00
    endloop
  endfacet
  facet normal 7.573843e-16 9.039893e-01 -4.275551e-01
    outer loop
      vertex   -4.859039e+00 4.640961e+00 -2.847549e+00
      vertex   -5.900000e+00 4.661940e+00 -2.803193e+00
      vertex   -4.838060e+00 4.661940e+00 -2.803193e+00
    endloop
  endfacet
  facet normal 7.874826e-16 9.415441e-01 -3.368899e-01
    outer loop
      vertex   -4.838060e+00 4.661940e+00 -2.803193e+00
      vertex   -5.900000e+00 4.661940e+00 -2.803193e+00
      vertex   -4.821530e+00 4.678470e+00 -2.756993e+00
    endloop
  endfacet
  facet normal -2.232450e-03 9.569380e-01 -2.902840e-01
    outer loop
      vertex   -4.821530e+00 4.678470e+00 -2.756993e+00
      vertex   -5.900000e+00 4.661940e+00 -2.803193e+00
      vertex   -5.900000e+00 4.690393e+00 -2.709396e+00
    endloop
  endfacet
  facet normal 0.000000e+00 9.700313e-01 -2.429802e-01
    outer loop
      vertex   -4.821530e+00 4.678470e+00 -2.756993e+00
      vertex   -5.900000e+00 4.690393e+00 -2.709396e+00
      vertex   -4.809607e+00 4.690393e+00 -2.709396e+00
    endloop
  endfacet
  facet normal 0.000000e+00 9.891765e-01 -1.467305e-01
    outer loop
      vertex   -4.809607e+00 4.690393e+00 -2.709396e+00
      vertex   -5.900000e+00 4.690393e+00 -2.709396e+00
      vertex   -4.802408e+00 4.697592e+00 -2.660859e+00
    endloop
  endfacet
  facet normal -2.193557e-03 9.951823e-01 -9.801690e-02
    outer loop
      vertex   -4.802408e+00 4.697592e+00 -2.660859e+00
      vertex   -5.900000e+00 4.690393e+00 -2.709396e+00
      vertex   -5.900000e+00 4.700000e+00 -2.611851e+00
    endloop
  endfacet
  facet normal 0.000000e+00 9.987955e-01 -4.906767e-02
    outer loop
      vertex   -4.802408e+00 4.697592e+00 -2.660859e+00
      vertex   -5.900000e+00 4.700000e+00 -2.611851e+00
      vertex   -4.800000e+00 4.700000e+00 -2.611851e+00
    endloop
  endfacet
  facet normal 1.000000e+00 -5.921189e-16 4.829723e-16
    outer loop
      vertex   6.400000e+00 4.200000e+00 -2.611851e+00
      vertex   6.400000e+00 4.200000e+00 2.905102e+00
      vertex   6.400000e+00 1.200000e+00 -2.611851e+00
    endloop
  endfacet
  facet normal 1.000000e+00 0.000000e+00 1.609908e-16
    outer loop
      vertex   6.400000e+00 1.200000e+00 -2.611851e+00
      vertex   6.400000e+00 4.200000e+00 2.905102e+00
      vertex   6.400000e+00 1.200000e+00 2.905102e+00
    endloop
  endfacet
  facet normal 0.000000e+00 0.000000e+00 1.000000e+00
    outer loop
      vertex   5.900000e+00 4.200000e+00 3.405102e+00
      vertex   -5.900000e+00 4.200000e+00 3.405102e+00
      vertex   5.900000e+00 1.200000e+00 3.405102e+00
    endloop
  endfacet
  facet normal 0.000000e+00 0.000000e+00 1.000000e+00
    outer loop
      vertex   5.900000e+00 1.200000e+00 3.405102e+00
      vertex   -5.900000e+00 4.200000e+00 3.405102e+00
      vertex   -5.900000e+00 1.200000e+00 3.405102e+00
    endloop
  endfacet
  facet normal -1.000000e+00 -0.000000e+00 -0.000000e+00
    outer loop
      vertex   -6.400000e+00 4.200000e+00 2.905102e+00
      vertex   -6.400000e+00 4.200000e+00 -2.611851e+00
      vertex   -6.400000e+00 1.200000e+00 2.905102e+00
    endloop
  endfacet
  facet normal -1.000000e+00 0.000000e+00 0.000000e+00
    outer loop
      vertex   -6.400000e+00 1.200000e+00 2.905102e+00
      vertex   -6.400000e+00 4.200000e+00 -2.611851e+00
      vertex   -6.400000e+00 1.200000e+00 -2.611851e+00
    endloop
  endfacet
  facet normal 0.000000e+00 0.000000e+00 -1.000000e+00
    outer loop
      vertex   -5.900000e+00 4.200000e+00 -3.111851e+00
      vertex   -5.300000e+00 4.200000e+00 -3.111851e+00
      vertex   -5.900000e+00 1.200000e+00 -3.111851e+00
    endloop
  endfacet
  facet normal 0.000000e+00 0.000000e+00 -1.000000e+00
    outer loop
      vertex   -5.900000e+00 1.200000e+00 -3.111851e+00
      vertex   -5.300000e+00 4.200000e+00 -3.111851e+00
      vertex   -5.300000e+00 1.200000e+00 -3.111851e+00
    endloop
  endfacet
  facet normal 9.987955e-01 4.906767e-02 0.000000e+00
    outer loop
      vertex   -4.900000e+00 4.200000e+00 1.905102e+00
      vertex   -4.900000e+00 4.200000e+00 -2.100000e+00
      vertex   -4.902408e+00 4.249009e+00 1.907510e+00
    endloop
  endfacet
  facet normal 9.918688e-01 1.272613e-01 -9.604055e-04
    outer loop
      vertex   -4.902408e+00 4.249009e+00 1.907510e+00
      vertex   -4.900000e+00 4.200000e+00 -2.100000e+00
      vertex   -4.909607e+00 4.297545e+00 9.034013e-01
    endloop
  endfacet
  facet normal 9.891765e-01 1.467305e-01 0.000000e+00
    outer loop
      vertex   -4.902408e+00 4.249009e+00 1.907510e+00
      vertex   -4.909607e+00 4.297545e+00 9.034013e-01
      vertex   -4.909607e+00 4.297545e+00 1.914709e+00
    endloop
  endfacet
  facet normal 9.700313e-01 2.429802e-01 0.000000e+00
    outer loop
      vertex   -4.909607e+00 4.297545e+00 1.914709e+00
      vertex   -4.909607e+00 4.297545e+00 9.034013e-01
      vertex   -4.921530e+00 4.345142e+00 1.926632e+00
    endloop
  endfacet
  facet normal 9.569377e-01 2.902839e-01 -2.352969e-03
    outer loop
      vertex   -4.921530e+00 4.345142e+00 1.926632e+00
      vertex   -4.909607e+00 4.297545e+00 9.034013e-01
      vertex   -4.938060e+00 4.391342e+00 9.034013e-01
    endloop
  endfacet
  facet normal 9.415441e-01 3.368899e-01 0.000000e+00
    outer loop
      vertex   -4.921530e+00 4.345142e+00 1.926632e+00
      vertex   -4.938060e+00 4.391342e+00 9.034013e-01
      vertex   -4.938060e+00 4.391342e+00 1.943162e+00
    endloop
  endfacet
  facet normal 9.039893e-01 4.275551e-01 0.000000e+00
    outer loop
      vertex   -4.938060e+00 4.391342e+00 1.943162e+00
      vertex   -4.938060e+00 4.391342e+00 9.034013e-01
      vertex   -4.959039e+00 4.435698e+00 1.964141e+00
    endloop
  endfacet
  facet normal 8.819190e-01 4.713955e-01 -2.269765e-03
    outer loop
      vertex   -4.959039e+00 4.435698e+00 1.964141e+00
      vertex   -4.938060e+00 4.391342e+00 9.034013e-01
      vertex   -4.984265e+00 4.477785e+00 9.034013e-01
    endloop
  endfacet
  facet normal 8.577286e-01 5.141027e-01 0.000000e+00
    outer loop
      vertex   -4.959039e+00 4.435698e+00 1.964141e+00
      vertex   -4.984265e+00 4.477785e+00 9.034013e-01
      vertex   -4.984265e+00 4.477785e+00 1.989367e+00
    endloop
  endfacet
  facet normal 8.032075e-01 5.956993e-01 0.000000e+00
    outer loop
      vertex   -4.984265e+00 4.477785e+00 1.989367e+00
      vertex   -4.984265e+00 4.477785e+00 9.034013e-01
      vertex   -5.013495e+00 4.517197e+00 2.018597e+00
    endloop
  endfacet
  facet normal 7.730087e-01 6.343918e-01 -2.158932e-03
    outer loop
      vertex   -5.013495e+00 4.517197e+00 2.018597e+00
      vertex   -4.984265e+00 4.477785e+00 9.034013e-01
      vertex   -5.046447e+00 4.553553e+00 9.034013e-01
    endloop
  endfacet
  facet normal 7.409511e-01 6.715590e-01 0.000000e+00
    outer loop
      vertex   -5.013495e+00 4.517197e+00 2.018597e+00
      vertex   -5.046447e+00 4.553553e+00 9.034013e-01
      vertex   -5.046447e+00 4.553553e+00 2.051549e+00
    endloop
  endfacet
  facet normal 6.343933e-01 7.730105e-01 0.000000e+00
    outer loop
      vertex   -5.046447e+00 4.553553e+00 2.051549e+00
      vertex   -5.046447e+00 4.553553e+00 9.034013e-01
      vertex   -5.122215e+00 4.615735e+00 9.034013e-01
    endloop
  endfacet
  facet normal 6.343933e-01 7.730105e-01 0.000000e+00
    outer loop
      vertex   -5.046447e+00 4.553553e+00 2.051549e+00
      vertex   -5.122215e+00 4.615735e+00 9.034013e-01
      vertex   -5.122215e+00 4.615735e+00 2.127317e+00
    endloop
  endfacet
  facet normal 4.713967e-01 8.819213e-01 0.000000e+00
    outer loop
      vertex   -5.122215e+00 4.615735e+00 2.127317e+00
      vertex   -5.122215e+00 4.615735e+00 9.034013e-01
      vertex   -5.208658e+00 4.661940e+00 9.034013e-01
    endloop
  endfacet
  facet normal 4.713967e-01 8.819213e-01 0.000000e+00
    outer loop
      vertex   -5.122215e+00 4.615735e+00 2.127317e+00
      vertex   -5.208658e+00 4.661940e+00 9.034013e-01
      vertex   -5.208658e+00 4.661940e+00 2.213760e+00
    endloop
  endfacet
  facet normal 2.902847e-01 9.569403e-01 0.000000e+00
    outer loop
      vertex   -5.208658e+00 4.661940e+00 2.213760e+00
      vertex   -5.208658e+00 4.661940e+00 9.034013e-01
      vertex   -5.302455e+00 4.690393e+00 9.034013e-01
    endloop
  endfacet
  facet normal 2.902847e-01 9.569403e-01 0.000000e+00
    outer loop
      vertex   -5.208658e+00 4.661940e+00 2.213760e+00
      vertex   -5.302455e+00 4.690393e+00 9.034013e-01
      vertex   -5.302455e+00 4.690393e+00 2.307557e+00
    endloop
  endfacet
  facet normal 9.801714e-02 9.951847e-01 0.000000e+00
    outer loop
      vertex   -5.302455e+00 4.690393e+00 2.307557e+00
      vertex   -5.302455e+00 4.690393e+00 9.034013e-01
      vertex   -5.400000e+00 4.700000e+00 2.405102e+00
    endloop
  endfacet
  facet normal 9.801714e-02 9.951847e-01 0.000000e+00
    outer loop
      vertex   -5.400000e+00 4.700000e+00 2.405102e+00
      vertex   -5.302455e+00 4.690393e+00 9.034013e-01
      vertex   -5.302455e+00 4.690393e+00 -5.982994e-01
    endloop
  endfacet
  facet normal 1.181406e-01 9.929967e-01 6.605741e-04
    outer loop
      vertex   -5.400000e+00 4.700000e+00 2.405102e+00
      vertex   -5.302455e+00 4.690393e+00 -5.982994e-01
      vertex   -5.366466e+00 4.698874e+00 -1.900000e+00
    endloop
  endfacet
  facet normal 1.005088e-01 9.949350e-01 1.540240e-03
    outer loop
      vertex   -5.366466e+00 4.698874e+00 -1.900000e+00
      vertex   -5.302455e+00 4.690393e+00 -5.982994e-01
      vertex   -5.333082e+00 4.695502e+00 -1.900000e+00
    endloop
  endfacet
  facet normal 1.670119e-01 9.859549e-01 -5.973432e-05
    outer loop
      vertex   -5.333082e+00 4.695502e+00 -1.900000e+00
      vertex   -5.302455e+00 4.690393e+00 -5.982994e-01
      vertex   -5.300000e+00 4.689898e+00 -1.900000e+00
    endloop
  endfacet
  facet normal 2.885645e-01 9.574605e-01 1.803269e-04
    outer loop
      vertex   -5.300000e+00 4.689898e+00 -1.900000e+00
      vertex   -5.302455e+00 4.690393e+00 -5.982994e-01
      vertex   -5.213710e+00 4.663893e+00 -1.907587e+00
    endloop
  endfacet
  facet normal 2.902847e-01 9.569403e-01 3.074525e-04
    outer loop
      vertex   -5.213710e+00 4.663893e+00 -1.907587e+00
      vertex   -5.302455e+00 4.690393e+00 -5.982994e-01
      vertex   -5.208658e+00 4.661940e+00 -5.982994e-01
    endloop
  endfacet
  facet normal 4.508802e-01 8.925844e-01 -4.081470e-04
    outer loop
      vertex   -5.213710e+00 4.663893e+00 -1.907587e+00
      vertex   -5.208658e+00 4.661940e+00 -5.982994e-01
      vertex   -5.137287e+00 4.625279e+00 -1.927317e+00
    endloop
  endfacet
  facet normal 4.713965e-01 8.819208e-01 9.877854e-04
    outer loop
      vertex   -5.137287e+00 4.625279e+00 -1.927317e+00
      vertex   -5.208658e+00 4.661940e+00 -5.982994e-01
      vertex   -5.122215e+00 4.615735e+00 -5.982994e-01
    endloop
  endfacet
  facet normal 6.012009e-01 7.990972e-01 -1.079067e-03
    outer loop
      vertex   -5.137287e+00 4.625279e+00 -1.927317e+00
      vertex   -5.122215e+00 4.615735e+00 -5.982994e-01
      vertex   -5.067563e+00 4.572781e+00 -1.957766e+00
    endloop
  endfacet
  facet normal 6.343929e-01 7.730100e-01 1.079532e-03
    outer loop
      vertex   -5.067563e+00 4.572781e+00 -1.957766e+00
      vertex   -5.122215e+00 4.615735e+00 -5.982994e-01
      vertex   -5.046447e+00 4.553553e+00 -5.982994e-01
    endloop
  endfacet
  facet normal 7.210364e-01 6.928958e-01 -1.399390e-03
    outer loop
      vertex   -5.067563e+00 4.572781e+00 -1.957766e+00
      vertex   -5.046447e+00 4.553553e+00 -5.982994e-01
      vertex   -5.009615e+00 4.512409e+00 -1.992966e+00
    endloop
  endfacet
  facet normal 7.730093e-01 6.343924e-01 1.699085e-03
    outer loop
      vertex   -5.009615e+00 4.512409e+00 -1.992966e+00
      vertex   -5.046447e+00 4.553553e+00 -5.982994e-01
      vertex   -4.984265e+00 4.477785e+00 -5.982994e-01
    endloop
  endfacet
  facet normal 8.288820e-01 5.594222e-01 -1.177671e-03
    outer loop
      vertex   -5.009615e+00 4.512409e+00 -1.992966e+00
      vertex   -4.984265e+00 4.477785e+00 -5.982994e-01
      vertex   -4.964429e+00 4.445381e+00 -2.029471e+00
    endloop
  endfacet
  facet normal 8.819202e-01 4.713962e-01 1.550518e-03
    outer loop
      vertex   -4.964429e+00 4.445381e+00 -2.029471e+00
      vertex   -4.984265e+00 4.477785e+00 -5.982994e-01
      vertex   -4.938060e+00 4.391342e+00 -5.982994e-01
    endloop
  endfacet
  facet normal 9.089280e-01 4.169519e-01 -1.002828e-03
    outer loop
      vertex   -4.964429e+00 4.445381e+00 -2.029471e+00
      vertex   -4.938060e+00 4.391342e+00 -5.982994e-01
      vertex   -4.929420e+00 4.368980e+00 -2.064336e+00
    endloop
  endfacet
  facet normal 9.569396e-01 2.902845e-01 1.212209e-03
    outer loop
      vertex   -4.929420e+00 4.368980e+00 -2.064336e+00
      vertex   -4.938060e+00 4.391342e+00 -5.982994e-01
      vertex   -4.909607e+00 4.297545e+00 -5.982994e-01
    endloop
  endfacet
  facet normal 9.668483e-01 2.553506e-01 -6.239082e-04
    outer loop
      vertex   -4.929420e+00 4.368980e+00 -2.064336e+00
      vertex   -4.909607e+00 4.297545e+00 -5.982994e-01
      vertex   -4.907516e+00 4.285980e+00 -2.090111e+00
    endloop
  endfacet
  facet normal 9.915367e-01 1.298261e-01 3.838604e-04
    outer loop
      vertex   -4.907516e+00 4.285980e+00 -2.090111e+00
      vertex   -4.909607e+00 4.297545e+00 -5.982994e-01
      vertex   -4.901899e+00 4.243105e+00 -2.097406e+00
    endloop
  endfacet
  facet normal 9.990341e-01 4.379776e-02 3.546526e-03
    outer loop
      vertex   -4.901899e+00 4.243105e+00 -2.097406e+00
      vertex   -4.909607e+00 4.297545e+00 -5.982994e-01
      vertex   -4.900000e+00 4.200000e+00 -2.100000e+00
    endloop
  endfacet
  facet normal 9.951847e-01 9.801714e-02 0.000000e+00
    outer loop
      vertex   -4.900000e+00 4.200000e+00 -2.100000e+00
      vertex   -4.909607e+00 4.297545e+00 -5.982994e-01
      vertex   -4.909607e+00 4.297545e+00 9.034013e-01
    endloop
  endfacet
  facet normal 3.355335e-02 9.994369e-01 0.000000e+00
    outer loop
      vertex   -5.366466e+00 4.698874e+00 -1.900000e+00
      vertex   -5.400000e+00 4.700000e+00 -1.900000e+00
      vertex   -5.400000e+00 4.700000e+00 2.405102e+00
    endloop
  endfacet
  facet normal 9.569403e-01 2.902847e-01 0.000000e+00
    outer loop
      vertex   -4.938060e+00 4.391342e+00 9.034013e-01
      vertex   -4.909607e+00 4.297545e+00 9.034013e-01
      vertex   -4.909607e+00 4.297545e+00 -5.982994e-01
    endloop
  endfacet
  facet normal 8.819213e-01 4.713967e-01 0.000000e+00
    outer loop
      vertex   -4.984265e+00 4.477785e+00 9.034013e-01
      vertex   -4.938060e+00 4.391342e+00 9.034013e-01
      vertex   -4.938060e+00 4.391342e+00 -5.982994e-01
    endloop
  endfacet
  facet normal 9.569403e-01 2.902847e-01 -0.000000e+00
    outer loop
      vertex   -4.938060e+00 4.391342e+00 -5.982994e-01
      vertex   -4.938060e+00 4.391342e+00 9.034013e-01
      vertex   -4.909607e+00 4.297545e+00 -5.982994e-01
    endloop
  endfacet
  facet normal 7.730105e-01 6.343933e-01 0.000000e+00
    outer loop
      vertex   -5.046447e+00 4.553553e+00 9.034013e-01
      vertex   -4.984265e+00 4.477785e+00 9.034013e-01
      vertex   -4.984265e+00 4.477785e+00 -5.982994e-01
    endloop
  endfacet
  facet normal 8.819213e-01 4.713967e-01 -0.000000e+00
    outer loop
      vertex   -4.984265e+00 4.477785e+00 -5.982994e-01
      vertex   -4.984265e+00 4.477785e+00 9.034013e-01
      vertex   -4.938060e+00 4.391342e+00 -5.982994e-01
    endloop
  endfacet
  facet normal 6.343933e-01 7.730105e-01 0.000000e+00
    outer loop
      vertex   -5.122215e+00 4.615735e+00 9.034013e-01
      vertex   -5.046447e+00 4.553553e+00 9.034013e-01
      vertex   -5.046447e+00 4.553553e+00 -5.982994e-01
    endloop
  endfacet
  facet normal 7.730105e-01 6.343933e-01 -0.000000e+00
    outer loop
      vertex   -5.046447e+00 4.553553e+00 -5.982994e-01
      vertex   -5.046447e+00 4.553553e+00 9.034013e-01
      vertex   -4.984265e+00 4.477785e+00 -5.982994e-01
    endloop
  endfacet
  facet normal 4.713967e-01 8.819213e-01 0.000000e+00
    outer loop
      vertex   -5.208658e+00 4.661940e+00 9.034013e-01
      vertex   -5.122215e+00 4.615735e+00 9.034013e-01
      vertex   -5.122215e+00 4.615735e+00 -5.982994e-01
    endloop
  endfacet
  facet normal 6.343933e-01 7.730105e-01 -0.000000e+00
    outer loop
      vertex   -5.122215e+00 4.615735e+00 -5.982994e-01
      vertex   -5.122215e+00 4.615735e+00 9.034013e-01
      vertex   -5.046447e+00 4.553553e+00 -5.982994e-01
    endloop
  endfacet
  facet normal 2.902847e-01 9.569403e-01 0.000000e+00
    outer loop
      vertex   -5.302455e+00 4.690393e+00 9.034013e-01
      vertex   -5.208658e+00 4.661940e+00 9.034013e-01
      vertex   -5.208658e+00 4.661940e+00 -5.982994e-01
    endloop
  endfacet
  facet normal 4.713967e-01 8.819213e-01 -0.000000e+00
    outer loop
      vertex   -5.208658e+00 4.661940e+00 -5.982994e-01
      vertex   -5.208658e+00 4.661940e+00 9.034013e-01
      vertex   -5.122215e+00 4.615735e+00 -5.982994e-01
    endloop
  endfacet
  facet normal 2.902847e-01 9.569403e-01 -0.000000e+00
    outer loop
      vertex   -5.302455e+00 4.690393e+00 -5.982994e-01
      vertex   -5.302455e+00 4.690393e+00 9.034013e-01
      vertex   -5.208658e+00 4.661940e+00 -5.982994e-01
    endloop
  endfacet
  facet normal 0.000000e+00 4.906767e-02 -9.987955e-01
    outer loop
      vertex   4.900000e+00 4.200000e+00 1.905102e+00
      vertex   -4.900000e+00 4.200000e+00 1.905102e+00
      vertex   4.902408e+00 4.249009e+00 1.907510e+00
    endloop
  endfacet
  facet normal -3.274185e-04 1.142932e-01 -9.934470e-01
    outer loop
      vertex   4.902408e+00 4.249009e+00 1.907510e+00
      vertex   -4.900000e+00 4.200000e+00 1.905102e+00
      vertex   -3.330669e-15 4.297545e+00 1.914709e+00
    endloop
  endfacet
  facet normal 0.000000e+00 1.467305e-01 -9.891765e-01
    outer loop
      vertex   4.902408e+00 4.249009e+00 1.907510e+00
      vertex   -3.330669e-15 4.297545e+00 1.914709e+00
      vertex   1.800000e+00 4.297545e+00 1.914709e+00
    endloop
  endfacet
  facet normal 0.000000e+00 2.902847e-01 -9.569403e-01
    outer loop
      vertex   1.800000e+00 4.297545e+00 1.914709e+00
      vertex   -3.330669e-15 4.297545e+00 1.914709e+00
      vertex   1.800000e+00 4.391342e+00 1.943162e+00
    endloop
  endfacet
  facet normal 0.000000e+00 2.902847e-01 -9.569403e-01
    outer loop
      vertex   1.800000e+00 4.297545e+00 1.914709e+00
      vertex   1.800000e+00 4.391342e+00 1.943162e+00
      vertex   3.600000e+00 4.391342e+00 1.943162e+00
    endloop
  endfacet
  facet normal 0.000000e+00 4.713967e-01 -8.819213e-01
    outer loop
      vertex   3.600000e+00 4.391342e+00 1.943162e+00
      vertex   1.800000e+00 4.391342e+00 1.943162e+00
      vertex   3.600000e+00 4.477785e+00 1.989367e+00
    endloop
  endfacet
  facet normal -1.771570e-03 4.713960e-01 -8.819199e-01
    outer loop
      vertex   3.600000e+00 4.391342e+00 1.943162e+00
      vertex   3.600000e+00 4.477785e+00 1.989367e+00
      vertex   4.959039e+00 4.435698e+00 1.964141e+00
    endloop
  endfacet
  facet normal 1.372758e-16 5.141027e-01 -8.577286e-01
    outer loop
      vertex   4.959039e+00 4.435698e+00 1.964141e+00
      vertex   3.600000e+00 4.477785e+00 1.989367e+00
      vertex   4.984265e+00 4.477785e+00 1.989367e+00
    endloop
  endfacet
  facet normal 1.288394e-16 5.956993e-01 -8.032075e-01
    outer loop
      vertex   4.984265e+00 4.477785e+00 1.989367e+00
      vertex   3.600000e+00 4.477785e+00 1.989367e+00
      vertex   5.013495e+00 4.517197e+00 2.018597e+00
    endloop
  endfacet
  facet normal -1.703319e-03 6.343924e-01 -7.730093e-01
    outer loop
      vertex   5.013495e+00 4.517197e+00 2.018597e+00
      vertex   3.600000e+00 4.477785e+00 1.989367e+00
      vertex   3.600000e+00 4.553553e+00 2.051549e+00
    endloop
  endfacet
  facet normal 0.000000e+00 6.715590e-01 -7.409511e-01
    outer loop
      vertex   5.013495e+00 4.517197e+00 2.018597e+00
      vertex   3.600000e+00 4.553553e+00 2.051549e+00
      vertex   5.046447e+00 4.553553e+00 2.051549e+00
    endloop
  endfacet
  facet normal 0.000000e+00 7.730105e-01 -6.343933e-01
    outer loop
      vertex   5.046447e+00 4.553553e+00 2.051549e+00
      vertex   3.600000e+00 4.553553e+00 2.051549e+00
      vertex   3.600000e+00 4.615735e+00 2.127317e+00
    endloop
  endfacet
  facet normal 0.000000e+00 7.730105e-01 -6.343933e-01
    outer loop
      vertex   5.046447e+00 4.553553e+00 2.051549e+00
      vertex   3.600000e+00 4.615735e+00 2.127317e+00
      vertex   5.122215e+00 4.615735e+00 2.127317e+00
    endloop
  endfacet
  facet normal 0.000000e+00 8.819213e-01 -4.713967e-01
    outer loop
      vertex   5.122215e+00 4.615735e+00 2.127317e+00
      vertex   3.600000e+00 4.615735e+00 2.127317e+00
      vertex   3.600000e+00 4.661940e+00 2.213760e+00
    endloop
  endfacet
  facet normal 0.000000e+00 8.819213e-01 -4.713967e-01
    outer loop
      vertex   5.122215e+00 4.615735e+00 2.127317e+00
      vertex   3.600000e+00 4.661940e+00 2.213760e+00
      vertex   5.208658e+00 4.661940e+00 2.213760e+00
    endloop
  endfacet
  facet normal 0.000000e+00 9.569403e-01 -2.902847e-01
    outer loop
      vertex   5.208658e+00 4.661940e+00 2.213760e+00
      vertex   3.600000e+00 4.661940e+00 2.213760e+00
      vertex   3.600000e+00 4.690393e+00 2.307557e+00
    endloop
  endfacet
  facet normal 0.000000e+00 9.569403e-01 -2.902847e-01
    outer loop
      vertex   5.208658e+00 4.661940e+00 2.213760e+00
      vertex   3.600000e+00 4.690393e+00 2.307557e+00
      vertex   5.302455e+00 4.690393e+00 2.307557e+00
    endloop
  endfacet
  facet normal 0.000000e+00 9.951847e-01 -9.801714e-02
    outer loop
      vertex   5.302455e+00 4.690393e+00 2.307557e+00
      vertex   3.600000e+00 4.690393e+00 2.307557e+00
      vertex   5.400000e+00 4.700000e+00 2.405102e+00
    endloop
  endfacet
  facet normal -4.910012e-16 9.951847e-01 -9.801714e-02
    outer loop
      vertex   5.400000e+00 4.700000e+00 2.405102e+00
      vertex   3.600000e+00 4.690393e+00 2.307557e+00
      vertex   1.800000e+00 4.690393e+00 2.307557e+00
    endloop
  endfacet
  facet normal 0.000000e+00 9.951847e-01 -9.801714e-02
    outer loop
      vertex   5.400000e+00 4.700000e+00 2.405102e+00
      vertex   1.800000e+00 4.690393e+00 2.307557e+00
      vertex   -3.330669e-15 4.690393e+00 2.307557e+00
    endloop
  endfacet
  facet normal 0.000000e+00 9.569403e-01 -2.902847e-01
    outer loop
      vertex   -3.330669e-15 4.690393e+00 2.307557e+00
      vertex   1.800000e+00 4.690393e+00 2.307557e+00
      vertex   -3.330669e-15 4.661940e+00 2.213760e+00
    endloop
  endfacet
  facet normal 0.000000e+00 9.569403e-01 -2.902847e-01
    outer loop
      vertex   -3.330669e-15 4.690393e+00 2.307557e+00
      vertex   -3.330669e-15 4.661940e+00 2.213760e+00
      vertex   -1.800000e+00 4.661940e+00 2.213760e+00
    endloop
  endfacet
  facet normal 0.000000e+00 8.819213e-01 -4.713967e-01
    outer loop
      vertex   -1.800000e+00 4.661940e+00 2.213760e+00
      vertex   -3.330669e-15 4.661940e+00 2.213760e+00
      vertex   -1.800000e+00 4.615735e+00 2.127317e+00
    endloop
  endfacet
  facet normal 0.000000e+00 8.819213e-01 -4.713967e-01
    outer loop
      vertex   -1.800000e+00 4.661940e+00 2.213760e+00
      vertex   -1.800000e+00 4.615735e+00 2.127317e+00
      vertex   -3.600000e+00 4.615735e+00 2.127317e+00
    endloop
  endfacet
  facet normal 0.000000e+00 7.730105e-01 -6.343933e-01
    outer loop
      vertex   -3.600000e+00 4.615735e+00 2.127317e+00
      vertex   -1.800000e+00 4.615735e+00 2.127317e+00
      vertex   -3.600000e+00 4.553553e+00 2.051549e+00
    endloop
  endfacet
  facet normal 0.000000e+00 7.730105e-01 -6.343933e-01
    outer loop
      vertex   -3.600000e+00 4.615735e+00 2.127317e+00
      vertex   -3.600000e+00 4.553553e+00 2.051549e+00
      vertex   -5.046447e+00 4.553553e+00 2.051549e+00
    endloop
  endfacet
  facet normal 0.000000e+00 6.715590e-01 -7.409511e-01
    outer loop
      vertex   -5.046447e+00 4.553553e+00 2.051549e+00
      vertex   -3.600000e+00 4.553553e+00 2.051549e+00
      vertex   -5.013495e+00 4.517197e+00 2.018597e+00
    endloop
  endfacet
  facet normal 1.703319e-03 6.343924e-01 -7.730093e-01
    outer loop
      vertex   -5.013495e+00 4.517197e+00 2.018597e+00
      vertex   -3.600000e+00 4.553553e+00 2.051549e+00
      vertex   -3.600000e+00 4.477785e+00 1.989367e+00
    endloop
  endfacet
  facet normal 0.000000e+00 5.956993e-01 -8.032075e-01
    outer loop
      vertex   -5.013495e+00 4.517197e+00 2.018597e+00
      vertex   -3.600000e+00 4.477785e+00 1.989367e+00
      vertex   -4.984265e+00 4.477785e+00 1.989367e+00
    endloop
  endfacet
  facet normal 0.000000e+00 5.141027e-01 -8.577286e-01
    outer loop
      vertex   -4.984265e+00 4.477785e+00 1.989367e+00
      vertex   -3.600000e+00 4.477785e+00 1.989367e+00
      vertex   -4.959039e+00 4.435698e+00 1.964141e+00
    endloop
  endfacet
  facet normal 1.771570e-03 4.713960e-01 -8.819199e-01
    outer loop
      vertex   -4.959039e+00 4.435698e+00 1.964141e+00
      vertex   -3.600000e+00 4.477785e+00 1.989367e+00
      vertex   -3.600000e+00 4.391342e+00 1.943162e+00
    endloop
  endfacet
  facet normal 0.000000e+00 4.275551e-01 -9.039893e-01
    outer loop
      vertex   -4.959039e+00 4.435698e+00 1.964141e+00
      vertex   -3.600000e+00 4.391342e+00 1.943162e+00
      vertex   -4.938060e+00 4.391342e+00 1.943162e+00
    endloop
  endfacet
  facet normal 0.000000e+00 3.368899e-01 -9.415441e-01
    outer loop
      vertex   -4.938060e+00 4.391342e+00 1.943162e+00
      vertex   -3.600000e+00 4.391342e+00 1.943162e+00
      vertex   -4.921530e+00 4.345142e+00 1.926632e+00
    endloop
  endfacet
  facet normal 1.821853e-03 2.902842e-01 -9.569387e-01
    outer loop
      vertex   -4.921530e+00 4.345142e+00 1.926632e+00
      vertex   -3.600000e+00 4.391342e+00 1.943162e+00
      vertex   -3.600000e+00 4.297545e+00 1.914709e+00
    endloop
  endfacet
  facet normal 3.290094e-16 2.429802e-01 -9.700313e-01
    outer loop
      vertex   -4.921530e+00 4.345142e+00 1.926632e+00
      vertex   -3.600000e+00 4.297545e+00 1.914709e+00
      vertex   -4.909607e+00 4.297545e+00 1.914709e+00
    endloop
  endfacet
  facet normal 3.354308e-16 1.467305e-01 -9.891765e-01
    outer loop
      vertex   -4.909607e+00 4.297545e+00 1.914709e+00
      vertex   -3.600000e+00 4.297545e+00 1.914709e+00
      vertex   -4.902408e+00 4.249009e+00 1.907510e+00
    endloop
  endfacet
  facet normal 3.685949e-03 4.924798e-02 -9.987798e-01
    outer loop
      vertex   -4.902408e+00 4.249009e+00 1.907510e+00
      vertex   -3.600000e+00 4.297545e+00 1.914709e+00
      vertex   -4.900000e+00 4.200000e+00 1.905102e+00
    endloop
  endfacet
  facet normal 0.000000e+00 9.801714e-02 -9.951847e-01
    outer loop
      vertex   -4.900000e+00 4.200000e+00 1.905102e+00
      vertex   -3.600000e+00 4.297545e+00 1.914709e+00
      vertex   -1.800000e+00 4.297545e+00 1.914709e+00
    endloop
  endfacet
  facet normal 0.000000e+00 9.801714e-02 -9.951847e-01
    outer loop
      vertex   -4.900000e+00 4.200000e+00 1.905102e+00
      vertex   -1.800000e+00 4.297545e+00 1.914709e+00
      vertex   -3.330669e-15 4.297545e+00 1.914709e+00
    endloop
  endfacet
  facet normal 0.000000e+00 2.902847e-01 -9.569403e-01
    outer loop
      vertex   -3.330669e-15 4.297545e+00 1.914709e+00
      vertex   -1.800000e+00 4.297545e+00 1.914709e+00
      vertex   -3.330669e-15 4.391342e+00 1.943162e+00
    endloop
  endfacet
  facet normal 0.000000e+00 2.902847e-01 -9.569403e-01
    outer loop
      vertex   -3.330669e-15 4.297545e+00 1.914709e+00
      vertex   -3.330669e-15 4.391342e+00 1.943162e+00
      vertex   1.800000e+00 4.391342e+00 1.943162e+00
    endloop
  endfacet
  facet normal 0.000000e+00 4.713967e-01 -8.819213e-01
    outer loop
      vertex   1.800000e+00 4.391342e+00 1.943162e+00
      vertex   -3.330669e-15 4.391342e+00 1.943162e+00
      vertex   1.800000e+00 4.477785e+00 1.989367e+00
    endloop
  endfacet
  facet normal 0.000000e+00 4.713967e-01 -8.819213e-01
    outer loop
      vertex   1.800000e+00 4.391342e+00 1.943162e+00
      vertex   1.800000e+00 4.477785e+00 1.989367e+00
      vertex   3.600000e+00 4.477785e+00 1.989367e+00
    endloop
  endfacet
  facet normal 0.000000e+00 6.343933e-01 -7.730105e-01
    outer loop
      vertex   3.600000e+00 4.477785e+00 1.989367e+00
      vertex   1.800000e+00 4.477785e+00 1.989367e+00
      vertex   3.600000e+00 4.553553e+00 2.051549e+00
    endloop
  endfacet
  facet normal 0.000000e+00 7.730105e-01 -6.343933e-01
    outer loop
      vertex   -5.046447e+00 4.553553e+00 2.051549e+00
      vertex   -5.122215e+00 4.615735e+00 2.127317e+00
      vertex   -3.600000e+00 4.615735e+00 2.127317e+00
    endloop
  endfacet
  facet normal 0.000000e+00 8.819213e-01 -4.713967e-01
    outer loop
      vertex   -3.600000e+00 4.615735e+00 2.127317e+00
      vertex   -5.122215e+00 4.615735e+00 2.127317e+00
      vertex   -3.600000e+00 4.661940e+00 2.213760e+00
    endloop
  endfacet
  facet normal 0.000000e+00 8.819213e-01 -4.713967e-01
    outer loop
      vertex   -3.600000e+00 4.615735e+00 2.127317e+00
      vertex   -3.600000e+00 4.661940e+00 2.213760e+00
      vertex   -1.800000e+00 4.661940e+00 2.213760e+00
    endloop
  endfacet
  facet normal 0.000000e+00 9.569403e-01 -2.902847e-01
    outer loop
      vertex   -1.800000e+00 4.661940e+00 2.213760e+00
      vertex   -3.600000e+00 4.661940e+00 2.213760e+00
      vertex   -1.800000e+00 4.690393e+00 2.307557e+00
    endloop
  endfacet
  facet normal 0.000000e+00 9.569403e-01 -2.902847e-01
    outer loop
      vertex   -1.800000e+00 4.661940e+00 2.213760e+00
      vertex   -1.800000e+00 4.690393e+00 2.307557e+00
      vertex   -3.330669e-15 4.690393e+00 2.307557e+00
    endloop
  endfacet
  facet normal 0.000000e+00 9.951847e-01 -9.801714e-02
    outer loop
      vertex   -3.330669e-15 4.690393e+00 2.307557e+00
      vertex   -1.800000e+00 4.690393e+00 2.307557e+00
      vertex   -5.400000e+00 4.700000e+00 2.405102e+00
    endloop
  endfacet
  facet normal 0.000000e+00 9.951847e-01 -9.801714e-02
    outer loop
      vertex   -3.330669e-15 4.690393e+00 2.307557e+00
      vertex   -5.400000e+00 4.700000e+00 2.405102e+00
      vertex   5.400000e+00 4.700000e+00 2.405102e+00
    endloop
  endfacet
  facet normal 0.000000e+00 8.819213e-01 -4.713967e-01
    outer loop
      vertex   -5.122215e+00 4.615735e+00 2.127317e+00
      vertex   -5.208658e+00 4.661940e+00 2.213760e+00
      vertex   -3.600000e+00 4.661940e+00 2.213760e+00
    endloop
  endfacet
  facet normal 0.000000e+00 9.569403e-01 -2.902847e-01
    outer loop
      vertex   -3.600000e+00 4.661940e+00 2.213760e+00
      vertex   -5.208658e+00 4.661940e+00 2.213760e+00
      vertex   -3.600000e+00 4.690393e+00 2.307557e+00
    endloop
  endfacet
  facet normal 0.000000e+00 9.569403e-01 -2.902847e-01
    outer loop
      vertex   -3.600000e+00 4.661940e+00 2.213760e+00
      vertex   -3.600000e+00 4.690393e+00 2.307557e+00
      vertex   -1.800000e+00 4.690393e+00 2.307557e+00
    endloop
  endfacet
  facet normal 0.000000e+00 9.951847e-01 -9.801714e-02
    outer loop
      vertex   -1.800000e+00 4.690393e+00 2.307557e+00
      vertex   -3.600000e+00 4.690393e+00 2.307557e+00
      vertex   -5.400000e+00 4.700000e+00 2.405102e+00
    endloop
  endfacet
  facet normal 0.000000e+00 9.569403e-01 -2.902847e-01
    outer loop
      vertex   -5.208658e+00 4.661940e+00 2.213760e+00
      vertex   -5.302455e+00 4.690393e+00 2.307557e+00
      vertex   -3.600000e+00 4.690393e+00 2.307557e+00
    endloop
  endfacet
  facet normal 0.000000e+00 9.951847e-01 -9.801714e-02
    outer loop
      vertex   -3.600000e+00 4.690393e+00 2.307557e+00
      vertex   -5.302455e+00 4.690393e+00 2.307557e+00
      vertex   -5.400000e+00 4.700000e+00 2.405102e+00
    endloop
  endfacet
  facet normal 0.000000e+00 4.275551e-01 -9.039893e-01
    outer loop
      vertex   4.959039e+00 4.435698e+00 1.964141e+00
      vertex   4.938060e+00 4.391342e+00 1.943162e+00
      vertex   3.600000e+00 4.391342e+00 1.943162e+00
    endloop
  endfacet
  facet normal 0.000000e+00 3.368899e-01 -9.415441e-01
    outer loop
      vertex   3.600000e+00 4.391342e+00 1.943162e+00
      vertex   4.938060e+00 4.391342e+00 1.943162e+00
      vertex   4.921530e+00 4.345142e+00 1.926632e+00
    endloop
  endfacet
  facet normal -1.821853e-03 2.902842e-01 -9.569387e-01
    outer loop
      vertex   3.600000e+00 4.391342e+00 1.943162e+00
      vertex   4.921530e+00 4.345142e+00 1.926632e+00
      vertex   3.600000e+00 4.297545e+00 1.914709e+00
    endloop
  endfacet
  facet normal -3.289386e-16 2.429802e-01 -9.700313e-01
    outer loop
      vertex   3.600000e+00 4.297545e+00 1.914709e+00
      vertex   4.921530e+00 4.345142e+00 1.926632e+00
      vertex   4.909607e+00 4.297545e+00 1.914709e+00
    endloop
  endfacet
  facet normal -3.354308e-16 1.467305e-01 -9.891765e-01
    outer loop
      vertex   3.600000e+00 4.297545e+00 1.914709e+00
      vertex   4.909607e+00 4.297545e+00 1.914709e+00
      vertex   4.902408e+00 4.249009e+00 1.907510e+00
    endloop
  endfacet
  facet normal 0.000000e+00 2.902847e-01 -9.569403e-01
    outer loop
      vertex   -1.800000e+00 4.297545e+00 1.914709e+00
      vertex   -3.600000e+00 4.297545e+00 1.914709e+00
      vertex   -1.800000e+00 4.391342e+00 1.943162e+00
    endloop
  endfacet
  facet normal 0.000000e+00 2.902847e-01 -9.569403e-01
    outer loop
      vertex   -1.800000e+00 4.391342e+00 1.943162e+00
      vertex   -3.600000e+00 4.297545e+00 1.914709e+00
      vertex   -3.600000e+00 4.391342e+00 1.943162e+00
    endloop
  endfacet
  facet normal 0.000000e+00 4.713967e-01 -8.819213e-01
    outer loop
      vertex   -1.800000e+00 4.391342e+00 1.943162e+00
      vertex   -3.600000e+00 4.391342e+00 1.943162e+00
      vertex   -1.800000e+00 4.477785e+00 1.989367e+00
    endloop
  endfacet
  facet normal 0.000000e+00 4.713967e-01 -8.819213e-01
    outer loop
      vertex   -1.800000e+00 4.477785e+00 1.989367e+00
      vertex   -3.600000e+00 4.391342e+00 1.943162e+00
      vertex   -3.600000e+00 4.477785e+00 1.989367e+00
    endloop
  endfacet
  facet normal 0.000000e+00 6.343933e-01 -7.730105e-01
    outer loop
      vertex   -1.800000e+00 4.477785e+00 1.989367e+00
      vertex   -3.600000e+00 4.477785e+00 1.989367e+00
      vertex   -1.800000e+00 4.553553e+00 2.051549e+00
    endloop
  endfacet
  facet normal 0.000000e+00 6.343933e-01 -7.730105e-01
    outer loop
      vertex   -1.800000e+00 4.553553e+00 2.051549e+00
      vertex   -3.600000e+00 4.477785e+00 1.989367e+00
      vertex   -3.600000e+00 4.553553e+00 2.051549e+00
    endloop
  endfacet
  facet normal 0.000000e+00 7.730105e-01 -6.343933e-01
    outer loop
      vertex   -1.800000e+00 4.553553e+00 2.051549e+00
      vertex   -3.600000e+00 4.553553e+00 2.051549e+00
      vertex   -1.800000e+00 4.615735e+00 2.127317e+00
    endloop
  endfacet
  facet normal 0.000000e+00 1.467305e-01 -9.891765e-01
    outer loop
      vertex   3.600000e+00 4.297545e+00 1.914709e+00
      vertex   4.902408e+00 4.249009e+00 1.907510e+00
      vertex   1.800000e+00 4.297545e+00 1.914709e+00
    endloop
  endfacet
  facet normal 0.000000e+00 2.902847e-01 -9.569403e-01
    outer loop
      vertex   3.600000e+00 4.391342e+00 1.943162e+00
      vertex   3.600000e+00 4.297545e+00 1.914709e+00
      vertex   1.800000e+00 4.297545e+00 1.914709e+00
    endloop
  endfacet
  facet normal 0.000000e+00 2.902847e-01 -9.569403e-01
    outer loop
      vertex   -1.800000e+00 4.297545e+00 1.914709e+00
      vertex   -1.800000e+00 4.391342e+00 1.943162e+00
      vertex   -3.330669e-15 4.391342e+00 1.943162e+00
    endloop
  endfacet
  facet normal 0.000000e+00 4.713967e-01 -8.819213e-01
    outer loop
      vertex   -3.330669e-15 4.391342e+00 1.943162e+00
      vertex   -1.800000e+00 4.391342e+00 1.943162e+00
      vertex   -3.330669e-15 4.477785e+00 1.989367e+00
    endloop
  endfacet
  facet normal 0.000000e+00 4.713967e-01 -8.819213e-01
    outer loop
      vertex   -3.330669e-15 4.391342e+00 1.943162e+00
      vertex   -3.330669e-15 4.477785e+00 1.989367e+00
      vertex   1.800000e+00 4.477785e+00 1.989367e+00
    endloop
  endfacet
  facet normal 0.000000e+00 6.343933e-01 -7.730105e-01
    outer loop
      vertex   1.800000e+00 4.477785e+00 1.989367e+00
      vertex   -3.330669e-15 4.477785e+00 1.989367e+00
      vertex   1.800000e+00 4.553553e+00 2.051549e+00
    endloop
  endfacet
  facet normal 0.000000e+00 6.343933e-01 -7.730105e-01
    outer loop
      vertex   1.800000e+00 4.477785e+00 1.989367e+00
      vertex   1.800000e+00 4.553553e+00 2.051549e+00
      vertex   3.600000e+00 4.553553e+00 2.051549e+00
    endloop
  endfacet
  facet normal 0.000000e+00 7.730105e-01 -6.343933e-01
    outer loop
      vertex   3.600000e+00 4.553553e+00 2.051549e+00
      vertex   1.800000e+00 4.553553e+00 2.051549e+00
      vertex   3.600000e+00 4.615735e+00 2.127317e+00
    endloop
  endfacet
  facet normal 0.000000e+00 4.713967e-01 -8.819213e-01
    outer loop
      vertex   -3.330669e-15 4.477785e+00 1.989367e+00
      vertex   -1.800000e+00 4.391342e+00 1.943162e+00
      vertex   -1.800000e+00 4.477785e+00 1.989367e+00
    endloop
  endfacet
  facet normal 0.000000e+00 6.343933e-01 -7.730105e-01
    outer loop
      vertex   -3.330669e-15 4.477785e+00 1.989367e+00
      vertex   -1.800000e+00 4.477785e+00 1.989367e+00
      vertex   -3.330669e-15 4.553553e+00 2.051549e+00
    endloop
  endfacet
  facet normal 0.000000e+00 6.343933e-01 -7.730105e-01
    outer loop
      vertex   -3.330669e-15 4.553553e+00 2.051549e+00
      vertex   -1.800000e+00 4.477785e+00 1.989367e+00
      vertex   -1.800000e+00 4.553553e+00 2.051549e+00
    endloop
  endfacet
  facet normal 0.000000e+00 7.730105e-01 -6.343933e-01
    outer loop
      vertex   -3.330669e-15 4.553553e+00 2.051549e+00
      vertex   -1.800000e+00 4.553553e+00 2.051549e+00
      vertex   -3.330669e-15 4.615735e+00 2.127317e+00
    endloop
  endfacet
  facet normal 0.000000e+00 7.730105e-01 -6.343933e-01
    outer loop
      vertex   -3.330669e-15 4.615735e+00 2.127317e+00
      vertex   -1.800000e+00 4.553553e+00 2.051549e+00
      vertex   -1.800000e+00 4.615735e+00 2.127317e+00
    endloop
  endfacet
  facet normal 0.000000e+00 8.819213e-01 -4.713967e-01
    outer loop
      vertex   -3.330669e-15 4.615735e+00 2.127317e+00
      vertex   -1.800000e+00 4.615735e+00 2.127317e+00
      vertex   -3.330669e-15 4.661940e+00 2.213760e+00
    endloop
  endfacet
  facet normal 0.000000e+00 6.343933e-01 -7.730105e-01
    outer loop
      vertex   -3.330669e-15 4.477785e+00 1.989367e+00
      vertex   -3.330669e-15 4.553553e+00 2.051549e+00
      vertex   1.800000e+00 4.553553e+00 2.051549e+00
    endloop
  endfacet
  facet normal 0.000000e+00 7.730105e-01 -6.343933e-01
    outer loop
      vertex   1.800000e+00 4.553553e+00 2.051549e+00
      vertex   -3.330669e-15 4.553553e+00 2.051549e+00
      vertex   1.800000e+00 4.615735e+00 2.127317e+00
    endloop
  endfacet
  facet normal 0.000000e+00 7.730105e-01 -6.343933e-01
    outer loop
      vertex   1.800000e+00 4.553553e+00 2.051549e+00
      vertex   1.800000e+00 4.615735e+00 2.127317e+00
      vertex   3.600000e+00 4.615735e+00 2.127317e+00
    endloop
  endfacet
  facet normal 0.000000e+00 8.819213e-01 -4.713967e-01
    outer loop
      vertex   3.600000e+00 4.615735e+00 2.127317e+00
      vertex   1.800000e+00 4.615735e+00 2.127317e+00
      vertex   3.600000e+00 4.661940e+00 2.213760e+00
    endloop
  endfacet
  facet normal 0.000000e+00 7.730105e-01 -6.343933e-01
    outer loop
      vertex   1.800000e+00 4.615735e+00 2.127317e+00
      vertex   -3.330669e-15 4.553553e+00 2.051549e+00
      vertex   -3.330669e-15 4.615735e+00 2.127317e+00
    endloop
  endfacet
  facet normal 0.000000e+00 8.819213e-01 -4.713967e-01
    outer loop
      vertex   1.800000e+00 4.615735e+00 2.127317e+00
      vertex   -3.330669e-15 4.615735e+00 2.127317e+00
      vertex   1.800000e+00 4.661940e+00 2.213760e+00
    endloop
  endfacet
  facet normal 0.000000e+00 8.819213e-01 -4.713967e-01
    outer loop
      vertex   1.800000e+00 4.661940e+00 2.213760e+00
      vertex   -3.330669e-15 4.615735e+00 2.127317e+00
      vertex   -3.330669e-15 4.661940e+00 2.213760e+00
    endloop
  endfacet
  facet normal 0.000000e+00 9.569403e-01 -2.902847e-01
    outer loop
      vertex   1.800000e+00 4.661940e+00 2.213760e+00
      vertex   -3.330669e-15 4.661940e+00 2.213760e+00
      vertex   1.800000e+00 4.690393e+00 2.307557e+00
    endloop
  endfacet
  facet normal 0.000000e+00 9.569403e-01 -2.902847e-01
    outer loop
      vertex   3.600000e+00 4.690393e+00 2.307557e+00
      vertex   3.600000e+00 4.661940e+00 2.213760e+00
      vertex   1.800000e+00 4.661940e+00 2.213760e+00
    endloop
  endfacet
  facet normal 0.000000e+00 8.819213e-01 -4.713967e-01
    outer loop
      vertex   1.800000e+00 4.661940e+00 2.213760e+00
      vertex   3.600000e+00 4.661940e+00 2.213760e+00
      vertex   1.800000e+00 4.615735e+00 2.127317e+00
    endloop
  endfacet
  facet normal -4.721854e-16 9.569403e-01 -2.902847e-01
    outer loop
      vertex   3.600000e+00 4.690393e+00 2.307557e+00
      vertex   1.800000e+00 4.661940e+00 2.213760e+00
      vertex   1.800000e+00 4.690393e+00 2.307557e+00
    endloop
  endfacet
  facet normal -3.355335e-02 9.994369e-01 -4.845636e-17
    outer loop
      vertex   5.400000e+00 4.700000e+00 -1.900000e+00
      vertex   5.366466e+00 4.698874e+00 -1.900000e+00
      vertex   5.400000e+00 4.700000e+00 2.405102e+00
    endloop
  endfacet
  facet normal -9.851942e-02 9.951350e-01 5.071762e-04
    outer loop
      vertex   5.400000e+00 4.700000e+00 2.405102e+00
      vertex   5.366466e+00 4.698874e+00 -1.900000e+00
      vertex   5.302455e+00 4.690393e+00 2.307557e+00
    endloop
  endfacet
  facet normal -1.313537e-01 9.913356e-01 -2.492578e-16
    outer loop
      vertex   5.302455e+00 4.690393e+00 2.307557e+00
      vertex   5.366466e+00 4.698874e+00 -1.900000e+00
      vertex   5.302455e+00 4.690393e+00 9.034013e-01
    endloop
  endfacet
  facet normal -2.902847e-01 9.569403e-01 -5.508462e-16
    outer loop
      vertex   5.302455e+00 4.690393e+00 2.307557e+00
      vertex   5.302455e+00 4.690393e+00 9.034013e-01
      vertex   5.208658e+00 4.661940e+00 2.213760e+00
    endloop
  endfacet
  facet normal -2.902847e-01 9.569403e-01 4.518679e-16
    outer loop
      vertex   5.208658e+00 4.661940e+00 2.213760e+00
      vertex   5.302455e+00 4.690393e+00 9.034013e-01
      vertex   5.208658e+00 4.661940e+00 9.034013e-01
    endloop
  endfacet
  facet normal -4.713967e-01 8.819213e-01 2.782589e-16
    outer loop
      vertex   5.208658e+00 4.661940e+00 2.213760e+00
      vertex   5.208658e+00 4.661940e+00 9.034013e-01
      vertex   5.122215e+00 4.615735e+00 2.127317e+00
    endloop
  endfacet
  facet normal -4.713967e-01 8.819213e-01 1.279996e-15
    outer loop
      vertex   5.122215e+00 4.615735e+00 2.127317e+00
      vertex   5.208658e+00 4.661940e+00 9.034013e-01
      vertex   5.122215e+00 4.615735e+00 9.034013e-01
    endloop
  endfacet
  facet normal -6.343933e-01 7.730105e-01 1.121926e-15
    outer loop
      vertex   5.122215e+00 4.615735e+00 2.127317e+00
      vertex   5.122215e+00 4.615735e+00 9.034013e-01
      vertex   5.046447e+00 4.553553e+00 2.051549e+00
    endloop
  endfacet
  facet normal -6.343933e-01 7.730105e-01 2.177466e-15
    outer loop
      vertex   5.046447e+00 4.553553e+00 2.051549e+00
      vertex   5.122215e+00 4.615735e+00 9.034013e-01
      vertex   5.046447e+00 4.553553e+00 9.034013e-01
    endloop
  endfacet
  facet normal -7.409511e-01 6.715590e-01 2.185366e-15
    outer loop
      vertex   5.046447e+00 4.553553e+00 2.051549e+00
      vertex   5.046447e+00 4.553553e+00 9.034013e-01
      vertex   5.013495e+00 4.517197e+00 2.018597e+00
    endloop
  endfacet
  facet normal -7.730087e-01 6.343918e-01 -2.158932e-03
    outer loop
      vertex   5.013495e+00 4.517197e+00 2.018597e+00
      vertex   5.046447e+00 4.553553e+00 9.034013e-01
      vertex   4.984265e+00 4.477785e+00 9.034013e-01
    endloop
  endfacet
  facet normal -8.032075e-01 5.956993e-01 2.946234e-15
    outer loop
      vertex   5.013495e+00 4.517197e+00 2.018597e+00
      vertex   4.984265e+00 4.477785e+00 9.034013e-01
      vertex   4.984265e+00 4.477785e+00 1.989367e+00
    endloop
  endfacet
  facet normal -8.577286e-01 5.141027e-01 2.945468e-15
    outer loop
      vertex   4.984265e+00 4.477785e+00 1.989367e+00
      vertex   4.984265e+00 4.477785e+00 9.034013e-01
      vertex   4.959039e+00 4.435698e+00 1.964141e+00
    endloop
  endfacet
  facet normal -8.819190e-01 4.713955e-01 -2.269765e-03
    outer loop
      vertex   4.959039e+00 4.435698e+00 1.964141e+00
      vertex   4.984265e+00 4.477785e+00 9.034013e-01
      vertex   4.938060e+00 4.391342e+00 9.034013e-01
    endloop
  endfacet
  facet normal -9.039893e-01 4.275551e-01 5.363777e-15
    outer loop
      vertex   4.959039e+00 4.435698e+00 1.964141e+00
      vertex   4.938060e+00 4.391342e+00 9.034013e-01
      vertex   4.938060e+00 4.391342e+00 1.943162e+00
    endloop
  endfacet
  facet normal -9.415441e-01 3.368899e-01 5.401234e-15
    outer loop
      vertex   4.938060e+00 4.391342e+00 1.943162e+00
      vertex   4.938060e+00 4.391342e+00 9.034013e-01
      vertex   4.921530e+00 4.345142e+00 1.926632e+00
    endloop
  endfacet
  facet normal -9.569377e-01 2.902839e-01 -2.352969e-03
    outer loop
      vertex   4.921530e+00 4.345142e+00 1.926632e+00
      vertex   4.938060e+00 4.391342e+00 9.034013e-01
      vertex   4.909607e+00 4.297545e+00 9.034013e-01
    endloop
  endfacet
  facet normal -9.700313e-01 2.429802e-01 4.474673e-15
    outer loop
      vertex   4.921530e+00 4.345142e+00 1.926632e+00
      vertex   4.909607e+00 4.297545e+00 9.034013e-01
      vertex   4.909607e+00 4.297545e+00 1.914709e+00
    endloop
  endfacet
  facet normal -9.891765e-01 1.467305e-01 4.472573e-15
    outer loop
      vertex   4.909607e+00 4.297545e+00 1.914709e+00
      vertex   4.909607e+00 4.297545e+00 9.034013e-01
      vertex   4.902408e+00 4.249009e+00 1.907510e+00
    endloop
  endfacet
  facet normal -9.987725e-01 4.930129e-02 -4.778338e-03
    outer loop
      vertex   4.902408e+00 4.249009e+00 1.907510e+00
      vertex   4.909607e+00 4.297545e+00 9.034013e-01
      vertex   4.900000e+00 4.200000e+00 1.905102e+00
    endloop
  endfacet
  facet normal -9.951847e-01 9.801714e-02 -1.177068e-15
    outer loop
      vertex   4.900000e+00 4.200000e+00 1.905102e+00
      vertex   4.909607e+00 4.297545e+00 9.034013e-01
      vertex   4.909607e+00 4.297545e+00 -5.982994e-01
    endloop
  endfacet
  facet normal -9.929603e-01 1.184447e-01 8.044965e-04
    outer loop
      vertex   4.900000e+00 4.200000e+00 1.905102e+00
      vertex   4.909607e+00 4.297545e+00 -5.982994e-01
      vertex   4.901899e+00 4.243105e+00 -2.097406e+00
    endloop
  endfacet
  facet normal -9.915367e-01 1.298261e-01 3.838604e-04
    outer loop
      vertex   4.901899e+00 4.243105e+00 -2.097406e+00
      vertex   4.909607e+00 4.297545e+00 -5.982994e-01
      vertex   4.907516e+00 4.285980e+00 -2.090111e+00
    endloop
  endfacet
  facet normal -9.668483e-01 2.553506e-01 -6.239082e-04
    outer loop
      vertex   4.907516e+00 4.285980e+00 -2.090111e+00
      vertex   4.909607e+00 4.297545e+00 -5.982994e-01
      vertex   4.929420e+00 4.368980e+00 -2.064336e+00
    endloop
  endfacet
  facet normal -9.569396e-01 2.902845e-01 1.212209e-03
    outer loop
      vertex   4.929420e+00 4.368980e+00 -2.064336e+00
      vertex   4.909607e+00 4.297545e+00 -5.982994e-01
      vertex   4.938060e+00 4.391342e+00 -5.982994e-01
    endloop
  endfacet
  facet normal -9.089280e-01 4.169519e-01 -1.002828e-03
    outer loop
      vertex   4.929420e+00 4.368980e+00 -2.064336e+00
      vertex   4.938060e+00 4.391342e+00 -5.982994e-01
      vertex   4.964429e+00 4.445381e+00 -2.029471e+00
    endloop
  endfacet
  facet normal -8.819202e-01 4.713962e-01 1.550518e-03
    outer loop
      vertex   4.964429e+00 4.445381e+00 -2.029471e+00
      vertex   4.938060e+00 4.391342e+00 -5.982994e-01
      vertex   4.984265e+00 4.477785e+00 -5.982994e-01
    endloop
  endfacet
  facet normal -8.288820e-01 5.594222e-01 -1.177671e-03
    outer loop
      vertex   4.964429e+00 4.445381e+00 -2.029471e+00
      vertex   4.984265e+00 4.477785e+00 -5.982994e-01
      vertex   5.009615e+00 4.512409e+00 -1.992966e+00
    endloop
  endfacet
  facet normal -7.730093e-01 6.343924e-01 1.699085e-03
    outer loop
      vertex   5.009615e+00 4.512409e+00 -1.992966e+00
      vertex   4.984265e+00 4.477785e+00 -5.982994e-01
      vertex   5.046447e+00 4.553553e+00 -5.982994e-01
    endloop
  endfacet
  facet normal -7.210364e-01 6.928958e-01 -1.399390e-03
    outer loop
      vertex   5.009615e+00 4.512409e+00 -1.992966e+00
      vertex   5.046447e+00 4.553553e+00 -5.982994e-01
      vertex   5.067563e+00 4.572781e+00 -1.957766e+00
    endloop
  endfacet
  facet normal -6.343929e-01 7.730100e-01 1.079532e-03
    outer loop
      vertex   5.067563e+00 4.572781e+00 -1.957766e+00
      vertex   5.046447e+00 4.553553e+00 -5.982994e-01
      vertex   5.122215e+00 4.615735e+00 -5.982994e-01
    endloop
  endfacet
  facet normal -6.012009e-01 7.990972e-01 -1.079067e-03
    outer loop
      vertex   5.067563e+00 4.572781e+00 -1.957766e+00
      vertex   5.122215e+00 4.615735e+00 -5.982994e-01
      vertex   5.137287e+00 4.625279e+00 -1.927317e+00
    endloop
  endfacet
  facet normal -4.713965e-01 8.819208e-01 9.877854e-04
    outer loop
      vertex   5.137287e+00 4.625279e+00 -1.927317e+00
      vertex   5.122215e+00 4.615735e+00 -5.982994e-01
      vertex   5.208658e+00 4.661940e+00 -5.982994e-01
    endloop
  endfacet
  facet normal -4.508802e-01 8.925844e-01 -4.081470e-04
    outer loop
      vertex   5.137287e+00 4.625279e+00 -1.927317e+00
      vertex   5.208658e+00 4.661940e+00 -5.982994e-01
      vertex   5.213710e+00 4.663893e+00 -1.907587e+00
    endloop
  endfacet
  facet normal -2.902847e-01 9.569403e-01 3.074525e-04
    outer loop
      vertex   5.213710e+00 4.663893e+00 -1.907587e+00
      vertex   5.208658e+00 4.661940e+00 -5.982994e-01
      vertex   5.302455e+00 4.690393e+00 -5.982994e-01
    endloop
  endfacet
  facet normal -2.885645e-01 9.574605e-01 1.803269e-04
    outer loop
      vertex   5.213710e+00 4.663893e+00 -1.907587e+00
      vertex   5.302455e+00 4.690393e+00 -5.982994e-01
      vertex   5.300000e+00 4.689898e+00 -1.900000e+00
    endloop
  endfacet
  facet normal -1.670119e-01 9.859549e-01 -5.973432e-05
    outer loop
      vertex   5.300000e+00 4.689898e+00 -1.900000e+00
      vertex   5.302455e+00 4.690393e+00 -5.982994e-01
      vertex   5.333082e+00 4.695502e+00 -1.900000e+00
    endloop
  endfacet
  facet normal -1.005088e-01 9.949350e-01 1.540240e-03
    outer loop
      vertex   5.333082e+00 4.695502e+00 -1.900000e+00
      vertex   5.302455e+00 4.690393e+00 -5.982994e-01
      vertex   5.366466e+00 4.698874e+00 -1.900000e+00
    endloop
  endfacet
  facet normal -1.313537e-01 9.913356e-01 -7.826959e-17
    outer loop
      vertex   5.366466e+00 4.698874e+00 -1.900000e+00
      vertex   5.302455e+00 4.690393e+00 -5.982994e-01
      vertex   5.302455e+00 4.690393e+00 9.034013e-01
    endloop
  endfacet
  facet normal -9.990310e-01 4.401104e-02 -2.214730e-16
    outer loop
      vertex   4.901899e+00 4.243105e+00 -2.097406e+00
      vertex   4.900000e+00 4.200000e+00 -2.100000e+00
      vertex   4.900000e+00 4.200000e+00 1.905102e+00
    endloop
  endfacet
  facet normal -2.902847e-01 9.569403e-01 -1.738349e-16
    outer loop
      vertex   5.208658e+00 4.661940e+00 9.034013e-01
      vertex   5.302455e+00 4.690393e+00 9.034013e-01
      vertex   5.302455e+00 4.690393e+00 -5.982994e-01
    endloop
  endfacet
  facet normal -4.713967e-01 8.819213e-01 -1.078365e-15
    outer loop
      vertex   5.122215e+00 4.615735e+00 9.034013e-01
      vertex   5.208658e+00 4.661940e+00 9.034013e-01
      vertex   5.208658e+00 4.661940e+00 -5.982994e-01
    endloop
  endfacet
  facet normal -2.902847e-01 9.569403e-01 -9.093576e-16
    outer loop
      vertex   5.208658e+00 4.661940e+00 -5.982994e-01
      vertex   5.208658e+00 4.661940e+00 9.034013e-01
      vertex   5.302455e+00 4.690393e+00 -5.982994e-01
    endloop
  endfacet
  facet normal -6.343933e-01 7.730105e-01 -1.290503e-15
    outer loop
      vertex   5.046447e+00 4.553553e+00 9.034013e-01
      vertex   5.122215e+00 4.615735e+00 9.034013e-01
      vertex   5.122215e+00 4.615735e+00 -5.982994e-01
    endloop
  endfacet
  facet normal -4.713967e-01 8.819213e-01 -1.322029e-15
    outer loop
      vertex   5.122215e+00 4.615735e+00 -5.982994e-01
      vertex   5.122215e+00 4.615735e+00 9.034013e-01
      vertex   5.208658e+00 4.661940e+00 -5.982994e-01
    endloop
  endfacet
  facet normal -7.730105e-01 6.343933e-01 -1.290503e-15
    outer loop
      vertex   4.984265e+00 4.477785e+00 9.034013e-01
      vertex   5.046447e+00 4.553553e+00 9.034013e-01
      vertex   5.046447e+00 4.553553e+00 -5.982994e-01
    endloop
  endfacet
  facet normal -6.343933e-01 7.730105e-01 -1.207618e-15
    outer loop
      vertex   5.046447e+00 4.553553e+00 -5.982994e-01
      vertex   5.046447e+00 4.553553e+00 9.034013e-01
      vertex   5.122215e+00 4.615735e+00 -5.982994e-01
    endloop
  endfacet
  facet normal -8.819213e-01 4.713967e-01 -8.014082e-16
    outer loop
      vertex   4.938060e+00 4.391342e+00 9.034013e-01
      vertex   4.984265e+00 4.477785e+00 9.034013e-01
      vertex   4.984265e+00 4.477785e+00 -5.982994e-01
    endloop
  endfacet
  facet normal -7.730105e-01 6.343933e-01 -8.324067e-16
    outer loop
      vertex   4.984265e+00 4.477785e+00 -5.982994e-01
      vertex   4.984265e+00 4.477785e+00 9.034013e-01
      vertex   5.046447e+00 4.553553e+00 -5.982994e-01
    endloop
  endfacet
  facet normal -9.569403e-01 2.902847e-01 -1.697100e-15
    outer loop
      vertex   4.909607e+00 4.297545e+00 9.034013e-01
      vertex   4.938060e+00 4.391342e+00 9.034013e-01
      vertex   4.938060e+00 4.391342e+00 -5.982994e-01
    endloop
  endfacet
  facet normal -8.819213e-01 4.713967e-01 -1.564833e-15
    outer loop
      vertex   4.938060e+00 4.391342e+00 -5.982994e-01
      vertex   4.938060e+00 4.391342e+00 9.034013e-01
      vertex   4.984265e+00 4.477785e+00 -5.982994e-01
    endloop
  endfacet
  facet normal -9.569403e-01 2.902847e-01 -1.131962e-15
    outer loop
      vertex   4.909607e+00 4.297545e+00 -5.982994e-01
      vertex   4.909607e+00 4.297545e+00 9.034013e-01
      vertex   4.938060e+00 4.391342e+00 -5.982994e-01
    endloop
  endfacet
  facet normal 1.000000e+00 0.000000e+00 -0.000000e+00
    outer loop
      vertex   -4.900000e+00 4.200000e+00 -2.100000e+00
      vertex   -4.900000e+00 4.200000e+00 1.905102e+00
      vertex   -4.900000e+00 1.200000e+00 -2.100000e+00
    endloop
  endfacet
  facet normal 1.000000e+00 0.000000e+00 0.000000e+00
    outer loop
      vertex   -4.900000e+00 1.200000e+00 -2.100000e+00
      vertex   -4.900000e+00 4.200000e+00 1.905102e+00
      vertex   -4.900000e+00 1.200000e+00 1.905102e+00
    endloop
  endfacet
  facet normal 0.000000e+00 0.000000e+00 -1.000000e+00
    outer loop
      vertex   -4.900000e+00 4.200000e+00 1.905102e+00
      vertex   4.900000e+00 4.200000e+00 1.905102e+00
      vertex   -4.900000e+00 1.200000e+00 1.905102e+00
    endloop
  endfacet
  facet normal 0.000000e+00 0.000000e+00 -1.000000e+00
    outer loop
      vertex   -4.900000e+00 1.200000e+00 1.905102e+00
      vertex   4.900000e+00 4.200000e+00 1.905102e+00
      vertex   4.900000e+00 1.200000e+00 1.905102e+00
    endloop
  endfacet
  facet normal -1.000000e+00 -0.000000e+00 -2.217618e-16
    outer loop
      vertex   4.900000e+00 4.200000e+00 1.905102e+00
      vertex   4.900000e+00 4.200000e+00 -2.100000e+00
      vertex   4.900000e+00 1.200000e+00 1.905102e+00
    endloop
  endfacet
  facet normal -1.000000e+00 0.000000e+00 -2.217618e-16
    outer loop
      vertex   4.900000e+00 1.200000e+00 1.905102e+00
      vertex   4.900000e+00 4.200000e+00 -2.100000e+00
      vertex   4.900000e+00 1.200000e+00 -2.100000e+00
    endloop
  endfacet
  facet normal 9.780147e-02 9.929950e-01 6.630076e-02
    outer loop
      vertex   4.097545e+00 4.690393e+00 -2.411851e+00
      vertex   4.000000e+00 4.700000e+00 -2.411851e+00
      vertex   4.041430e+00 4.689812e+00 -2.320374e+00
    endloop
  endfacet
  facet normal 2.829848e-02 9.947862e-01 9.797789e-02
    outer loop
      vertex   4.041430e+00 4.689812e+00 -2.320374e+00
      vertex   4.000000e+00 4.700000e+00 -2.411851e+00
      vertex   4.000000e+00 4.690393e+00 -2.314306e+00
    endloop
  endfacet
  facet normal 5.584827e-02 9.554468e-01 2.898316e-01
    outer loop
      vertex   4.041430e+00 4.689812e+00 -2.320374e+00
      vertex   4.000000e+00 4.690393e+00 -2.314306e+00
      vertex   4.000000e+00 4.661940e+00 -2.220509e+00
    endloop
  endfacet
  facet normal 6.347216e-02 9.541188e-01 2.926238e-01
    outer loop
      vertex   4.041430e+00 4.689812e+00 -2.320374e+00
      vertex   4.000000e+00 4.661940e+00 -2.220509e+00
      vertex   4.072087e+00 4.659746e+00 -2.228994e+00
    endloop
  endfacet
  facet normal 8.203995e-02 8.789483e-01 4.698077e-01
    outer loop
      vertex   4.072087e+00 4.659746e+00 -2.228994e+00
      vertex   4.000000e+00 4.661940e+00 -2.220509e+00
      vertex   4.000000e+00 4.615735e+00 -2.134066e+00
    endloop
  endfacet
  facet normal 8.664685e-02 8.770908e-01 4.724448e-01
    outer loop
      vertex   4.072087e+00 4.659746e+00 -2.228994e+00
      vertex   4.000000e+00 4.615735e+00 -2.134066e+00
      vertex   4.091102e+00 4.611273e+00 -2.142490e+00
    endloop
  endfacet
  facet normal 9.607893e-02 7.694343e-01 6.314584e-01
    outer loop
      vertex   4.091102e+00 4.611273e+00 -2.142490e+00
      vertex   4.000000e+00 4.615735e+00 -2.134066e+00
      vertex   4.000000e+00 4.553553e+00 -2.058297e+00
    endloop
  endfacet
  facet normal 9.756240e-02 7.684710e-01 6.324032e-01
    outer loop
      vertex   4.091102e+00 4.611273e+00 -2.142490e+00
      vertex   4.000000e+00 4.553553e+00 -2.058297e+00
      vertex   4.097545e+00 4.546760e+00 -2.065091e+00
    endloop
  endfacet
  facet normal 9.756240e-02 6.324032e-01 7.684710e-01
    outer loop
      vertex   4.097545e+00 4.546760e+00 -2.065091e+00
      vertex   4.000000e+00 4.553553e+00 -2.058297e+00
      vertex   4.091102e+00 4.469360e+00 -2.000578e+00
    endloop
  endfacet
  facet normal 2.886815e-01 5.987092e-01 7.471347e-01
    outer loop
      vertex   4.097545e+00 4.546760e+00 -2.065091e+00
      vertex   4.091102e+00 4.469360e+00 -2.000578e+00
      vertex   4.184462e+00 4.444001e+00 -2.016329e+00
    endloop
  endfacet
  facet normal 2.620548e-01 4.272838e-01 8.653068e-01
    outer loop
      vertex   4.184462e+00 4.444001e+00 -2.016329e+00
      vertex   4.091102e+00 4.469360e+00 -2.000578e+00
      vertex   4.164160e+00 4.351641e+00 -1.964574e+00
    endloop
  endfacet
  facet normal 4.407247e-01 3.631319e-01 8.209122e-01
    outer loop
      vertex   4.184462e+00 4.444001e+00 -2.016329e+00
      vertex   4.164160e+00 4.351641e+00 -1.964574e+00
      vertex   4.249924e+00 4.314597e+00 -1.994232e+00
    endloop
  endfacet
  facet normal 3.864293e-01 1.686925e-01 9.067608e-01
    outer loop
      vertex   4.249924e+00 4.314597e+00 -1.994232e+00
      vertex   4.164160e+00 4.351641e+00 -1.964574e+00
      vertex   4.216373e+00 4.214593e+00 -1.961329e+00
    endloop
  endfacet
  facet normal 5.095210e-01 1.098455e-01 8.534180e-01
    outer loop
      vertex   4.249924e+00 4.314597e+00 -1.994232e+00
      vertex   4.216373e+00 4.214593e+00 -1.961329e+00
      vertex   4.277785e+00 4.200000e+00 -1.996116e+00
    endloop
  endfacet
  facet normal 4.681195e-01 -1.177125e-01 8.757899e-01
    outer loop
      vertex   4.277785e+00 4.200000e+00 -1.996116e+00
      vertex   4.216373e+00 4.214593e+00 -1.961329e+00
      vertex   4.191342e+00 4.200000e+00 -1.949911e+00
    endloop
  endfacet
  facet normal 3.625053e-01 1.029530e-01 9.262778e-01
    outer loop
      vertex   4.191342e+00 4.200000e+00 -1.949911e+00
      vertex   4.216373e+00 4.214593e+00 -1.961329e+00
      vertex   4.131427e+00 4.254074e+00 -1.932473e+00
    endloop
  endfacet
  facet normal 2.902600e-01 1.304213e-02 9.568589e-01
    outer loop
      vertex   4.191342e+00 4.200000e+00 -1.949911e+00
      vertex   4.131427e+00 4.254074e+00 -1.932473e+00
      vertex   4.097545e+00 4.200000e+00 -1.921458e+00
    endloop
  endfacet
  facet normal 1.563513e-01 1.021504e-01 9.824050e-01
    outer loop
      vertex   4.097545e+00 4.200000e+00 -1.921458e+00
      vertex   4.131427e+00 4.254074e+00 -1.932473e+00
      vertex   4.041430e+00 4.291477e+00 -1.922039e+00
    endloop
  endfacet
  facet normal 9.780147e-02 6.630076e-02 9.929950e-01
    outer loop
      vertex   4.097545e+00 4.200000e+00 -1.921458e+00
      vertex   4.041430e+00 4.291477e+00 -1.922039e+00
      vertex   4.000000e+00 4.200000e+00 -1.911851e+00
    endloop
  endfacet
  facet normal 2.829848e-02 9.797789e-02 9.947862e-01
    outer loop
      vertex   4.000000e+00 4.200000e+00 -1.911851e+00
      vertex   4.041430e+00 4.291477e+00 -1.922039e+00
      vertex   4.000000e+00 4.297545e+00 -1.921458e+00
    endloop
  endfacet
  facet normal 5.584827e-02 2.898316e-01 9.554468e-01
    outer loop
      vertex   4.000000e+00 4.297545e+00 -1.921458e+00
      vertex   4.041430e+00 4.291477e+00 -1.922039e+00
      vertex   4.000000e+00 4.391342e+00 -1.949911e+00
    endloop
  endfacet
  facet normal 6.347216e-02 2.926238e-01 9.541188e-01
    outer loop
      vertex   4.000000e+00 4.391342e+00 -1.949911e+00
      vertex   4.041430e+00 4.291477e+00 -1.922039e+00
      vertex   4.072087e+00 4.382857e+00 -1.952104e+00
    endloop
  endfacet
  facet normal 8.203995e-02 4.698077e-01 8.789483e-01
    outer loop
      vertex   4.000000e+00 4.391342e+00 -1.949911e+00
      vertex   4.072087e+00 4.382857e+00 -1.952104e+00
      vertex   4.000000e+00 4.477785e+00 -1.996116e+00
    endloop
  endfacet
  facet normal 8.664685e-02 4.724448e-01 8.770908e-01
    outer loop
      vertex   4.000000e+00 4.477785e+00 -1.996116e+00
      vertex   4.072087e+00 4.382857e+00 -1.952104e+00
      vertex   4.091102e+00 4.469360e+00 -2.000578e+00
    endloop
  endfacet
  facet normal 9.607893e-02 6.314584e-01 7.694343e-01
    outer loop
      vertex   4.000000e+00 4.477785e+00 -1.996116e+00
      vertex   4.091102e+00 4.469360e+00 -2.000578e+00
      vertex   4.000000e+00 4.553553e+00 -2.058297e+00
    endloop
  endfacet
  facet normal 5.588393e-01 1.223819e-01 8.201959e-01
    outer loop
      vertex   4.249924e+00 4.314597e+00 -1.994232e+00
      vertex   4.277785e+00 4.200000e+00 -1.996116e+00
      vertex   4.326084e+00 4.273150e+00 -2.039939e+00
    endloop
  endfacet
  facet normal 6.337737e-01 4.418417e-02 7.722555e-01
    outer loop
      vertex   4.326084e+00 4.273150e+00 -2.039939e+00
      vertex   4.277785e+00 4.200000e+00 -1.996116e+00
      vertex   4.353553e+00 4.200000e+00 -2.058297e+00
    endloop
  endfacet
  facet normal 7.175032e-01 9.630346e-02 6.898657e-01
    outer loop
      vertex   4.326084e+00 4.273150e+00 -2.039939e+00
      vertex   4.353553e+00 4.200000e+00 -2.058297e+00
      vertex   4.389713e+00 4.228891e+00 -2.099939e+00
    endloop
  endfacet
  facet normal 7.719221e-01 -5.304562e-02 6.335001e-01
    outer loop
      vertex   4.389713e+00 4.228891e+00 -2.099939e+00
      vertex   4.353553e+00 4.200000e+00 -2.058297e+00
      vertex   4.415735e+00 4.200000e+00 -2.134066e+00
    endloop
  endfacet
  facet normal 8.351513e-01 1.175147e-01 5.373198e-01
    outer loop
      vertex   4.389713e+00 4.228891e+00 -2.099939e+00
      vertex   4.415735e+00 4.200000e+00 -2.134066e+00
      vertex   4.409149e+00 4.317310e+00 -2.149486e+00
    endloop
  endfacet
  facet normal 8.560017e-01 1.143282e-01 5.041728e-01
    outer loop
      vertex   4.409149e+00 4.317310e+00 -2.149486e+00
      vertex   4.415735e+00 4.200000e+00 -2.134066e+00
      vertex   4.455973e+00 4.263626e+00 -2.216812e+00
    endloop
  endfacet
  facet normal 8.775935e-01 2.617267e-01 4.016575e-01
    outer loop
      vertex   4.409149e+00 4.317310e+00 -2.149486e+00
      vertex   4.455973e+00 4.263626e+00 -2.216812e+00
      vertex   4.415735e+00 4.396424e+00 -2.215427e+00
    endloop
  endfacet
  facet normal 8.775935e-01 2.617267e-01 4.016575e-01
    outer loop
      vertex   4.415735e+00 4.396424e+00 -2.215427e+00
      vertex   4.455973e+00 4.263626e+00 -2.216812e+00
      vertex   4.461940e+00 4.335299e+00 -2.276552e+00
    endloop
  endfacet
  facet normal 8.775935e-01 4.016575e-01 2.617267e-01
    outer loop
      vertex   4.415735e+00 4.396424e+00 -2.215427e+00
      vertex   4.461940e+00 4.335299e+00 -2.276552e+00
      vertex   4.409149e+00 4.462365e+00 -2.294540e+00
    endloop
  endfacet
  facet normal 8.775935e-01 4.016575e-01 2.617267e-01
    outer loop
      vertex   4.409149e+00 4.462365e+00 -2.294540e+00
      vertex   4.461940e+00 4.335299e+00 -2.276552e+00
      vertex   4.455973e+00 4.395039e+00 -2.348225e+00
    endloop
  endfacet
  facet normal 8.560017e-01 5.041728e-01 1.143282e-01
    outer loop
      vertex   4.409149e+00 4.462365e+00 -2.294540e+00
      vertex   4.455973e+00 4.395039e+00 -2.348225e+00
      vertex   4.415735e+00 4.477785e+00 -2.411851e+00
    endloop
  endfacet
  facet normal 8.805753e-01 4.706773e-01 5.522622e-02
    outer loop
      vertex   4.415735e+00 4.477785e+00 -2.411851e+00
      vertex   4.455973e+00 4.395039e+00 -2.348225e+00
      vertex   4.461940e+00 4.391342e+00 -2.411851e+00
    endloop
  endfacet
  facet normal 9.456071e-01 3.176425e-01 7.021728e-02
    outer loop
      vertex   4.461940e+00 4.391342e+00 -2.411851e+00
      vertex   4.455973e+00 4.395039e+00 -2.348225e+00
      vertex   4.485275e+00 4.320217e+00 -2.404354e+00
    endloop
  endfacet
  facet normal 9.336756e-01 2.832274e-01 -2.191622e-01
    outer loop
      vertex   4.461940e+00 4.391342e+00 -2.411851e+00
      vertex   4.485275e+00 4.320217e+00 -2.404354e+00
      vertex   4.490393e+00 4.297545e+00 -2.411851e+00
    endloop
  endfacet
  facet normal 9.776791e-01 1.941104e-01 8.040316e-02
    outer loop
      vertex   4.490393e+00 4.297545e+00 -2.411851e+00
      vertex   4.485275e+00 4.320217e+00 -2.404354e+00
      vertex   4.490393e+00 4.268975e+00 -2.342876e+00
    endloop
  endfacet
  facet normal 9.943655e-01 9.793646e-02 4.056661e-02
    outer loop
      vertex   4.490393e+00 4.297545e+00 -2.411851e+00
      vertex   4.490393e+00 4.268975e+00 -2.342876e+00
      vertex   4.500000e+00 4.200000e+00 -2.411851e+00
    endloop
  endfacet
  facet normal 9.943655e-01 4.056661e-02 9.793646e-02
    outer loop
      vertex   4.500000e+00 4.200000e+00 -2.411851e+00
      vertex   4.490393e+00 4.268975e+00 -2.342876e+00
      vertex   4.490393e+00 4.200000e+00 -2.314306e+00
    endloop
  endfacet
  facet normal 9.776791e-01 8.040316e-02 1.941104e-01
    outer loop
      vertex   4.490393e+00 4.200000e+00 -2.314306e+00
      vertex   4.490393e+00 4.268975e+00 -2.342876e+00
      vertex   4.485275e+00 4.207496e+00 -2.291633e+00
    endloop
  endfacet
  facet normal 9.336756e-01 -2.191622e-01 2.832274e-01
    outer loop
      vertex   4.490393e+00 4.200000e+00 -2.314306e+00
      vertex   4.485275e+00 4.207496e+00 -2.291633e+00
      vertex   4.461940e+00 4.200000e+00 -2.220509e+00
    endloop
  endfacet
  facet normal 9.456071e-01 7.021728e-02 3.176425e-01
    outer loop
      vertex   4.461940e+00 4.200000e+00 -2.220509e+00
      vertex   4.485275e+00 4.207496e+00 -2.291633e+00
      vertex   4.455973e+00 4.263626e+00 -2.216812e+00
    endloop
  endfacet
  facet normal 8.805753e-01 5.522622e-02 4.706773e-01
    outer loop
      vertex   4.461940e+00 4.200000e+00 -2.220509e+00
      vertex   4.455973e+00 4.263626e+00 -2.216812e+00
      vertex   4.415735e+00 4.200000e+00 -2.134066e+00
    endloop
  endfacet
  facet normal 8.351513e-01 5.373198e-01 1.175147e-01
    outer loop
      vertex   4.409149e+00 4.462365e+00 -2.294540e+00
      vertex   4.415735e+00 4.477785e+00 -2.411851e+00
      vertex   4.389713e+00 4.511912e+00 -2.382960e+00
    endloop
  endfacet
  facet normal 7.719221e-01 6.335001e-01 -5.304562e-02
    outer loop
      vertex   4.389713e+00 4.511912e+00 -2.382960e+00
      vertex   4.415735e+00 4.477785e+00 -2.411851e+00
      vertex   4.353553e+00 4.553553e+00 -2.411851e+00
    endloop
  endfacet
  facet normal 7.175032e-01 6.898657e-01 9.630346e-02
    outer loop
      vertex   4.389713e+00 4.511912e+00 -2.382960e+00
      vertex   4.353553e+00 4.553553e+00 -2.411851e+00
      vertex   4.326084e+00 4.571912e+00 -2.338701e+00
    endloop
  endfacet
  facet normal 6.337737e-01 7.722555e-01 4.418417e-02
    outer loop
      vertex   4.326084e+00 4.571912e+00 -2.338701e+00
      vertex   4.353553e+00 4.553553e+00 -2.411851e+00
      vertex   4.277785e+00 4.615735e+00 -2.411851e+00
    endloop
  endfacet
  facet normal 5.588393e-01 8.201959e-01 1.223819e-01
    outer loop
      vertex   4.326084e+00 4.571912e+00 -2.338701e+00
      vertex   4.277785e+00 4.615735e+00 -2.411851e+00
      vertex   4.249924e+00 4.617619e+00 -2.297253e+00
    endloop
  endfacet
  facet normal 5.095210e-01 8.534180e-01 1.098455e-01
    outer loop
      vertex   4.249924e+00 4.617619e+00 -2.297253e+00
      vertex   4.277785e+00 4.615735e+00 -2.411851e+00
      vertex   4.216373e+00 4.650521e+00 -2.397258e+00
    endloop
  endfacet
  facet normal 3.864293e-01 9.067608e-01 1.686925e-01
    outer loop
      vertex   4.249924e+00 4.617619e+00 -2.297253e+00
      vertex   4.216373e+00 4.650521e+00 -2.397258e+00
      vertex   4.131427e+00 4.679378e+00 -2.357777e+00
    endloop
  endfacet
  facet normal 3.625053e-01 9.262778e-01 1.029530e-01
    outer loop
      vertex   4.131427e+00 4.679378e+00 -2.357777e+00
      vertex   4.216373e+00 4.650521e+00 -2.397258e+00
      vertex   4.191342e+00 4.661940e+00 -2.411851e+00
    endloop
  endfacet
  facet normal 2.902600e-01 9.568589e-01 1.304213e-02
    outer loop
      vertex   4.131427e+00 4.679378e+00 -2.357777e+00
      vertex   4.191342e+00 4.661940e+00 -2.411851e+00
      vertex   4.097545e+00 4.690393e+00 -2.411851e+00
    endloop
  endfacet
  facet normal 4.681195e-01 8.757899e-01 -1.177125e-01
    outer loop
      vertex   4.277785e+00 4.615735e+00 -2.411851e+00
      vertex   4.191342e+00 4.661940e+00 -2.411851e+00
      vertex   4.216373e+00 4.650521e+00 -2.397258e+00
    endloop
  endfacet
  facet normal 1.563513e-01 9.824050e-01 1.021504e-01
    outer loop
      vertex   4.131427e+00 4.679378e+00 -2.357777e+00
      vertex   4.097545e+00 4.690393e+00 -2.411851e+00
      vertex   4.041430e+00 4.689812e+00 -2.320374e+00
    endloop
  endfacet
  facet normal 2.101027e-01 9.474502e-01 2.412362e-01
    outer loop
      vertex   4.131427e+00 4.679378e+00 -2.357777e+00
      vertex   4.041430e+00 4.689812e+00 -2.320374e+00
      vertex   4.164160e+00 4.647277e+00 -2.260210e+00
    endloop
  endfacet
  facet normal 2.101027e-01 9.474502e-01 2.412362e-01
    outer loop
      vertex   4.164160e+00 4.647277e+00 -2.260210e+00
      vertex   4.041430e+00 4.689812e+00 -2.320374e+00
      vertex   4.072087e+00 4.659746e+00 -2.228994e+00
    endloop
  endfacet
  facet normal 2.620548e-01 8.653068e-01 4.272838e-01
    outer loop
      vertex   4.164160e+00 4.647277e+00 -2.260210e+00
      vertex   4.072087e+00 4.659746e+00 -2.228994e+00
      vertex   4.184462e+00 4.595521e+00 -2.167850e+00
    endloop
  endfacet
  facet normal 2.620548e-01 8.653068e-01 4.272838e-01
    outer loop
      vertex   4.184462e+00 4.595521e+00 -2.167850e+00
      vertex   4.072087e+00 4.659746e+00 -2.228994e+00
      vertex   4.091102e+00 4.611273e+00 -2.142490e+00
    endloop
  endfacet
  facet normal 2.886815e-01 7.471347e-01 5.987092e-01
    outer loop
      vertex   4.184462e+00 4.595521e+00 -2.167850e+00
      vertex   4.091102e+00 4.611273e+00 -2.142490e+00
      vertex   4.191342e+00 4.526641e+00 -2.085210e+00
    endloop
  endfacet
  facet normal 2.886815e-01 7.471347e-01 5.987092e-01
    outer loop
      vertex   4.191342e+00 4.526641e+00 -2.085210e+00
      vertex   4.091102e+00 4.611273e+00 -2.142490e+00
      vertex   4.097545e+00 4.546760e+00 -2.065091e+00
    endloop
  endfacet
  facet normal 2.886815e-01 5.987092e-01 7.471347e-01
    outer loop
      vertex   4.191342e+00 4.526641e+00 -2.085210e+00
      vertex   4.097545e+00 4.546760e+00 -2.065091e+00
      vertex   4.184462e+00 4.444001e+00 -2.016329e+00
    endloop
  endfacet
  facet normal 3.864293e-01 9.067608e-01 1.686925e-01
    outer loop
      vertex   4.131427e+00 4.679378e+00 -2.357777e+00
      vertex   4.164160e+00 4.647277e+00 -2.260210e+00
      vertex   4.249924e+00 4.617619e+00 -2.297253e+00
    endloop
  endfacet
  facet normal 4.407247e-01 8.209122e-01 3.631319e-01
    outer loop
      vertex   4.249924e+00 4.617619e+00 -2.297253e+00
      vertex   4.164160e+00 4.647277e+00 -2.260210e+00
      vertex   4.270734e+00 4.564570e+00 -2.202586e+00
    endloop
  endfacet
  facet normal 6.025546e-01 7.453682e-01 2.852266e-01
    outer loop
      vertex   4.249924e+00 4.617619e+00 -2.297253e+00
      vertex   4.270734e+00 4.564570e+00 -2.202586e+00
      vertex   4.346601e+00 4.519609e+00 -2.245364e+00
    endloop
  endfacet
  facet normal 6.305258e-01 6.212289e-01 4.653084e-01
    outer loop
      vertex   4.346601e+00 4.519609e+00 -2.245364e+00
      vertex   4.270734e+00 4.564570e+00 -2.202586e+00
      vertex   4.353553e+00 4.450000e+00 -2.161851e+00
    endloop
  endfacet
  facet normal 7.686033e-01 5.214255e-01 3.706271e-01
    outer loop
      vertex   4.346601e+00 4.519609e+00 -2.245364e+00
      vertex   4.353553e+00 4.450000e+00 -2.161851e+00
      vertex   4.415735e+00 4.396424e+00 -2.215427e+00
    endloop
  endfacet
  facet normal 7.686033e-01 3.706271e-01 5.214255e-01
    outer loop
      vertex   4.415735e+00 4.396424e+00 -2.215427e+00
      vertex   4.353553e+00 4.450000e+00 -2.161851e+00
      vertex   4.409149e+00 4.317310e+00 -2.149486e+00
    endloop
  endfacet
  facet normal 4.407247e-01 8.209122e-01 3.631319e-01
    outer loop
      vertex   4.270734e+00 4.564570e+00 -2.202586e+00
      vertex   4.164160e+00 4.647277e+00 -2.260210e+00
      vertex   4.184462e+00 4.595521e+00 -2.167850e+00
    endloop
  endfacet
  facet normal 7.415510e-01 6.414867e-01 1.964612e-01
    outer loop
      vertex   4.409149e+00 4.462365e+00 -2.294540e+00
      vertex   4.389713e+00 4.511912e+00 -2.382960e+00
      vertex   4.326084e+00 4.571912e+00 -2.338701e+00
    endloop
  endfacet
  facet normal 7.415510e-01 6.414867e-01 1.964612e-01
    outer loop
      vertex   4.409149e+00 4.462365e+00 -2.294540e+00
      vertex   4.326084e+00 4.571912e+00 -2.338701e+00
      vertex   4.346601e+00 4.519609e+00 -2.245364e+00
    endloop
  endfacet
  facet normal 6.025546e-01 7.453682e-01 2.852266e-01
    outer loop
      vertex   4.346601e+00 4.519609e+00 -2.245364e+00
      vertex   4.326084e+00 4.571912e+00 -2.338701e+00
      vertex   4.249924e+00 4.617619e+00 -2.297253e+00
    endloop
  endfacet
  facet normal 4.685524e-01 6.974100e-01 5.422896e-01
    outer loop
      vertex   4.270734e+00 4.564570e+00 -2.202586e+00
      vertex   4.184462e+00 4.595521e+00 -2.167850e+00
      vertex   4.277785e+00 4.493969e+00 -2.117882e+00
    endloop
  endfacet
  facet normal 4.685524e-01 6.974100e-01 5.422896e-01
    outer loop
      vertex   4.277785e+00 4.493969e+00 -2.117882e+00
      vertex   4.184462e+00 4.595521e+00 -2.167850e+00
      vertex   4.191342e+00 4.526641e+00 -2.085210e+00
    endloop
  endfacet
  facet normal 4.685524e-01 5.422896e-01 6.974100e-01
    outer loop
      vertex   4.277785e+00 4.493969e+00 -2.117882e+00
      vertex   4.191342e+00 4.526641e+00 -2.085210e+00
      vertex   4.270734e+00 4.409265e+00 -2.047280e+00
    endloop
  endfacet
  facet normal 4.685524e-01 5.422896e-01 6.974100e-01
    outer loop
      vertex   4.270734e+00 4.409265e+00 -2.047280e+00
      vertex   4.191342e+00 4.526641e+00 -2.085210e+00
      vertex   4.184462e+00 4.444001e+00 -2.016329e+00
    endloop
  endfacet
  facet normal 4.407247e-01 3.631319e-01 8.209122e-01
    outer loop
      vertex   4.270734e+00 4.409265e+00 -2.047280e+00
      vertex   4.184462e+00 4.444001e+00 -2.016329e+00
      vertex   4.249924e+00 4.314597e+00 -1.994232e+00
    endloop
  endfacet
  facet normal 7.686033e-01 5.214255e-01 3.706271e-01
    outer loop
      vertex   4.415735e+00 4.396424e+00 -2.215427e+00
      vertex   4.409149e+00 4.462365e+00 -2.294540e+00
      vertex   4.346601e+00 4.519609e+00 -2.245364e+00
    endloop
  endfacet
  facet normal 9.532727e-01 2.663249e-01 1.426262e-01
    outer loop
      vertex   4.490393e+00 4.268975e+00 -2.342876e+00
      vertex   4.485275e+00 4.320217e+00 -2.404354e+00
      vertex   4.455973e+00 4.395039e+00 -2.348225e+00
    endloop
  endfacet
  facet normal 9.532727e-01 2.663249e-01 1.426262e-01
    outer loop
      vertex   4.490393e+00 4.268975e+00 -2.342876e+00
      vertex   4.455973e+00 4.395039e+00 -2.348225e+00
      vertex   4.461940e+00 4.335299e+00 -2.276552e+00
    endloop
  endfacet
  facet normal 9.532727e-01 1.426262e-01 2.663249e-01
    outer loop
      vertex   4.455973e+00 4.263626e+00 -2.216812e+00
      vertex   4.485275e+00 4.207496e+00 -2.291633e+00
      vertex   4.461940e+00 4.335299e+00 -2.276552e+00
    endloop
  endfacet
  facet normal 9.532727e-01 1.426262e-01 2.663249e-01
    outer loop
      vertex   4.461940e+00 4.335299e+00 -2.276552e+00
      vertex   4.485275e+00 4.207496e+00 -2.291633e+00
      vertex   4.490393e+00 4.268975e+00 -2.342876e+00
    endloop
  endfacet
  facet normal 6.305258e-01 4.653084e-01 6.212289e-01
    outer loop
      vertex   4.353553e+00 4.450000e+00 -2.161851e+00
      vertex   4.277785e+00 4.493969e+00 -2.117882e+00
      vertex   4.346601e+00 4.366487e+00 -2.092242e+00
    endloop
  endfacet
  facet normal 6.305258e-01 4.653084e-01 6.212289e-01
    outer loop
      vertex   4.346601e+00 4.366487e+00 -2.092242e+00
      vertex   4.277785e+00 4.493969e+00 -2.117882e+00
      vertex   4.270734e+00 4.409265e+00 -2.047280e+00
    endloop
  endfacet
  facet normal 6.025546e-01 2.852266e-01 7.453682e-01
    outer loop
      vertex   4.346601e+00 4.366487e+00 -2.092242e+00
      vertex   4.270734e+00 4.409265e+00 -2.047280e+00
      vertex   4.326084e+00 4.273150e+00 -2.039939e+00
    endloop
  endfacet
  facet normal 6.025546e-01 2.852266e-01 7.453682e-01
    outer loop
      vertex   4.326084e+00 4.273150e+00 -2.039939e+00
      vertex   4.270734e+00 4.409265e+00 -2.047280e+00
      vertex   4.249924e+00 4.314597e+00 -1.994232e+00
    endloop
  endfacet
  facet normal 6.305258e-01 6.212289e-01 4.653084e-01
    outer loop
      vertex   4.277785e+00 4.493969e+00 -2.117882e+00
      vertex   4.353553e+00 4.450000e+00 -2.161851e+00
      vertex   4.270734e+00 4.564570e+00 -2.202586e+00
    endloop
  endfacet
  facet normal 7.415510e-01 1.964612e-01 6.414867e-01
    outer loop
      vertex   4.389713e+00 4.228891e+00 -2.099939e+00
      vertex   4.409149e+00 4.317310e+00 -2.149486e+00
      vertex   4.346601e+00 4.366487e+00 -2.092242e+00
    endloop
  endfacet
  facet normal 7.686033e-01 3.706271e-01 5.214255e-01
    outer loop
      vertex   4.346601e+00 4.366487e+00 -2.092242e+00
      vertex   4.409149e+00 4.317310e+00 -2.149486e+00
      vertex   4.353553e+00 4.450000e+00 -2.161851e+00
    endloop
  endfacet
  facet normal 7.415510e-01 1.964612e-01 6.414867e-01
    outer loop
      vertex   4.389713e+00 4.228891e+00 -2.099939e+00
      vertex   4.346601e+00 4.366487e+00 -2.092242e+00
      vertex   4.326084e+00 4.273150e+00 -2.039939e+00
    endloop
  endfacet
  facet normal 2.620548e-01 4.272838e-01 8.653068e-01
    outer loop
      vertex   4.091102e+00 4.469360e+00 -2.000578e+00
      vertex   4.072087e+00 4.382857e+00 -1.952104e+00
      vertex   4.164160e+00 4.351641e+00 -1.964574e+00
    endloop
  endfacet
  facet normal 2.101027e-01 2.412362e-01 9.474502e-01
    outer loop
      vertex   4.164160e+00 4.351641e+00 -1.964574e+00
      vertex   4.072087e+00 4.382857e+00 -1.952104e+00
      vertex   4.131427e+00 4.254074e+00 -1.932473e+00
    endloop
  endfacet
  facet normal 3.864293e-01 1.686925e-01 9.067608e-01
    outer loop
      vertex   4.164160e+00 4.351641e+00 -1.964574e+00
      vertex   4.131427e+00 4.254074e+00 -1.932473e+00
      vertex   4.216373e+00 4.214593e+00 -1.961329e+00
    endloop
  endfacet
  facet normal 2.101027e-01 2.412362e-01 9.474502e-01
    outer loop
      vertex   4.041430e+00 4.291477e+00 -1.922039e+00
      vertex   4.131427e+00 4.254074e+00 -1.932473e+00
      vertex   4.072087e+00 4.382857e+00 -1.952104e+00
    endloop
  endfacet
  facet normal 9.801714e-02 0.000000e+00 9.951847e-01
    outer loop
      vertex   4.000000e+00 4.200000e+00 -1.911851e+00
      vertex   4.000000e+00 1.200000e+00 -1.911851e+00
      vertex   4.097545e+00 2.700000e+00 -1.921458e+00
    endloop
  endfacet
  facet normal 9.801714e-02 1.473169e-16 9.951847e-01
    outer loop
      vertex   4.097545e+00 2.700000e+00 -1.921458e+00
      vertex   4.000000e+00 1.200000e+00 -1.911851e+00
      vertex   4.097545e+00 1.200000e+00 -1.921458e+00
    endloop
  endfacet
  facet normal 2.902847e-01 1.416556e-16 9.569403e-01
    outer loop
      vertex   4.097545e+00 2.700000e+00 -1.921458e+00
      vertex   4.097545e+00 1.200000e+00 -1.921458e+00
      vertex   4.191342e+00 2.700000e+00 -1.949911e+00
    endloop
  endfacet
  facet normal 2.902847e-01 1.416556e-16 9.569403e-01
    outer loop
      vertex   4.191342e+00 2.700000e+00 -1.949911e+00
      vertex   4.097545e+00 1.200000e+00 -1.921458e+00
      vertex   4.191342e+00 1.200000e+00 -1.949911e+00
    endloop
  endfacet
  facet normal 4.713967e-01 1.305506e-16 8.819213e-01
    outer loop
      vertex   4.191342e+00 2.700000e+00 -1.949911e+00
      vertex   4.191342e+00 1.200000e+00 -1.949911e+00
      vertex   4.277785e+00 2.700000e+00 -1.996116e+00
    endloop
  endfacet
  facet normal 4.713967e-01 -1.305506e-16 8.819213e-01
    outer loop
      vertex   4.277785e+00 2.700000e+00 -1.996116e+00
      vertex   4.191342e+00 1.200000e+00 -1.949911e+00
      vertex   4.277785e+00 1.200000e+00 -1.996116e+00
    endloop
  endfacet
  facet normal 6.343933e-01 -1.144285e-16 7.730105e-01
    outer loop
      vertex   4.277785e+00 2.700000e+00 -1.996116e+00
      vertex   4.277785e+00 1.200000e+00 -1.996116e+00
      vertex   4.353553e+00 2.700000e+00 -2.058297e+00
    endloop
  endfacet
  facet normal 6.343933e-01 6.044934e-16 7.730105e-01
    outer loop
      vertex   4.353553e+00 2.700000e+00 -2.058297e+00
      vertex   4.277785e+00 1.200000e+00 -1.996116e+00
      vertex   4.353553e+00 1.200000e+00 -2.058297e+00
    endloop
  endfacet
  facet normal 7.730105e-01 6.455323e-16 6.343933e-01
    outer loop
      vertex   4.353553e+00 2.700000e+00 -2.058297e+00
      vertex   4.353553e+00 1.200000e+00 -2.058297e+00
      vertex   4.415735e+00 2.700000e+00 -2.134066e+00
    endloop
  endfacet
  facet normal 7.730105e-01 0.000000e+00 6.343933e-01
    outer loop
      vertex   4.415735e+00 2.700000e+00 -2.134066e+00
      vertex   4.353553e+00 1.200000e+00 -2.058297e+00
      vertex   4.415735e+00 1.200000e+00 -2.134066e+00
    endloop
  endfacet
  facet normal 8.819213e-01 0.000000e+00 4.713967e-01
    outer loop
      vertex   4.415735e+00 2.700000e+00 -2.134066e+00
      vertex   4.415735e+00 1.200000e+00 -2.134066e+00
      vertex   4.461940e+00 2.700000e+00 -2.220509e+00
    endloop
  endfacet
  facet normal 8.819213e-01 0.000000e+00 4.713967e-01
    outer loop
      vertex   4.461940e+00 2.700000e+00 -2.220509e+00
      vertex   4.415735e+00 1.200000e+00 -2.134066e+00
      vertex   4.461940e+00 1.200000e+00 -2.220509e+00
    endloop
  endfacet
  facet normal 9.569403e-01 0.000000e+00 2.902847e-01
    outer loop
      vertex   4.461940e+00 2.700000e+00 -2.220509e+00
      vertex   4.461940e+00 1.200000e+00 -2.220509e+00
      vertex   4.490393e+00 2.700000e+00 -2.314306e+00
    endloop
  endfacet
  facet normal 9.569403e-01 0.000000e+00 2.902847e-01
    outer loop
      vertex   4.490393e+00 2.700000e+00 -2.314306e+00
      vertex   4.461940e+00 1.200000e+00 -2.220509e+00
      vertex   4.490393e+00 1.200000e+00 -2.314306e+00
    endloop
  endfacet
  facet normal 9.951847e-01 0.000000e+00 9.801714e-02
    outer loop
      vertex   4.490393e+00 2.700000e+00 -2.314306e+00
      vertex   4.490393e+00 1.200000e+00 -2.314306e+00
      vertex   4.500000e+00 1.200000e+00 -2.411851e+00
    endloop
  endfacet
  facet normal 9.951847e-01 2.946339e-16 9.801714e-02
    outer loop
      vertex   4.500000e+00 1.200000e+00 -2.411851e+00
      vertex   4.500000e+00 4.200000e+00 -2.411851e+00
      vertex   4.490393e+00 2.700000e+00 -2.314306e+00
    endloop
  endfacet
  facet normal 9.951847e-01 -0.000000e+00 9.801714e-02
    outer loop
      vertex   4.490393e+00 2.700000e+00 -2.314306e+00
      vertex   4.500000e+00 4.200000e+00 -2.411851e+00
      vertex   4.490393e+00 4.200000e+00 -2.314306e+00
    endloop
  endfacet
  facet normal 9.569403e-01 -0.000000e+00 2.902847e-01
    outer loop
      vertex   4.490393e+00 2.700000e+00 -2.314306e+00
      vertex   4.490393e+00 4.200000e+00 -2.314306e+00
      vertex   4.461940e+00 2.700000e+00 -2.220509e+00
    endloop
  endfacet
  facet normal 9.569403e-01 -0.000000e+00 2.902847e-01
    outer loop
      vertex   4.461940e+00 2.700000e+00 -2.220509e+00
      vertex   4.490393e+00 4.200000e+00 -2.314306e+00
      vertex   4.461940e+00 4.200000e+00 -2.220509e+00
    endloop
  endfacet
  facet normal 8.819213e-01 -0.000000e+00 4.713967e-01
    outer loop
      vertex   4.461940e+00 2.700000e+00 -2.220509e+00
      vertex   4.461940e+00 4.200000e+00 -2.220509e+00
      vertex   4.415735e+00 2.700000e+00 -2.134066e+00
    endloop
  endfacet
  facet normal 8.819213e-01 -0.000000e+00 4.713967e-01
    outer loop
      vertex   4.415735e+00 2.700000e+00 -2.134066e+00
      vertex   4.461940e+00 4.200000e+00 -2.220509e+00
      vertex   4.415735e+00 4.200000e+00 -2.134066e+00
    endloop
  endfacet
  facet normal 7.730105e-01 -0.000000e+00 6.343933e-01
    outer loop
      vertex   4.415735e+00 2.700000e+00 -2.134066e+00
      vertex   4.415735e+00 4.200000e+00 -2.134066e+00
      vertex   4.353553e+00 2.700000e+00 -2.058297e+00
    endloop
  endfacet
  facet normal 7.730105e-01 -0.000000e+00 6.343933e-01
    outer loop
      vertex   4.353553e+00 2.700000e+00 -2.058297e+00
      vertex   4.415735e+00 4.200000e+00 -2.134066e+00
      vertex   4.353553e+00 4.200000e+00 -2.058297e+00
    endloop
  endfacet
  facet normal 6.343933e-01 -0.000000e+00 7.730105e-01
    outer loop
      vertex   4.353553e+00 2.700000e+00 -2.058297e+00
      vertex   4.353553e+00 4.200000e+00 -2.058297e+00
      vertex   4.277785e+00 2.700000e+00 -1.996116e+00
    endloop
  endfacet
  facet normal 6.343933e-01 1.144285e-16 7.730105e-01
    outer loop
      vertex   4.277785e+00 2.700000e+00 -1.996116e+00
      vertex   4.353553e+00 4.200000e+00 -2.058297e+00
      vertex   4.277785e+00 4.200000e+00 -1.996116e+00
    endloop
  endfacet
  facet normal 4.713967e-01 1.305506e-16 8.819213e-01
    outer loop
      vertex   4.277785e+00 2.700000e+00 -1.996116e+00
      vertex   4.277785e+00 4.200000e+00 -1.996116e+00
      vertex   4.191342e+00 2.700000e+00 -1.949911e+00
    endloop
  endfacet
  facet normal 4.713967e-01 -0.000000e+00 8.819213e-01
    outer loop
      vertex   4.191342e+00 2.700000e+00 -1.949911e+00
      vertex   4.277785e+00 4.200000e+00 -1.996116e+00
      vertex   4.191342e+00 4.200000e+00 -1.949911e+00
    endloop
  endfacet
  facet normal 2.902847e-01 -0.000000e+00 9.569403e-01
    outer loop
      vertex   4.191342e+00 2.700000e+00 -1.949911e+00
      vertex   4.191342e+00 4.200000e+00 -1.949911e+00
      vertex   4.097545e+00 2.700000e+00 -1.921458e+00
    endloop
  endfacet
  facet normal 2.902847e-01 -0.000000e+00 9.569403e-01
    outer loop
      vertex   4.097545e+00 2.700000e+00 -1.921458e+00
      vertex   4.191342e+00 4.200000e+00 -1.949911e+00
      vertex   4.097545e+00 4.200000e+00 -1.921458e+00
    endloop
  endfacet
  facet normal 9.801714e-02 -0.000000e+00 9.951847e-01
    outer loop
      vertex   4.097545e+00 2.700000e+00 -1.921458e+00
      vertex   4.097545e+00 4.200000e+00 -1.921458e+00
      vertex   4.000000e+00 4.200000e+00 -1.911851e+00
    endloop
  endfacet
  facet normal 4.056661e-02 9.943655e-01 -9.793646e-02
    outer loop
      vertex   4.000000e+00 4.690393e+00 -2.709396e+00
      vertex   4.000000e+00 4.700000e+00 -2.611851e+00
      vertex   4.068975e+00 4.690393e+00 -2.680826e+00
    endloop
  endfacet
  facet normal 9.793646e-02 9.943655e-01 -4.056661e-02
    outer loop
      vertex   4.068975e+00 4.690393e+00 -2.680826e+00
      vertex   4.000000e+00 4.700000e+00 -2.611851e+00
      vertex   4.097545e+00 4.690393e+00 -2.611851e+00
    endloop
  endfacet
  facet normal 1.941104e-01 9.776791e-01 -8.040316e-02
    outer loop
      vertex   4.068975e+00 4.690393e+00 -2.680826e+00
      vertex   4.097545e+00 4.690393e+00 -2.611851e+00
      vertex   4.120217e+00 4.685275e+00 -2.619347e+00
    endloop
  endfacet
  facet normal 2.832274e-01 9.336756e-01 2.191622e-01
    outer loop
      vertex   4.120217e+00 4.685275e+00 -2.619347e+00
      vertex   4.097545e+00 4.690393e+00 -2.611851e+00
      vertex   4.191342e+00 4.661940e+00 -2.611851e+00
    endloop
  endfacet
  facet normal 3.176425e-01 9.456071e-01 -7.021728e-02
    outer loop
      vertex   4.120217e+00 4.685275e+00 -2.619347e+00
      vertex   4.191342e+00 4.661940e+00 -2.611851e+00
      vertex   4.195039e+00 4.655973e+00 -2.675477e+00
    endloop
  endfacet
  facet normal 4.706773e-01 8.805753e-01 -5.522622e-02
    outer loop
      vertex   4.195039e+00 4.655973e+00 -2.675477e+00
      vertex   4.191342e+00 4.661940e+00 -2.611851e+00
      vertex   4.277785e+00 4.615735e+00 -2.611851e+00
    endloop
  endfacet
  facet normal 5.041728e-01 8.560017e-01 -1.143282e-01
    outer loop
      vertex   4.195039e+00 4.655973e+00 -2.675477e+00
      vertex   4.277785e+00 4.615735e+00 -2.611851e+00
      vertex   4.262365e+00 4.609149e+00 -2.729161e+00
    endloop
  endfacet
  facet normal 5.373198e-01 8.351513e-01 -1.175147e-01
    outer loop
      vertex   4.262365e+00 4.609149e+00 -2.729161e+00
      vertex   4.277785e+00 4.615735e+00 -2.611851e+00
      vertex   4.311912e+00 4.589713e+00 -2.640742e+00
    endloop
  endfacet
  facet normal 6.414867e-01 7.415510e-01 -1.964612e-01
    outer loop
      vertex   4.262365e+00 4.609149e+00 -2.729161e+00
      vertex   4.311912e+00 4.589713e+00 -2.640742e+00
      vertex   4.371912e+00 4.526084e+00 -2.685001e+00
    endloop
  endfacet
  facet normal 6.898657e-01 7.175032e-01 -9.630346e-02
    outer loop
      vertex   4.371912e+00 4.526084e+00 -2.685001e+00
      vertex   4.311912e+00 4.589713e+00 -2.640742e+00
      vertex   4.353553e+00 4.553553e+00 -2.611851e+00
    endloop
  endfacet
  facet normal 7.722555e-01 6.337737e-01 -4.418417e-02
    outer loop
      vertex   4.371912e+00 4.526084e+00 -2.685001e+00
      vertex   4.353553e+00 4.553553e+00 -2.611851e+00
      vertex   4.415735e+00 4.477785e+00 -2.611851e+00
    endloop
  endfacet
  facet normal 6.335001e-01 7.719221e-01 5.304562e-02
    outer loop
      vertex   4.277785e+00 4.615735e+00 -2.611851e+00
      vertex   4.353553e+00 4.553553e+00 -2.611851e+00
      vertex   4.311912e+00 4.589713e+00 -2.640742e+00
    endloop
  endfacet
  facet normal 8.757899e-01 4.681195e-01 1.177125e-01
    outer loop
      vertex   4.461940e+00 4.391342e+00 -2.611851e+00
      vertex   4.450521e+00 4.416373e+00 -2.626444e+00
      vertex   4.415735e+00 4.477785e+00 -2.611851e+00
    endloop
  endfacet
  facet normal 8.534180e-01 5.095210e-01 -1.098455e-01
    outer loop
      vertex   4.415735e+00 4.477785e+00 -2.611851e+00
      vertex   4.450521e+00 4.416373e+00 -2.626444e+00
      vertex   4.417619e+00 4.449924e+00 -2.726448e+00
    endloop
  endfacet
  facet normal 8.201959e-01 5.588393e-01 -1.223819e-01
    outer loop
      vertex   4.415735e+00 4.477785e+00 -2.611851e+00
      vertex   4.417619e+00 4.449924e+00 -2.726448e+00
      vertex   4.371912e+00 4.526084e+00 -2.685001e+00
    endloop
  endfacet
  facet normal 7.453682e-01 6.025546e-01 -2.852266e-01
    outer loop
      vertex   4.371912e+00 4.526084e+00 -2.685001e+00
      vertex   4.417619e+00 4.449924e+00 -2.726448e+00
      vertex   4.319609e+00 4.546601e+00 -2.778337e+00
    endloop
  endfacet
  facet normal 6.414867e-01 7.415510e-01 -1.964612e-01
    outer loop
      vertex   4.371912e+00 4.526084e+00 -2.685001e+00
      vertex   4.319609e+00 4.546601e+00 -2.778337e+00
      vertex   4.262365e+00 4.609149e+00 -2.729161e+00
    endloop
  endfacet
  facet normal 5.214255e-01 7.686033e-01 -3.706271e-01
    outer loop
      vertex   4.262365e+00 4.609149e+00 -2.729161e+00
      vertex   4.319609e+00 4.546601e+00 -2.778337e+00
      vertex   4.196424e+00 4.615735e+00 -2.808275e+00
    endloop
  endfacet
  facet normal 4.016575e-01 8.775935e-01 -2.617267e-01
    outer loop
      vertex   4.262365e+00 4.609149e+00 -2.729161e+00
      vertex   4.196424e+00 4.615735e+00 -2.808275e+00
      vertex   4.135299e+00 4.661940e+00 -2.747150e+00
    endloop
  endfacet
  facet normal 2.617267e-01 8.775935e-01 -4.016575e-01
    outer loop
      vertex   4.135299e+00 4.661940e+00 -2.747150e+00
      vertex   4.196424e+00 4.615735e+00 -2.808275e+00
      vertex   4.063626e+00 4.655973e+00 -2.806890e+00
    endloop
  endfacet
  facet normal 1.426262e-01 9.532727e-01 -2.663249e-01
    outer loop
      vertex   4.135299e+00 4.661940e+00 -2.747150e+00
      vertex   4.063626e+00 4.655973e+00 -2.806890e+00
      vertex   4.007496e+00 4.685275e+00 -2.732068e+00
    endloop
  endfacet
  facet normal 7.021728e-02 9.456071e-01 -3.176425e-01
    outer loop
      vertex   4.007496e+00 4.685275e+00 -2.732068e+00
      vertex   4.063626e+00 4.655973e+00 -2.806890e+00
      vertex   4.000000e+00 4.661940e+00 -2.803193e+00
    endloop
  endfacet
  facet normal -2.191622e-01 9.336756e-01 -2.832274e-01
    outer loop
      vertex   4.007496e+00 4.685275e+00 -2.732068e+00
      vertex   4.000000e+00 4.661940e+00 -2.803193e+00
      vertex   4.000000e+00 4.690393e+00 -2.709396e+00
    endloop
  endfacet
  facet normal 9.262778e-01 3.625053e-01 -1.029530e-01
    outer loop
      vertex   4.450521e+00 4.416373e+00 -2.626444e+00
      vertex   4.461940e+00 4.391342e+00 -2.611851e+00
      vertex   4.479378e+00 4.331427e+00 -2.665925e+00
    endloop
  endfacet
  facet normal 9.568589e-01 2.902600e-01 -1.304213e-02
    outer loop
      vertex   4.479378e+00 4.331427e+00 -2.665925e+00
      vertex   4.461940e+00 4.391342e+00 -2.611851e+00
      vertex   4.490393e+00 4.297545e+00 -2.611851e+00
    endloop
  endfacet
  facet normal 9.824050e-01 1.563513e-01 -1.021504e-01
    outer loop
      vertex   4.479378e+00 4.331427e+00 -2.665925e+00
      vertex   4.490393e+00 4.297545e+00 -2.611851e+00
      vertex   4.489812e+00 4.241430e+00 -2.703328e+00
    endloop
  endfacet
  facet normal 9.929950e-01 9.780147e-02 -6.630076e-02
    outer loop
      vertex   4.489812e+00 4.241430e+00 -2.703328e+00
      vertex   4.490393e+00 4.297545e+00 -2.611851e+00
      vertex   4.500000e+00 4.200000e+00 -2.611851e+00
    endloop
  endfacet
  facet normal 9.947862e-01 2.829848e-02 -9.797789e-02
    outer loop
      vertex   4.489812e+00 4.241430e+00 -2.703328e+00
      vertex   4.500000e+00 4.200000e+00 -2.611851e+00
      vertex   4.490393e+00 4.200000e+00 -2.709396e+00
    endloop
  endfacet
  facet normal 9.554468e-01 5.584827e-02 -2.898316e-01
    outer loop
      vertex   4.490393e+00 4.200000e+00 -2.709396e+00
      vertex   4.461940e+00 4.200000e+00 -2.803193e+00
      vertex   4.489812e+00 4.241430e+00 -2.703328e+00
    endloop
  endfacet
  facet normal 9.541188e-01 6.347216e-02 -2.926238e-01
    outer loop
      vertex   4.489812e+00 4.241430e+00 -2.703328e+00
      vertex   4.461940e+00 4.200000e+00 -2.803193e+00
      vertex   4.459746e+00 4.272087e+00 -2.794708e+00
    endloop
  endfacet
  facet normal 9.474502e-01 2.101027e-01 -2.412362e-01
    outer loop
      vertex   4.489812e+00 4.241430e+00 -2.703328e+00
      vertex   4.459746e+00 4.272087e+00 -2.794708e+00
      vertex   4.447277e+00 4.364160e+00 -2.763492e+00
    endloop
  endfacet
  facet normal 8.653068e-01 2.620548e-01 -4.272838e-01
    outer loop
      vertex   4.447277e+00 4.364160e+00 -2.763492e+00
      vertex   4.459746e+00 4.272087e+00 -2.794708e+00
      vertex   4.395521e+00 4.384462e+00 -2.855852e+00
    endloop
  endfacet
  facet normal 8.209122e-01 4.407247e-01 -3.631319e-01
    outer loop
      vertex   4.447277e+00 4.364160e+00 -2.763492e+00
      vertex   4.395521e+00 4.384462e+00 -2.855852e+00
      vertex   4.364570e+00 4.470734e+00 -2.821116e+00
    endloop
  endfacet
  facet normal 6.974100e-01 4.685524e-01 -5.422896e-01
    outer loop
      vertex   4.364570e+00 4.470734e+00 -2.821116e+00
      vertex   4.395521e+00 4.384462e+00 -2.855852e+00
      vertex   4.293969e+00 4.477785e+00 -2.905820e+00
    endloop
  endfacet
  facet normal 6.212289e-01 6.305258e-01 -4.653084e-01
    outer loop
      vertex   4.364570e+00 4.470734e+00 -2.821116e+00
      vertex   4.293969e+00 4.477785e+00 -2.905820e+00
      vertex   4.250000e+00 4.553553e+00 -2.861851e+00
    endloop
  endfacet
  facet normal 4.653084e-01 6.305258e-01 -6.212289e-01
    outer loop
      vertex   4.250000e+00 4.553553e+00 -2.861851e+00
      vertex   4.293969e+00 4.477785e+00 -2.905820e+00
      vertex   4.166487e+00 4.546601e+00 -2.931460e+00
    endloop
  endfacet
  facet normal 3.706271e-01 7.686033e-01 -5.214255e-01
    outer loop
      vertex   4.250000e+00 4.553553e+00 -2.861851e+00
      vertex   4.166487e+00 4.546601e+00 -2.931460e+00
      vertex   4.117310e+00 4.609149e+00 -2.874216e+00
    endloop
  endfacet
  facet normal 1.964612e-01 7.415510e-01 -6.414867e-01
    outer loop
      vertex   4.117310e+00 4.609149e+00 -2.874216e+00
      vertex   4.166487e+00 4.546601e+00 -2.931460e+00
      vertex   4.028891e+00 4.589713e+00 -2.923763e+00
    endloop
  endfacet
  facet normal 1.175147e-01 8.351513e-01 -5.373198e-01
    outer loop
      vertex   4.117310e+00 4.609149e+00 -2.874216e+00
      vertex   4.028891e+00 4.589713e+00 -2.923763e+00
      vertex   4.000000e+00 4.615735e+00 -2.889636e+00
    endloop
  endfacet
  facet normal -5.304562e-02 7.719221e-01 -6.335001e-01
    outer loop
      vertex   4.000000e+00 4.615735e+00 -2.889636e+00
      vertex   4.028891e+00 4.589713e+00 -2.923763e+00
      vertex   4.000000e+00 4.553553e+00 -2.965404e+00
    endloop
  endfacet
  facet normal 9.630346e-02 7.175032e-01 -6.898657e-01
    outer loop
      vertex   4.000000e+00 4.553553e+00 -2.965404e+00
      vertex   4.028891e+00 4.589713e+00 -2.923763e+00
      vertex   4.073150e+00 4.526084e+00 -2.983762e+00
    endloop
  endfacet
  facet normal 4.418417e-02 6.337737e-01 -7.722555e-01
    outer loop
      vertex   4.000000e+00 4.553553e+00 -2.965404e+00
      vertex   4.073150e+00 4.526084e+00 -2.983762e+00
      vertex   4.000000e+00 4.477785e+00 -3.027586e+00
    endloop
  endfacet
  facet normal 1.223819e-01 5.588393e-01 -8.201959e-01
    outer loop
      vertex   4.000000e+00 4.477785e+00 -3.027586e+00
      vertex   4.073150e+00 4.526084e+00 -2.983762e+00
      vertex   4.114597e+00 4.449924e+00 -3.029469e+00
    endloop
  endfacet
  facet normal 1.098455e-01 5.095210e-01 -8.534180e-01
    outer loop
      vertex   4.000000e+00 4.477785e+00 -3.027586e+00
      vertex   4.114597e+00 4.449924e+00 -3.029469e+00
      vertex   4.014593e+00 4.416373e+00 -3.062372e+00
    endloop
  endfacet
  facet normal 1.686925e-01 3.864293e-01 -9.067608e-01
    outer loop
      vertex   4.014593e+00 4.416373e+00 -3.062372e+00
      vertex   4.114597e+00 4.449924e+00 -3.029469e+00
      vertex   4.151641e+00 4.364160e+00 -3.059128e+00
    endloop
  endfacet
  facet normal 1.686925e-01 3.864293e-01 -9.067608e-01
    outer loop
      vertex   4.014593e+00 4.416373e+00 -3.062372e+00
      vertex   4.151641e+00 4.364160e+00 -3.059128e+00
      vertex   4.054074e+00 4.331427e+00 -3.091229e+00
    endloop
  endfacet
  facet normal 2.412362e-01 2.101027e-01 -9.474502e-01
    outer loop
      vertex   4.054074e+00 4.331427e+00 -3.091229e+00
      vertex   4.151641e+00 4.364160e+00 -3.059128e+00
      vertex   4.182857e+00 4.272087e+00 -3.071597e+00
    endloop
  endfacet
  facet normal 2.412362e-01 2.101027e-01 -9.474502e-01
    outer loop
      vertex   4.054074e+00 4.331427e+00 -3.091229e+00
      vertex   4.182857e+00 4.272087e+00 -3.071597e+00
      vertex   4.091477e+00 4.241430e+00 -3.101663e+00
    endloop
  endfacet
  facet normal 2.926238e-01 6.347216e-02 -9.541188e-01
    outer loop
      vertex   4.091477e+00 4.241430e+00 -3.101663e+00
      vertex   4.182857e+00 4.272087e+00 -3.071597e+00
      vertex   4.191342e+00 4.200000e+00 -3.073791e+00
    endloop
  endfacet
  facet normal 2.898316e-01 5.584827e-02 -9.554468e-01
    outer loop
      vertex   4.091477e+00 4.241430e+00 -3.101663e+00
      vertex   4.191342e+00 4.200000e+00 -3.073791e+00
      vertex   4.097545e+00 4.200000e+00 -3.102243e+00
    endloop
  endfacet
  facet normal 8.789483e-01 8.203995e-02 -4.698077e-01
    outer loop
      vertex   4.461940e+00 4.200000e+00 -2.803193e+00
      vertex   4.415735e+00 4.200000e+00 -2.889636e+00
      vertex   4.459746e+00 4.272087e+00 -2.794708e+00
    endloop
  endfacet
  facet normal 8.770908e-01 8.664685e-02 -4.724448e-01
    outer loop
      vertex   4.459746e+00 4.272087e+00 -2.794708e+00
      vertex   4.415735e+00 4.200000e+00 -2.889636e+00
      vertex   4.411273e+00 4.291102e+00 -2.881211e+00
    endloop
  endfacet
  facet normal 8.653068e-01 2.620548e-01 -4.272838e-01
    outer loop
      vertex   4.459746e+00 4.272087e+00 -2.794708e+00
      vertex   4.411273e+00 4.291102e+00 -2.881211e+00
      vertex   4.395521e+00 4.384462e+00 -2.855852e+00
    endloop
  endfacet
  facet normal 7.471347e-01 2.886815e-01 -5.987092e-01
    outer loop
      vertex   4.395521e+00 4.384462e+00 -2.855852e+00
      vertex   4.411273e+00 4.291102e+00 -2.881211e+00
      vertex   4.326641e+00 4.391342e+00 -2.938492e+00
    endloop
  endfacet
  facet normal 6.974100e-01 4.685524e-01 -5.422896e-01
    outer loop
      vertex   4.395521e+00 4.384462e+00 -2.855852e+00
      vertex   4.326641e+00 4.391342e+00 -2.938492e+00
      vertex   4.293969e+00 4.477785e+00 -2.905820e+00
    endloop
  endfacet
  facet normal 5.422896e-01 4.685524e-01 -6.974100e-01
    outer loop
      vertex   4.293969e+00 4.477785e+00 -2.905820e+00
      vertex   4.326641e+00 4.391342e+00 -2.938492e+00
      vertex   4.209265e+00 4.470734e+00 -2.976421e+00
    endloop
  endfacet
  facet normal 4.653084e-01 6.305258e-01 -6.212289e-01
    outer loop
      vertex   4.293969e+00 4.477785e+00 -2.905820e+00
      vertex   4.209265e+00 4.470734e+00 -2.976421e+00
      vertex   4.166487e+00 4.546601e+00 -2.931460e+00
    endloop
  endfacet
  facet normal 2.852266e-01 6.025546e-01 -7.453682e-01
    outer loop
      vertex   4.166487e+00 4.546601e+00 -2.931460e+00
      vertex   4.209265e+00 4.470734e+00 -2.976421e+00
      vertex   4.073150e+00 4.526084e+00 -2.983762e+00
    endloop
  endfacet
  facet normal 1.964612e-01 7.415510e-01 -6.414867e-01
    outer loop
      vertex   4.166487e+00 4.546601e+00 -2.931460e+00
      vertex   4.073150e+00 4.526084e+00 -2.983762e+00
      vertex   4.028891e+00 4.589713e+00 -2.923763e+00
    endloop
  endfacet
  facet normal 7.694343e-01 9.607893e-02 -6.314584e-01
    outer loop
      vertex   4.415735e+00 4.200000e+00 -2.889636e+00
      vertex   4.353553e+00 4.200000e+00 -2.965404e+00
      vertex   4.411273e+00 4.291102e+00 -2.881211e+00
    endloop
  endfacet
  facet normal 7.684710e-01 9.756240e-02 -6.324032e-01
    outer loop
      vertex   4.411273e+00 4.291102e+00 -2.881211e+00
      vertex   4.353553e+00 4.200000e+00 -2.965404e+00
      vertex   4.346760e+00 4.297545e+00 -2.958611e+00
    endloop
  endfacet
  facet normal 7.471347e-01 2.886815e-01 -5.987092e-01
    outer loop
      vertex   4.411273e+00 4.291102e+00 -2.881211e+00
      vertex   4.346760e+00 4.297545e+00 -2.958611e+00
      vertex   4.326641e+00 4.391342e+00 -2.938492e+00
    endloop
  endfacet
  facet normal 5.987092e-01 2.886815e-01 -7.471347e-01
    outer loop
      vertex   4.326641e+00 4.391342e+00 -2.938492e+00
      vertex   4.346760e+00 4.297545e+00 -2.958611e+00
      vertex   4.244001e+00 4.384462e+00 -3.007372e+00
    endloop
  endfacet
  facet normal 5.422896e-01 4.685524e-01 -6.974100e-01
    outer loop
      vertex   4.326641e+00 4.391342e+00 -2.938492e+00
      vertex   4.244001e+00 4.384462e+00 -3.007372e+00
      vertex   4.209265e+00 4.470734e+00 -2.976421e+00
    endloop
  endfacet
  facet normal 3.631319e-01 4.407247e-01 -8.209122e-01
    outer loop
      vertex   4.209265e+00 4.470734e+00 -2.976421e+00
      vertex   4.244001e+00 4.384462e+00 -3.007372e+00
      vertex   4.114597e+00 4.449924e+00 -3.029469e+00
    endloop
  endfacet
  facet normal 2.852266e-01 6.025546e-01 -7.453682e-01
    outer loop
      vertex   4.209265e+00 4.470734e+00 -2.976421e+00
      vertex   4.114597e+00 4.449924e+00 -3.029469e+00
      vertex   4.073150e+00 4.526084e+00 -2.983762e+00
    endloop
  endfacet
  facet normal 6.324032e-01 9.756240e-02 -7.684710e-01
    outer loop
      vertex   4.346760e+00 4.297545e+00 -2.958611e+00
      vertex   4.353553e+00 4.200000e+00 -2.965404e+00
      vertex   4.269360e+00 4.291102e+00 -3.023124e+00
    endloop
  endfacet
  facet normal 6.314584e-01 9.607893e-02 -7.694343e-01
    outer loop
      vertex   4.269360e+00 4.291102e+00 -3.023124e+00
      vertex   4.353553e+00 4.200000e+00 -2.965404e+00
      vertex   4.277785e+00 4.200000e+00 -3.027586e+00
    endloop
  endfacet
  facet normal 4.724448e-01 8.664685e-02 -8.770908e-01
    outer loop
      vertex   4.269360e+00 4.291102e+00 -3.023124e+00
      vertex   4.277785e+00 4.200000e+00 -3.027586e+00
      vertex   4.182857e+00 4.272087e+00 -3.071597e+00
    endloop
  endfacet
  facet normal 4.698077e-01 8.203995e-02 -8.789483e-01
    outer loop
      vertex   4.182857e+00 4.272087e+00 -3.071597e+00
      vertex   4.277785e+00 4.200000e+00 -3.027586e+00
      vertex   4.191342e+00 4.200000e+00 -3.073791e+00
    endloop
  endfacet
  facet normal 9.797789e-02 2.829848e-02 -9.947862e-01
    outer loop
      vertex   4.097545e+00 4.200000e+00 -3.102243e+00
      vertex   4.000000e+00 4.200000e+00 -3.111851e+00
      vertex   4.091477e+00 4.241430e+00 -3.101663e+00
    endloop
  endfacet
  facet normal 6.630076e-02 9.780147e-02 -9.929950e-01
    outer loop
      vertex   4.091477e+00 4.241430e+00 -3.101663e+00
      vertex   4.000000e+00 4.200000e+00 -3.111851e+00
      vertex   4.000000e+00 4.297545e+00 -3.102243e+00
    endloop
  endfacet
  facet normal 1.021504e-01 1.563513e-01 -9.824050e-01
    outer loop
      vertex   4.091477e+00 4.241430e+00 -3.101663e+00
      vertex   4.000000e+00 4.297545e+00 -3.102243e+00
      vertex   4.054074e+00 4.331427e+00 -3.091229e+00
    endloop
  endfacet
  facet normal 1.304213e-02 2.902600e-01 -9.568589e-01
    outer loop
      vertex   4.054074e+00 4.331427e+00 -3.091229e+00
      vertex   4.000000e+00 4.297545e+00 -3.102243e+00
      vertex   4.000000e+00 4.391342e+00 -3.073791e+00
    endloop
  endfacet
  facet normal 1.029530e-01 3.625053e-01 -9.262778e-01
    outer loop
      vertex   4.054074e+00 4.331427e+00 -3.091229e+00
      vertex   4.000000e+00 4.391342e+00 -3.073791e+00
      vertex   4.014593e+00 4.416373e+00 -3.062372e+00
    endloop
  endfacet
  facet normal -1.177125e-01 4.681195e-01 -8.757899e-01
    outer loop
      vertex   4.014593e+00 4.416373e+00 -3.062372e+00
      vertex   4.000000e+00 4.391342e+00 -3.073791e+00
      vertex   4.000000e+00 4.477785e+00 -3.027586e+00
    endloop
  endfacet
  facet normal 1.143282e-01 8.560017e-01 -5.041728e-01
    outer loop
      vertex   4.117310e+00 4.609149e+00 -2.874216e+00
      vertex   4.000000e+00 4.615735e+00 -2.889636e+00
      vertex   4.063626e+00 4.655973e+00 -2.806890e+00
    endloop
  endfacet
  facet normal 5.522622e-02 8.805753e-01 -4.706773e-01
    outer loop
      vertex   4.063626e+00 4.655973e+00 -2.806890e+00
      vertex   4.000000e+00 4.615735e+00 -2.889636e+00
      vertex   4.000000e+00 4.661940e+00 -2.803193e+00
    endloop
  endfacet
  facet normal 8.040316e-02 9.776791e-01 -1.941104e-01
    outer loop
      vertex   4.007496e+00 4.685275e+00 -2.732068e+00
      vertex   4.000000e+00 4.690393e+00 -2.709396e+00
      vertex   4.068975e+00 4.690393e+00 -2.680826e+00
    endloop
  endfacet
  facet normal 5.987092e-01 2.886815e-01 -7.471347e-01
    outer loop
      vertex   4.244001e+00 4.384462e+00 -3.007372e+00
      vertex   4.346760e+00 4.297545e+00 -2.958611e+00
      vertex   4.269360e+00 4.291102e+00 -3.023124e+00
    endloop
  endfacet
  facet normal 6.212289e-01 6.305258e-01 -4.653084e-01
    outer loop
      vertex   4.364570e+00 4.470734e+00 -2.821116e+00
      vertex   4.250000e+00 4.553553e+00 -2.861851e+00
      vertex   4.319609e+00 4.546601e+00 -2.778337e+00
    endloop
  endfacet
  facet normal 5.214255e-01 7.686033e-01 -3.706271e-01
    outer loop
      vertex   4.319609e+00 4.546601e+00 -2.778337e+00
      vertex   4.250000e+00 4.553553e+00 -2.861851e+00
      vertex   4.196424e+00 4.615735e+00 -2.808275e+00
    endloop
  endfacet
  facet normal 4.016575e-01 8.775935e-01 -2.617267e-01
    outer loop
      vertex   4.195039e+00 4.655973e+00 -2.675477e+00
      vertex   4.262365e+00 4.609149e+00 -2.729161e+00
      vertex   4.135299e+00 4.661940e+00 -2.747150e+00
    endloop
  endfacet
  facet normal 2.617267e-01 8.775935e-01 -4.016575e-01
    outer loop
      vertex   4.063626e+00 4.655973e+00 -2.806890e+00
      vertex   4.196424e+00 4.615735e+00 -2.808275e+00
      vertex   4.117310e+00 4.609149e+00 -2.874216e+00
    endloop
  endfacet
  facet normal 3.706271e-01 7.686033e-01 -5.214255e-01
    outer loop
      vertex   4.117310e+00 4.609149e+00 -2.874216e+00
      vertex   4.196424e+00 4.615735e+00 -2.808275e+00
      vertex   4.250000e+00 4.553553e+00 -2.861851e+00
    endloop
  endfacet
  facet normal 2.663249e-01 9.532727e-01 -1.426262e-01
    outer loop
      vertex   4.120217e+00 4.685275e+00 -2.619347e+00
      vertex   4.195039e+00 4.655973e+00 -2.675477e+00
      vertex   4.068975e+00 4.690393e+00 -2.680826e+00
    endloop
  endfacet
  facet normal 2.663249e-01 9.532727e-01 -1.426262e-01
    outer loop
      vertex   4.068975e+00 4.690393e+00 -2.680826e+00
      vertex   4.195039e+00 4.655973e+00 -2.675477e+00
      vertex   4.135299e+00 4.661940e+00 -2.747150e+00
    endloop
  endfacet
  facet normal 1.426262e-01 9.532727e-01 -2.663249e-01
    outer loop
      vertex   4.068975e+00 4.690393e+00 -2.680826e+00
      vertex   4.135299e+00 4.661940e+00 -2.747150e+00
      vertex   4.007496e+00 4.685275e+00 -2.732068e+00
    endloop
  endfacet
  facet normal 8.209122e-01 4.407247e-01 -3.631319e-01
    outer loop
      vertex   4.447277e+00 4.364160e+00 -2.763492e+00
      vertex   4.364570e+00 4.470734e+00 -2.821116e+00
      vertex   4.417619e+00 4.449924e+00 -2.726448e+00
    endloop
  endfacet
  facet normal 7.453682e-01 6.025546e-01 -2.852266e-01
    outer loop
      vertex   4.417619e+00 4.449924e+00 -2.726448e+00
      vertex   4.364570e+00 4.470734e+00 -2.821116e+00
      vertex   4.319609e+00 4.546601e+00 -2.778337e+00
    endloop
  endfacet
  facet normal 9.067608e-01 3.864293e-01 -1.686925e-01
    outer loop
      vertex   4.450521e+00 4.416373e+00 -2.626444e+00
      vertex   4.479378e+00 4.331427e+00 -2.665925e+00
      vertex   4.417619e+00 4.449924e+00 -2.726448e+00
    endloop
  endfacet
  facet normal 9.067608e-01 3.864293e-01 -1.686925e-01
    outer loop
      vertex   4.417619e+00 4.449924e+00 -2.726448e+00
      vertex   4.479378e+00 4.331427e+00 -2.665925e+00
      vertex   4.447277e+00 4.364160e+00 -2.763492e+00
    endloop
  endfacet
  facet normal 9.474502e-01 2.101027e-01 -2.412362e-01
    outer loop
      vertex   4.479378e+00 4.331427e+00 -2.665925e+00
      vertex   4.489812e+00 4.241430e+00 -2.703328e+00
      vertex   4.447277e+00 4.364160e+00 -2.763492e+00
    endloop
  endfacet
  facet normal 4.272838e-01 2.620548e-01 -8.653068e-01
    outer loop
      vertex   4.182857e+00 4.272087e+00 -3.071597e+00
      vertex   4.151641e+00 4.364160e+00 -3.059128e+00
      vertex   4.269360e+00 4.291102e+00 -3.023124e+00
    endloop
  endfacet
  facet normal 4.272838e-01 2.620548e-01 -8.653068e-01
    outer loop
      vertex   4.269360e+00 4.291102e+00 -3.023124e+00
      vertex   4.151641e+00 4.364160e+00 -3.059128e+00
      vertex   4.244001e+00 4.384462e+00 -3.007372e+00
    endloop
  endfacet
  facet normal 3.631319e-01 4.407247e-01 -8.209122e-01
    outer loop
      vertex   4.151641e+00 4.364160e+00 -3.059128e+00
      vertex   4.114597e+00 4.449924e+00 -3.029469e+00
      vertex   4.244001e+00 4.384462e+00 -3.007372e+00
    endloop
  endfacet
  facet normal 9.951847e-01 0.000000e+00 -9.801714e-02
    outer loop
      vertex   4.500000e+00 4.200000e+00 -2.611851e+00
      vertex   4.500000e+00 1.200000e+00 -2.611851e+00
      vertex   4.490393e+00 2.700000e+00 -2.709396e+00
    endloop
  endfacet
  facet normal 9.951847e-01 -5.892677e-16 -9.801714e-02
    outer loop
      vertex   4.490393e+00 2.700000e+00 -2.709396e+00
      vertex   4.500000e+00 1.200000e+00 -2.611851e+00
      vertex   4.490393e+00 1.200000e+00 -2.709396e+00
    endloop
  endfacet
  facet normal 9.569403e-01 -5.666225e-16 -2.902847e-01
    outer loop
      vertex   4.490393e+00 2.700000e+00 -2.709396e+00
      vertex   4.490393e+00 1.200000e+00 -2.709396e+00
      vertex   4.461940e+00 2.700000e+00 -2.803193e+00
    endloop
  endfacet
  facet normal 9.569403e-01 0.000000e+00 -2.902847e-01
    outer loop
      vertex   4.461940e+00 2.700000e+00 -2.803193e+00
      vertex   4.490393e+00 1.200000e+00 -2.709396e+00
      vertex   4.461940e+00 1.200000e+00 -2.803193e+00
    endloop
  endfacet
  facet normal 8.819213e-01 0.000000e+00 -4.713967e-01
    outer loop
      vertex   4.461940e+00 2.700000e+00 -2.803193e+00
      vertex   4.461940e+00 1.200000e+00 -2.803193e+00
      vertex   4.415735e+00 2.700000e+00 -2.889636e+00
    endloop
  endfacet
  facet normal 8.819213e-01 0.000000e+00 -4.713967e-01
    outer loop
      vertex   4.415735e+00 2.700000e+00 -2.889636e+00
      vertex   4.461940e+00 1.200000e+00 -2.803193e+00
      vertex   4.415735e+00 1.200000e+00 -2.889636e+00
    endloop
  endfacet
  facet normal 7.730105e-01 0.000000e+00 -6.343933e-01
    outer loop
      vertex   4.415735e+00 2.700000e+00 -2.889636e+00
      vertex   4.415735e+00 1.200000e+00 -2.889636e+00
      vertex   4.353553e+00 2.700000e+00 -2.965404e+00
    endloop
  endfacet
  facet normal 7.730105e-01 0.000000e+00 -6.343933e-01
    outer loop
      vertex   4.353553e+00 2.700000e+00 -2.965404e+00
      vertex   4.415735e+00 1.200000e+00 -2.889636e+00
      vertex   4.353553e+00 1.200000e+00 -2.965404e+00
    endloop
  endfacet
  facet normal 6.343933e-01 0.000000e+00 -7.730105e-01
    outer loop
      vertex   4.353553e+00 2.700000e+00 -2.965404e+00
      vertex   4.353553e+00 1.200000e+00 -2.965404e+00
      vertex   4.277785e+00 2.700000e+00 -3.027586e+00
    endloop
  endfacet
  facet normal 6.343933e-01 0.000000e+00 -7.730105e-01
    outer loop
      vertex   4.277785e+00 2.700000e+00 -3.027586e+00
      vertex   4.353553e+00 1.200000e+00 -2.965404e+00
      vertex   4.277785e+00 1.200000e+00 -3.027586e+00
    endloop
  endfacet
  facet normal 4.713967e-01 0.000000e+00 -8.819213e-01
    outer loop
      vertex   4.277785e+00 2.700000e+00 -3.027586e+00
      vertex   4.277785e+00 1.200000e+00 -3.027586e+00
      vertex   4.191342e+00 2.700000e+00 -3.073791e+00
    endloop
  endfacet
  facet normal 4.713967e-01 2.611011e-16 -8.819213e-01
    outer loop
      vertex   4.191342e+00 2.700000e+00 -3.073791e+00
      vertex   4.277785e+00 1.200000e+00 -3.027586e+00
      vertex   4.191342e+00 1.200000e+00 -3.073791e+00
    endloop
  endfacet
  facet normal 2.902847e-01 2.833113e-16 -9.569403e-01
    outer loop
      vertex   4.191342e+00 2.700000e+00 -3.073791e+00
      vertex   4.191342e+00 1.200000e+00 -3.073791e+00
      vertex   4.097545e+00 2.700000e+00 -3.102243e+00
    endloop
  endfacet
  facet normal 2.902847e-01 0.000000e+00 -9.569403e-01
    outer loop
      vertex   4.097545e+00 2.700000e+00 -3.102243e+00
      vertex   4.191342e+00 1.200000e+00 -3.073791e+00
      vertex   4.097545e+00 1.200000e+00 -3.102243e+00
    endloop
  endfacet
  facet normal 9.801714e-02 0.000000e+00 -9.951847e-01
    outer loop
      vertex   4.097545e+00 2.700000e+00 -3.102243e+00
      vertex   4.097545e+00 1.200000e+00 -3.102243e+00
      vertex   4.000000e+00 1.200000e+00 -3.111851e+00
    endloop
  endfacet
  facet normal 9.801714e-02 0.000000e+00 -9.951847e-01
    outer loop
      vertex   4.000000e+00 1.200000e+00 -3.111851e+00
      vertex   4.000000e+00 4.200000e+00 -3.111851e+00
      vertex   4.097545e+00 2.700000e+00 -3.102243e+00
    endloop
  endfacet
  facet normal 9.801714e-02 0.000000e+00 -9.951847e-01
    outer loop
      vertex   4.097545e+00 2.700000e+00 -3.102243e+00
      vertex   4.000000e+00 4.200000e+00 -3.111851e+00
      vertex   4.097545e+00 4.200000e+00 -3.102243e+00
    endloop
  endfacet
  facet normal 2.902847e-01 0.000000e+00 -9.569403e-01
    outer loop
      vertex   4.097545e+00 2.700000e+00 -3.102243e+00
      vertex   4.097545e+00 4.200000e+00 -3.102243e+00
      vertex   4.191342e+00 2.700000e+00 -3.073791e+00
    endloop
  endfacet
  facet normal 2.902847e-01 0.000000e+00 -9.569403e-01
    outer loop
      vertex   4.191342e+00 2.700000e+00 -3.073791e+00
      vertex   4.097545e+00 4.200000e+00 -3.102243e+00
      vertex   4.191342e+00 4.200000e+00 -3.073791e+00
    endloop
  endfacet
  facet normal 4.713967e-01 0.000000e+00 -8.819213e-01
    outer loop
      vertex   4.191342e+00 2.700000e+00 -3.073791e+00
      vertex   4.191342e+00 4.200000e+00 -3.073791e+00
      vertex   4.277785e+00 2.700000e+00 -3.027586e+00
    endloop
  endfacet
  facet normal 4.713967e-01 0.000000e+00 -8.819213e-01
    outer loop
      vertex   4.277785e+00 2.700000e+00 -3.027586e+00
      vertex   4.191342e+00 4.200000e+00 -3.073791e+00
      vertex   4.277785e+00 4.200000e+00 -3.027586e+00
    endloop
  endfacet
  facet normal 6.343933e-01 0.000000e+00 -7.730105e-01
    outer loop
      vertex   4.277785e+00 2.700000e+00 -3.027586e+00
      vertex   4.277785e+00 4.200000e+00 -3.027586e+00
      vertex   4.353553e+00 2.700000e+00 -2.965404e+00
    endloop
  endfacet
  facet normal 6.343933e-01 2.288571e-16 -7.730105e-01
    outer loop
      vertex   4.353553e+00 2.700000e+00 -2.965404e+00
      vertex   4.277785e+00 4.200000e+00 -3.027586e+00
      vertex   4.353553e+00 4.200000e+00 -2.965404e+00
    endloop
  endfacet
  facet normal 7.730105e-01 1.878181e-16 -6.343933e-01
    outer loop
      vertex   4.353553e+00 2.700000e+00 -2.965404e+00
      vertex   4.353553e+00 4.200000e+00 -2.965404e+00
      vertex   4.415735e+00 2.700000e+00 -2.889636e+00
    endloop
  endfacet
  facet normal 7.730105e-01 1.878181e-16 -6.343933e-01
    outer loop
      vertex   4.415735e+00 2.700000e+00 -2.889636e+00
      vertex   4.353553e+00 4.200000e+00 -2.965404e+00
      vertex   4.415735e+00 4.200000e+00 -2.889636e+00
    endloop
  endfacet
  facet normal 8.819213e-01 1.395615e-16 -4.713967e-01
    outer loop
      vertex   4.415735e+00 2.700000e+00 -2.889636e+00
      vertex   4.415735e+00 4.200000e+00 -2.889636e+00
      vertex   4.461940e+00 2.700000e+00 -2.803193e+00
    endloop
  endfacet
  facet normal 8.819213e-01 0.000000e+00 -4.713967e-01
    outer loop
      vertex   4.461940e+00 2.700000e+00 -2.803193e+00
      vertex   4.415735e+00 4.200000e+00 -2.889636e+00
      vertex   4.461940e+00 4.200000e+00 -2.803193e+00
    endloop
  endfacet
  facet normal 9.569403e-01 0.000000e+00 -2.902847e-01
    outer loop
      vertex   4.461940e+00 2.700000e+00 -2.803193e+00
      vertex   4.461940e+00 4.200000e+00 -2.803193e+00
      vertex   4.490393e+00 2.700000e+00 -2.709396e+00
    endloop
  endfacet
  facet normal 9.569403e-01 -8.594153e-17 -2.902847e-01
    outer loop
      vertex   4.490393e+00 2.700000e+00 -2.709396e+00
      vertex   4.461940e+00 4.200000e+00 -2.803193e+00
      vertex   4.490393e+00 4.200000e+00 -2.709396e+00
    endloop
  endfacet
  facet normal 9.951847e-01 -2.901890e-17 -9.801714e-02
    outer loop
      vertex   4.490393e+00 2.700000e+00 -2.709396e+00
      vertex   4.490393e+00 4.200000e+00 -2.709396e+00
      vertex   4.500000e+00 4.200000e+00 -2.611851e+00
    endloop
  endfacet
  facet normal -4.056661e-02 9.943655e-01 9.793646e-02
    outer loop
      vertex   -4.000000e+00 4.690393e+00 -2.314306e+00
      vertex   -4.000000e+00 4.700000e+00 -2.411851e+00
      vertex   -4.068975e+00 4.690393e+00 -2.342876e+00
    endloop
  endfacet
  facet normal -9.793646e-02 9.943655e-01 4.056661e-02
    outer loop
      vertex   -4.068975e+00 4.690393e+00 -2.342876e+00
      vertex   -4.000000e+00 4.700000e+00 -2.411851e+00
      vertex   -4.097545e+00 4.690393e+00 -2.411851e+00
    endloop
  endfacet
  facet normal -1.941104e-01 9.776791e-01 8.040316e-02
    outer loop
      vertex   -4.068975e+00 4.690393e+00 -2.342876e+00
      vertex   -4.097545e+00 4.690393e+00 -2.411851e+00
      vertex   -4.120217e+00 4.685275e+00 -2.404354e+00
    endloop
  endfacet
  facet normal -2.832274e-01 9.336756e-01 -2.191622e-01
    outer loop
      vertex   -4.120217e+00 4.685275e+00 -2.404354e+00
      vertex   -4.097545e+00 4.690393e+00 -2.411851e+00
      vertex   -4.191342e+00 4.661940e+00 -2.411851e+00
    endloop
  endfacet
  facet normal -3.176425e-01 9.456071e-01 7.021728e-02
    outer loop
      vertex   -4.120217e+00 4.685275e+00 -2.404354e+00
      vertex   -4.191342e+00 4.661940e+00 -2.411851e+00
      vertex   -4.195039e+00 4.655973e+00 -2.348225e+00
    endloop
  endfacet
  facet normal -4.706773e-01 8.805753e-01 5.522622e-02
    outer loop
      vertex   -4.195039e+00 4.655973e+00 -2.348225e+00
      vertex   -4.191342e+00 4.661940e+00 -2.411851e+00
      vertex   -4.277785e+00 4.615735e+00 -2.411851e+00
    endloop
  endfacet
  facet normal -5.041728e-01 8.560017e-01 1.143282e-01
    outer loop
      vertex   -4.195039e+00 4.655973e+00 -2.348225e+00
      vertex   -4.277785e+00 4.615735e+00 -2.411851e+00
      vertex   -4.262365e+00 4.609149e+00 -2.294540e+00
    endloop
  endfacet
  facet normal -5.373198e-01 8.351513e-01 1.175147e-01
    outer loop
      vertex   -4.262365e+00 4.609149e+00 -2.294540e+00
      vertex   -4.277785e+00 4.615735e+00 -2.411851e+00
      vertex   -4.311912e+00 4.589713e+00 -2.382960e+00
    endloop
  endfacet
  facet normal -6.414867e-01 7.415510e-01 1.964612e-01
    outer loop
      vertex   -4.262365e+00 4.609149e+00 -2.294540e+00
      vertex   -4.311912e+00 4.589713e+00 -2.382960e+00
      vertex   -4.371912e+00 4.526084e+00 -2.338701e+00
    endloop
  endfacet
  facet normal -6.898657e-01 7.175032e-01 9.630346e-02
    outer loop
      vertex   -4.371912e+00 4.526084e+00 -2.338701e+00
      vertex   -4.311912e+00 4.589713e+00 -2.382960e+00
      vertex   -4.353553e+00 4.553553e+00 -2.411851e+00
    endloop
  endfacet
  facet normal -7.722555e-01 6.337737e-01 4.418417e-02
    outer loop
      vertex   -4.371912e+00 4.526084e+00 -2.338701e+00
      vertex   -4.353553e+00 4.553553e+00 -2.411851e+00
      vertex   -4.415735e+00 4.477785e+00 -2.411851e+00
    endloop
  endfacet
  facet normal -6.335001e-01 7.719221e-01 -5.304562e-02
    outer loop
      vertex   -4.277785e+00 4.615735e+00 -2.411851e+00
      vertex   -4.353553e+00 4.553553e+00 -2.411851e+00
      vertex   -4.311912e+00 4.589713e+00 -2.382960e+00
    endloop
  endfacet
  facet normal -8.757899e-01 4.681195e-01 -1.177125e-01
    outer loop
      vertex   -4.461940e+00 4.391342e+00 -2.411851e+00
      vertex   -4.450521e+00 4.416373e+00 -2.397258e+00
      vertex   -4.415735e+00 4.477785e+00 -2.411851e+00
    endloop
  endfacet
  facet normal -8.534180e-01 5.095210e-01 1.098455e-01
    outer loop
      vertex   -4.415735e+00 4.477785e+00 -2.411851e+00
      vertex   -4.450521e+00 4.416373e+00 -2.397258e+00
      vertex   -4.417619e+00 4.449924e+00 -2.297253e+00
    endloop
  endfacet
  facet normal -8.201959e-01 5.588393e-01 1.223819e-01
    outer loop
      vertex   -4.415735e+00 4.477785e+00 -2.411851e+00
      vertex   -4.417619e+00 4.449924e+00 -2.297253e+00
      vertex   -4.371912e+00 4.526084e+00 -2.338701e+00
    endloop
  endfacet
  facet normal -7.453682e-01 6.025546e-01 2.852266e-01
    outer loop
      vertex   -4.371912e+00 4.526084e+00 -2.338701e+00
      vertex   -4.417619e+00 4.449924e+00 -2.297253e+00
      vertex   -4.319609e+00 4.546601e+00 -2.245364e+00
    endloop
  endfacet
  facet normal -6.414867e-01 7.415510e-01 1.964612e-01
    outer loop
      vertex   -4.371912e+00 4.526084e+00 -2.338701e+00
      vertex   -4.319609e+00 4.546601e+00 -2.245364e+00
      vertex   -4.262365e+00 4.609149e+00 -2.294540e+00
    endloop
  endfacet
  facet normal -5.214255e-01 7.686033e-01 3.706271e-01
    outer loop
      vertex   -4.262365e+00 4.609149e+00 -2.294540e+00
      vertex   -4.319609e+00 4.546601e+00 -2.245364e+00
      vertex   -4.196424e+00 4.615735e+00 -2.215427e+00
    endloop
  endfacet
  facet normal -4.016575e-01 8.775935e-01 2.617267e-01
    outer loop
      vertex   -4.262365e+00 4.609149e+00 -2.294540e+00
      vertex   -4.196424e+00 4.615735e+00 -2.215427e+00
      vertex   -4.135299e+00 4.661940e+00 -2.276552e+00
    endloop
  endfacet
  facet normal -2.617267e-01 8.775935e-01 4.016575e-01
    outer loop
      vertex   -4.135299e+00 4.661940e+00 -2.276552e+00
      vertex   -4.196424e+00 4.615735e+00 -2.215427e+00
      vertex   -4.063626e+00 4.655973e+00 -2.216812e+00
    endloop
  endfacet
  facet normal -1.426262e-01 9.532727e-01 2.663249e-01
    outer loop
      vertex   -4.135299e+00 4.661940e+00 -2.276552e+00
      vertex   -4.063626e+00 4.655973e+00 -2.216812e+00
      vertex   -4.007496e+00 4.685275e+00 -2.291633e+00
    endloop
  endfacet
  facet normal -7.021728e-02 9.456071e-01 3.176425e-01
    outer loop
      vertex   -4.007496e+00 4.685275e+00 -2.291633e+00
      vertex   -4.063626e+00 4.655973e+00 -2.216812e+00
      vertex   -4.000000e+00 4.661940e+00 -2.220509e+00
    endloop
  endfacet
  facet normal 2.191622e-01 9.336756e-01 2.832274e-01
    outer loop
      vertex   -4.007496e+00 4.685275e+00 -2.291633e+00
      vertex   -4.000000e+00 4.661940e+00 -2.220509e+00
      vertex   -4.000000e+00 4.690393e+00 -2.314306e+00
    endloop
  endfacet
  facet normal -9.262778e-01 3.625053e-01 1.029530e-01
    outer loop
      vertex   -4.450521e+00 4.416373e+00 -2.397258e+00
      vertex   -4.461940e+00 4.391342e+00 -2.411851e+00
      vertex   -4.479378e+00 4.331427e+00 -2.357777e+00
    endloop
  endfacet
  facet normal -9.568589e-01 2.902600e-01 1.304213e-02
    outer loop
      vertex   -4.479378e+00 4.331427e+00 -2.357777e+00
      vertex   -4.461940e+00 4.391342e+00 -2.411851e+00
      vertex   -4.490393e+00 4.297545e+00 -2.411851e+00
    endloop
  endfacet
  facet normal -9.824050e-01 1.563513e-01 1.021504e-01
    outer loop
      vertex   -4.479378e+00 4.331427e+00 -2.357777e+00
      vertex   -4.490393e+00 4.297545e+00 -2.411851e+00
      vertex   -4.489812e+00 4.241430e+00 -2.320374e+00
    endloop
  endfacet
  facet normal -9.929950e-01 9.780147e-02 6.630076e-02
    outer loop
      vertex   -4.489812e+00 4.241430e+00 -2.320374e+00
      vertex   -4.490393e+00 4.297545e+00 -2.411851e+00
      vertex   -4.500000e+00 4.200000e+00 -2.411851e+00
    endloop
  endfacet
  facet normal -9.947862e-01 2.829848e-02 9.797789e-02
    outer loop
      vertex   -4.489812e+00 4.241430e+00 -2.320374e+00
      vertex   -4.500000e+00 4.200000e+00 -2.411851e+00
      vertex   -4.490393e+00 4.200000e+00 -2.314306e+00
    endloop
  endfacet
  facet normal -9.554468e-01 5.584827e-02 2.898316e-01
    outer loop
      vertex   -4.490393e+00 4.200000e+00 -2.314306e+00
      vertex   -4.461940e+00 4.200000e+00 -2.220509e+00
      vertex   -4.489812e+00 4.241430e+00 -2.320374e+00
    endloop
  endfacet
  facet normal -9.541188e-01 6.347216e-02 2.926238e-01
    outer loop
      vertex   -4.489812e+00 4.241430e+00 -2.320374e+00
      vertex   -4.461940e+00 4.200000e+00 -2.220509e+00
      vertex   -4.459746e+00 4.272087e+00 -2.228994e+00
    endloop
  endfacet
  facet normal -9.474502e-01 2.101027e-01 2.412362e-01
    outer loop
      vertex   -4.489812e+00 4.241430e+00 -2.320374e+00
      vertex   -4.459746e+00 4.272087e+00 -2.228994e+00
      vertex   -4.447277e+00 4.364160e+00 -2.260210e+00
    endloop
  endfacet
  facet normal -8.653068e-01 2.620548e-01 4.272838e-01
    outer loop
      vertex   -4.447277e+00 4.364160e+00 -2.260210e+00
      vertex   -4.459746e+00 4.272087e+00 -2.228994e+00
      vertex   -4.395521e+00 4.384462e+00 -2.167850e+00
    endloop
  endfacet
  facet normal -8.209122e-01 4.407247e-01 3.631319e-01
    outer loop
      vertex   -4.447277e+00 4.364160e+00 -2.260210e+00
      vertex   -4.395521e+00 4.384462e+00 -2.167850e+00
      vertex   -4.364570e+00 4.470734e+00 -2.202586e+00
    endloop
  endfacet
  facet normal -6.974100e-01 4.685524e-01 5.422896e-01
    outer loop
      vertex   -4.364570e+00 4.470734e+00 -2.202586e+00
      vertex   -4.395521e+00 4.384462e+00 -2.167850e+00
      vertex   -4.293969e+00 4.477785e+00 -2.117882e+00
    endloop
  endfacet
  facet normal -6.212289e-01 6.305258e-01 4.653084e-01
    outer loop
      vertex   -4.364570e+00 4.470734e+00 -2.202586e+00
      vertex   -4.293969e+00 4.477785e+00 -2.117882e+00
      vertex   -4.250000e+00 4.553553e+00 -2.161851e+00
    endloop
  endfacet
  facet normal -4.653084e-01 6.305258e-01 6.212289e-01
    outer loop
      vertex   -4.250000e+00 4.553553e+00 -2.161851e+00
      vertex   -4.293969e+00 4.477785e+00 -2.117882e+00
      vertex   -4.166487e+00 4.546601e+00 -2.092242e+00
    endloop
  endfacet
  facet normal -3.706271e-01 7.686033e-01 5.214255e-01
    outer loop
      vertex   -4.250000e+00 4.553553e+00 -2.161851e+00
      vertex   -4.166487e+00 4.546601e+00 -2.092242e+00
      vertex   -4.117310e+00 4.609149e+00 -2.149486e+00
    endloop
  endfacet
  facet normal -1.964612e-01 7.415510e-01 6.414867e-01
    outer loop
      vertex   -4.117310e+00 4.609149e+00 -2.149486e+00
      vertex   -4.166487e+00 4.546601e+00 -2.092242e+00
      vertex   -4.028891e+00 4.589713e+00 -2.099939e+00
    endloop
  endfacet
  facet normal -1.175147e-01 8.351513e-01 5.373198e-01
    outer loop
      vertex   -4.117310e+00 4.609149e+00 -2.149486e+00
      vertex   -4.028891e+00 4.589713e+00 -2.099939e+00
      vertex   -4.000000e+00 4.615735e+00 -2.134066e+00
    endloop
  endfacet
  facet normal 5.304562e-02 7.719221e-01 6.335001e-01
    outer loop
      vertex   -4.000000e+00 4.615735e+00 -2.134066e+00
      vertex   -4.028891e+00 4.589713e+00 -2.099939e+00
      vertex   -4.000000e+00 4.553553e+00 -2.058297e+00
    endloop
  endfacet
  facet normal -9.630346e-02 7.175032e-01 6.898657e-01
    outer loop
      vertex   -4.000000e+00 4.553553e+00 -2.058297e+00
      vertex   -4.028891e+00 4.589713e+00 -2.099939e+00
      vertex   -4.073150e+00 4.526084e+00 -2.039939e+00
    endloop
  endfacet
  facet normal -4.418417e-02 6.337737e-01 7.722555e-01
    outer loop
      vertex   -4.000000e+00 4.553553e+00 -2.058297e+00
      vertex   -4.073150e+00 4.526084e+00 -2.039939e+00
      vertex   -4.000000e+00 4.477785e+00 -1.996116e+00
    endloop
  endfacet
  facet normal -1.223819e-01 5.588393e-01 8.201959e-01
    outer loop
      vertex   -4.000000e+00 4.477785e+00 -1.996116e+00
      vertex   -4.073150e+00 4.526084e+00 -2.039939e+00
      vertex   -4.114597e+00 4.449924e+00 -1.994232e+00
    endloop
  endfacet
  facet normal -1.098455e-01 5.095210e-01 8.534180e-01
    outer loop
      vertex   -4.000000e+00 4.477785e+00 -1.996116e+00
      vertex   -4.114597e+00 4.449924e+00 -1.994232e+00
      vertex   -4.014593e+00 4.416373e+00 -1.961329e+00
    endloop
  endfacet
  facet normal -1.686925e-01 3.864293e-01 9.067608e-01
    outer loop
      vertex   -4.014593e+00 4.416373e+00 -1.961329e+00
      vertex   -4.114597e+00 4.449924e+00 -1.994232e+00
      vertex   -4.151641e+00 4.364160e+00 -1.964574e+00
    endloop
  endfacet
  facet normal -1.686925e-01 3.864293e-01 9.067608e-01
    outer loop
      vertex   -4.014593e+00 4.416373e+00 -1.961329e+00
      vertex   -4.151641e+00 4.364160e+00 -1.964574e+00
      vertex   -4.054074e+00 4.331427e+00 -1.932473e+00
    endloop
  endfacet
  facet normal -2.412362e-01 2.101027e-01 9.474502e-01
    outer loop
      vertex   -4.054074e+00 4.331427e+00 -1.932473e+00
      vertex   -4.151641e+00 4.364160e+00 -1.964574e+00
      vertex   -4.182857e+00 4.272087e+00 -1.952104e+00
    endloop
  endfacet
  facet normal -2.412362e-01 2.101027e-01 9.474502e-01
    outer loop
      vertex   -4.054074e+00 4.331427e+00 -1.932473e+00
      vertex   -4.182857e+00 4.272087e+00 -1.952104e+00
      vertex   -4.091477e+00 4.241430e+00 -1.922039e+00
    endloop
  endfacet
  facet normal -2.926238e-01 6.347216e-02 9.541188e-01
    outer loop
      vertex   -4.091477e+00 4.241430e+00 -1.922039e+00
      vertex   -4.182857e+00 4.272087e+00 -1.952104e+00
      vertex   -4.191342e+00 4.200000e+00 -1.949911e+00
    endloop
  endfacet
  facet normal -2.898316e-01 5.584827e-02 9.554468e-01
    outer loop
      vertex   -4.091477e+00 4.241430e+00 -1.922039e+00
      vertex   -4.191342e+00 4.200000e+00 -1.949911e+00
      vertex   -4.097545e+00 4.200000e+00 -1.921458e+00
    endloop
  endfacet
  facet normal -8.789483e-01 8.203995e-02 4.698077e-01
    outer loop
      vertex   -4.461940e+00 4.200000e+00 -2.220509e+00
      vertex   -4.415735e+00 4.200000e+00 -2.134066e+00
      vertex   -4.459746e+00 4.272087e+00 -2.228994e+00
    endloop
  endfacet
  facet normal -8.770908e-01 8.664685e-02 4.724448e-01
    outer loop
      vertex   -4.459746e+00 4.272087e+00 -2.228994e+00
      vertex   -4.415735e+00 4.200000e+00 -2.134066e+00
      vertex   -4.411273e+00 4.291102e+00 -2.142490e+00
    endloop
  endfacet
  facet normal -8.653068e-01 2.620548e-01 4.272838e-01
    outer loop
      vertex   -4.459746e+00 4.272087e+00 -2.228994e+00
      vertex   -4.411273e+00 4.291102e+00 -2.142490e+00
      vertex   -4.395521e+00 4.384462e+00 -2.167850e+00
    endloop
  endfacet
  facet normal -7.471347e-01 2.886815e-01 5.987092e-01
    outer loop
      vertex   -4.395521e+00 4.384462e+00 -2.167850e+00
      vertex   -4.411273e+00 4.291102e+00 -2.142490e+00
      vertex   -4.326641e+00 4.391342e+00 -2.085210e+00
    endloop
  endfacet
  facet normal -6.974100e-01 4.685524e-01 5.422896e-01
    outer loop
      vertex   -4.395521e+00 4.384462e+00 -2.167850e+00
      vertex   -4.326641e+00 4.391342e+00 -2.085210e+00
      vertex   -4.293969e+00 4.477785e+00 -2.117882e+00
    endloop
  endfacet
  facet normal -5.422896e-01 4.685524e-01 6.974100e-01
    outer loop
      vertex   -4.293969e+00 4.477785e+00 -2.117882e+00
      vertex   -4.326641e+00 4.391342e+00 -2.085210e+00
      vertex   -4.209265e+00 4.470734e+00 -2.047280e+00
    endloop
  endfacet
  facet normal -4.653084e-01 6.305258e-01 6.212289e-01
    outer loop
      vertex   -4.293969e+00 4.477785e+00 -2.117882e+00
      vertex   -4.209265e+00 4.470734e+00 -2.047280e+00
      vertex   -4.166487e+00 4.546601e+00 -2.092242e+00
    endloop
  endfacet
  facet normal -2.852266e-01 6.025546e-01 7.453682e-01
    outer loop
      vertex   -4.166487e+00 4.546601e+00 -2.092242e+00
      vertex   -4.209265e+00 4.470734e+00 -2.047280e+00
      vertex   -4.073150e+00 4.526084e+00 -2.039939e+00
    endloop
  endfacet
  facet normal -1.964612e-01 7.415510e-01 6.414867e-01
    outer loop
      vertex   -4.166487e+00 4.546601e+00 -2.092242e+00
      vertex   -4.073150e+00 4.526084e+00 -2.039939e+00
      vertex   -4.028891e+00 4.589713e+00 -2.099939e+00
    endloop
  endfacet
  facet normal -7.694343e-01 9.607893e-02 6.314584e-01
    outer loop
      vertex   -4.415735e+00 4.200000e+00 -2.134066e+00
      vertex   -4.353553e+00 4.200000e+00 -2.058297e+00
      vertex   -4.411273e+00 4.291102e+00 -2.142490e+00
    endloop
  endfacet
  facet normal -7.684710e-01 9.756240e-02 6.324032e-01
    outer loop
      vertex   -4.411273e+00 4.291102e+00 -2.142490e+00
      vertex   -4.353553e+00 4.200000e+00 -2.058297e+00
      vertex   -4.346760e+00 4.297545e+00 -2.065091e+00
    endloop
  endfacet
  facet normal -7.471347e-01 2.886815e-01 5.987092e-01
    outer loop
      vertex   -4.411273e+00 4.291102e+00 -2.142490e+00
      vertex   -4.346760e+00 4.297545e+00 -2.065091e+00
      vertex   -4.326641e+00 4.391342e+00 -2.085210e+00
    endloop
  endfacet
  facet normal -5.987092e-01 2.886815e-01 7.471347e-01
    outer loop
      vertex   -4.326641e+00 4.391342e+00 -2.085210e+00
      vertex   -4.346760e+00 4.297545e+00 -2.065091e+00
      vertex   -4.244001e+00 4.384462e+00 -2.016329e+00
    endloop
  endfacet
  facet normal -5.422896e-01 4.685524e-01 6.974100e-01
    outer loop
      vertex   -4.326641e+00 4.391342e+00 -2.085210e+00
      vertex   -4.244001e+00 4.384462e+00 -2.016329e+00
      vertex   -4.209265e+00 4.470734e+00 -2.047280e+00
    endloop
  endfacet
  facet normal -3.631319e-01 4.407247e-01 8.209122e-01
    outer loop
      vertex   -4.209265e+00 4.470734e+00 -2.047280e+00
      vertex   -4.244001e+00 4.384462e+00 -2.016329e+00
      vertex   -4.114597e+00 4.449924e+00 -1.994232e+00
    endloop
  endfacet
  facet normal -2.852266e-01 6.025546e-01 7.453682e-01
    outer loop
      vertex   -4.209265e+00 4.470734e+00 -2.047280e+00
      vertex   -4.114597e+00 4.449924e+00 -1.994232e+00
      vertex   -4.073150e+00 4.526084e+00 -2.039939e+00
    endloop
  endfacet
  facet normal -6.324032e-01 9.756240e-02 7.684710e-01
    outer loop
      vertex   -4.346760e+00 4.297545e+00 -2.065091e+00
      vertex   -4.353553e+00 4.200000e+00 -2.058297e+00
      vertex   -4.269360e+00 4.291102e+00 -2.000578e+00
    endloop
  endfacet
  facet normal -6.314584e-01 9.607893e-02 7.694343e-01
    outer loop
      vertex   -4.269360e+00 4.291102e+00 -2.000578e+00
      vertex   -4.353553e+00 4.200000e+00 -2.058297e+00
      vertex   -4.277785e+00 4.200000e+00 -1.996116e+00
    endloop
  endfacet
  facet normal -4.724448e-01 8.664685e-02 8.770908e-01
    outer loop
      vertex   -4.269360e+00 4.291102e+00 -2.000578e+00
      vertex   -4.277785e+00 4.200000e+00 -1.996116e+00
      vertex   -4.182857e+00 4.272087e+00 -1.952104e+00
    endloop
  endfacet
  facet normal -4.698077e-01 8.203995e-02 8.789483e-01
    outer loop
      vertex   -4.182857e+00 4.272087e+00 -1.952104e+00
      vertex   -4.277785e+00 4.200000e+00 -1.996116e+00
      vertex   -4.191342e+00 4.200000e+00 -1.949911e+00
    endloop
  endfacet
  facet normal -9.797789e-02 2.829848e-02 9.947862e-01
    outer loop
      vertex   -4.097545e+00 4.200000e+00 -1.921458e+00
      vertex   -4.000000e+00 4.200000e+00 -1.911851e+00
      vertex   -4.091477e+00 4.241430e+00 -1.922039e+00
    endloop
  endfacet
  facet normal -6.630076e-02 9.780147e-02 9.929950e-01
    outer loop
      vertex   -4.091477e+00 4.241430e+00 -1.922039e+00
      vertex   -4.000000e+00 4.200000e+00 -1.911851e+00
      vertex   -4.000000e+00 4.297545e+00 -1.921458e+00
    endloop
  endfacet
  facet normal -1.021504e-01 1.563513e-01 9.824050e-01
    outer loop
      vertex   -4.091477e+00 4.241430e+00 -1.922039e+00
      vertex   -4.000000e+00 4.297545e+00 -1.921458e+00
      vertex   -4.054074e+00 4.331427e+00 -1.932473e+00
    endloop
  endfacet
  facet normal -1.304213e-02 2.902600e-01 9.568589e-01
    outer loop
      vertex   -4.054074e+00 4.331427e+00 -1.932473e+00
      vertex   -4.000000e+00 4.297545e+00 -1.921458e+00
      vertex   -4.000000e+00 4.391342e+00 -1.949911e+00
    endloop
  endfacet
  facet normal -1.029530e-01 3.625053e-01 9.262778e-01
    outer loop
      vertex   -4.054074e+00 4.331427e+00 -1.932473e+00
      vertex   -4.000000e+00 4.391342e+00 -1.949911e+00
      vertex   -4.014593e+00 4.416373e+00 -1.961329e+00
    endloop
  endfacet
  facet normal 1.177125e-01 4.681195e-01 8.757899e-01
    outer loop
      vertex   -4.014593e+00 4.416373e+00 -1.961329e+00
      vertex   -4.000000e+00 4.391342e+00 -1.949911e+00
      vertex   -4.000000e+00 4.477785e+00 -1.996116e+00
    endloop
  endfacet
  facet normal -1.143282e-01 8.560017e-01 5.041728e-01
    outer loop
      vertex   -4.117310e+00 4.609149e+00 -2.149486e+00
      vertex   -4.000000e+00 4.615735e+00 -2.134066e+00
      vertex   -4.063626e+00 4.655973e+00 -2.216812e+00
    endloop
  endfacet
  facet normal -5.522622e-02 8.805753e-01 4.706773e-01
    outer loop
      vertex   -4.063626e+00 4.655973e+00 -2.216812e+00
      vertex   -4.000000e+00 4.615735e+00 -2.134066e+00
      vertex   -4.000000e+00 4.661940e+00 -2.220509e+00
    endloop
  endfacet
  facet normal -8.040316e-02 9.776791e-01 1.941104e-01
    outer loop
      vertex   -4.007496e+00 4.685275e+00 -2.291633e+00
      vertex   -4.000000e+00 4.690393e+00 -2.314306e+00
      vertex   -4.068975e+00 4.690393e+00 -2.342876e+00
    endloop
  endfacet
  facet normal -5.987092e-01 2.886815e-01 7.471347e-01
    outer loop
      vertex   -4.244001e+00 4.384462e+00 -2.016329e+00
      vertex   -4.346760e+00 4.297545e+00 -2.065091e+00
      vertex   -4.269360e+00 4.291102e+00 -2.000578e+00
    endloop
  endfacet
  facet normal -6.212289e-01 6.305258e-01 4.653084e-01
    outer loop
      vertex   -4.364570e+00 4.470734e+00 -2.202586e+00
      vertex   -4.250000e+00 4.553553e+00 -2.161851e+00
      vertex   -4.319609e+00 4.546601e+00 -2.245364e+00
    endloop
  endfacet
  facet normal -5.214255e-01 7.686033e-01 3.706271e-01
    outer loop
      vertex   -4.319609e+00 4.546601e+00 -2.245364e+00
      vertex   -4.250000e+00 4.553553e+00 -2.161851e+00
      vertex   -4.196424e+00 4.615735e+00 -2.215427e+00
    endloop
  endfacet
  facet normal -4.016575e-01 8.775935e-01 2.617267e-01
    outer loop
      vertex   -4.195039e+00 4.655973e+00 -2.348225e+00
      vertex   -4.262365e+00 4.609149e+00 -2.294540e+00
      vertex   -4.135299e+00 4.661940e+00 -2.276552e+00
    endloop
  endfacet
  facet normal -2.617267e-01 8.775935e-01 4.016575e-01
    outer loop
      vertex   -4.063626e+00 4.655973e+00 -2.216812e+00
      vertex   -4.196424e+00 4.615735e+00 -2.215427e+00
      vertex   -4.117310e+00 4.609149e+00 -2.149486e+00
    endloop
  endfacet
  facet normal -3.706271e-01 7.686033e-01 5.214255e-01
    outer loop
      vertex   -4.117310e+00 4.609149e+00 -2.149486e+00
      vertex   -4.196424e+00 4.615735e+00 -2.215427e+00
      vertex   -4.250000e+00 4.553553e+00 -2.161851e+00
    endloop
  endfacet
  facet normal -2.663249e-01 9.532727e-01 1.426262e-01
    outer loop
      vertex   -4.120217e+00 4.685275e+00 -2.404354e+00
      vertex   -4.195039e+00 4.655973e+00 -2.348225e+00
      vertex   -4.068975e+00 4.690393e+00 -2.342876e+00
    endloop
  endfacet
  facet normal -2.663249e-01 9.532727e-01 1.426262e-01
    outer loop
      vertex   -4.068975e+00 4.690393e+00 -2.342876e+00
      vertex   -4.195039e+00 4.655973e+00 -2.348225e+00
      vertex   -4.135299e+00 4.661940e+00 -2.276552e+00
    endloop
  endfacet
  facet normal -1.426262e-01 9.532727e-01 2.663249e-01
    outer loop
      vertex   -4.068975e+00 4.690393e+00 -2.342876e+00
      vertex   -4.135299e+00 4.661940e+00 -2.276552e+00
      vertex   -4.007496e+00 4.685275e+00 -2.291633e+00
    endloop
  endfacet
  facet normal -8.209122e-01 4.407247e-01 3.631319e-01
    outer loop
      vertex   -4.447277e+00 4.364160e+00 -2.260210e+00
      vertex   -4.364570e+00 4.470734e+00 -2.202586e+00
      vertex   -4.417619e+00 4.449924e+00 -2.297253e+00
    endloop
  endfacet
  facet normal -7.453682e-01 6.025546e-01 2.852266e-01
    outer loop
      vertex   -4.417619e+00 4.449924e+00 -2.297253e+00
      vertex   -4.364570e+00 4.470734e+00 -2.202586e+00
      vertex   -4.319609e+00 4.546601e+00 -2.245364e+00
    endloop
  endfacet
  facet normal -9.067608e-01 3.864293e-01 1.686925e-01
    outer loop
      vertex   -4.450521e+00 4.416373e+00 -2.397258e+00
      vertex   -4.479378e+00 4.331427e+00 -2.357777e+00
      vertex   -4.417619e+00 4.449924e+00 -2.297253e+00
    endloop
  endfacet
  facet normal -9.067608e-01 3.864293e-01 1.686925e-01
    outer loop
      vertex   -4.417619e+00 4.449924e+00 -2.297253e+00
      vertex   -4.479378e+00 4.331427e+00 -2.357777e+00
      vertex   -4.447277e+00 4.364160e+00 -2.260210e+00
    endloop
  endfacet
  facet normal -9.474502e-01 2.101027e-01 2.412362e-01
    outer loop
      vertex   -4.479378e+00 4.331427e+00 -2.357777e+00
      vertex   -4.489812e+00 4.241430e+00 -2.320374e+00
      vertex   -4.447277e+00 4.364160e+00 -2.260210e+00
    endloop
  endfacet
  facet normal -4.272838e-01 2.620548e-01 8.653068e-01
    outer loop
      vertex   -4.182857e+00 4.272087e+00 -1.952104e+00
      vertex   -4.151641e+00 4.364160e+00 -1.964574e+00
      vertex   -4.269360e+00 4.291102e+00 -2.000578e+00
    endloop
  endfacet
  facet normal -4.272838e-01 2.620548e-01 8.653068e-01
    outer loop
      vertex   -4.269360e+00 4.291102e+00 -2.000578e+00
      vertex   -4.151641e+00 4.364160e+00 -1.964574e+00
      vertex   -4.244001e+00 4.384462e+00 -2.016329e+00
    endloop
  endfacet
  facet normal -3.631319e-01 4.407247e-01 8.209122e-01
    outer loop
      vertex   -4.151641e+00 4.364160e+00 -1.964574e+00
      vertex   -4.114597e+00 4.449924e+00 -1.994232e+00
      vertex   -4.244001e+00 4.384462e+00 -2.016329e+00
    endloop
  endfacet
  facet normal -9.951847e-01 0.000000e+00 9.801714e-02
    outer loop
      vertex   -4.500000e+00 4.200000e+00 -2.411851e+00
      vertex   -4.500000e+00 1.200000e+00 -2.411851e+00
      vertex   -4.490393e+00 2.700000e+00 -2.314306e+00
    endloop
  endfacet
  facet normal -9.951847e-01 0.000000e+00 9.801714e-02
    outer loop
      vertex   -4.490393e+00 2.700000e+00 -2.314306e+00
      vertex   -4.500000e+00 1.200000e+00 -2.411851e+00
      vertex   -4.490393e+00 1.200000e+00 -2.314306e+00
    endloop
  endfacet
  facet normal -9.569403e-01 0.000000e+00 2.902847e-01
    outer loop
      vertex   -4.490393e+00 2.700000e+00 -2.314306e+00
      vertex   -4.490393e+00 1.200000e+00 -2.314306e+00
      vertex   -4.461940e+00 2.700000e+00 -2.220509e+00
    endloop
  endfacet
  facet normal -9.569403e-01 0.000000e+00 2.902847e-01
    outer loop
      vertex   -4.461940e+00 2.700000e+00 -2.220509e+00
      vertex   -4.490393e+00 1.200000e+00 -2.314306e+00
      vertex   -4.461940e+00 1.200000e+00 -2.220509e+00
    endloop
  endfacet
  facet normal -8.819213e-01 0.000000e+00 4.713967e-01
    outer loop
      vertex   -4.461940e+00 2.700000e+00 -2.220509e+00
      vertex   -4.461940e+00 1.200000e+00 -2.220509e+00
      vertex   -4.415735e+00 2.700000e+00 -2.134066e+00
    endloop
  endfacet
  facet normal -8.819213e-01 0.000000e+00 4.713967e-01
    outer loop
      vertex   -4.415735e+00 2.700000e+00 -2.134066e+00
      vertex   -4.461940e+00 1.200000e+00 -2.220509e+00
      vertex   -4.415735e+00 1.200000e+00 -2.134066e+00
    endloop
  endfacet
  facet normal -7.730105e-01 0.000000e+00 6.343933e-01
    outer loop
      vertex   -4.415735e+00 2.700000e+00 -2.134066e+00
      vertex   -4.415735e+00 1.200000e+00 -2.134066e+00
      vertex   -4.353553e+00 2.700000e+00 -2.058297e+00
    endloop
  endfacet
  facet normal -7.730105e-01 0.000000e+00 6.343933e-01
    outer loop
      vertex   -4.353553e+00 2.700000e+00 -2.058297e+00
      vertex   -4.415735e+00 1.200000e+00 -2.134066e+00
      vertex   -4.353553e+00 1.200000e+00 -2.058297e+00
    endloop
  endfacet
  facet normal -6.343933e-01 0.000000e+00 7.730105e-01
    outer loop
      vertex   -4.353553e+00 2.700000e+00 -2.058297e+00
      vertex   -4.353553e+00 1.200000e+00 -2.058297e+00
      vertex   -4.277785e+00 2.700000e+00 -1.996116e+00
    endloop
  endfacet
  facet normal -6.343933e-01 0.000000e+00 7.730105e-01
    outer loop
      vertex   -4.277785e+00 2.700000e+00 -1.996116e+00
      vertex   -4.353553e+00 1.200000e+00 -2.058297e+00
      vertex   -4.277785e+00 1.200000e+00 -1.996116e+00
    endloop
  endfacet
  facet normal -4.713967e-01 0.000000e+00 8.819213e-01
    outer loop
      vertex   -4.277785e+00 2.700000e+00 -1.996116e+00
      vertex   -4.277785e+00 1.200000e+00 -1.996116e+00
      vertex   -4.191342e+00 2.700000e+00 -1.949911e+00
    endloop
  endfacet
  facet normal -4.713967e-01 2.611011e-16 8.819213e-01
    outer loop
      vertex   -4.191342e+00 2.700000e+00 -1.949911e+00
      vertex   -4.277785e+00 1.200000e+00 -1.996116e+00
      vertex   -4.191342e+00 1.200000e+00 -1.949911e+00
    endloop
  endfacet
  facet normal -2.902847e-01 2.833113e-16 9.569403e-01
    outer loop
      vertex   -4.191342e+00 2.700000e+00 -1.949911e+00
      vertex   -4.191342e+00 1.200000e+00 -1.949911e+00
      vertex   -4.097545e+00 2.700000e+00 -1.921458e+00
    endloop
  endfacet
  facet normal -2.902847e-01 0.000000e+00 9.569403e-01
    outer loop
      vertex   -4.097545e+00 2.700000e+00 -1.921458e+00
      vertex   -4.191342e+00 1.200000e+00 -1.949911e+00
      vertex   -4.097545e+00 1.200000e+00 -1.921458e+00
    endloop
  endfacet
  facet normal -9.801714e-02 0.000000e+00 9.951847e-01
    outer loop
      vertex   -4.097545e+00 2.700000e+00 -1.921458e+00
      vertex   -4.097545e+00 1.200000e+00 -1.921458e+00
      vertex   -4.000000e+00 1.200000e+00 -1.911851e+00
    endloop
  endfacet
  facet normal -9.801714e-02 0.000000e+00 9.951847e-01
    outer loop
      vertex   -4.000000e+00 1.200000e+00 -1.911851e+00
      vertex   -4.000000e+00 4.200000e+00 -1.911851e+00
      vertex   -4.097545e+00 2.700000e+00 -1.921458e+00
    endloop
  endfacet
  facet normal -9.801714e-02 -1.473169e-16 9.951847e-01
    outer loop
      vertex   -4.097545e+00 2.700000e+00 -1.921458e+00
      vertex   -4.000000e+00 4.200000e+00 -1.911851e+00
      vertex   -4.097545e+00 4.200000e+00 -1.921458e+00
    endloop
  endfacet
  facet normal -2.902847e-01 -1.416556e-16 9.569403e-01
    outer loop
      vertex   -4.097545e+00 2.700000e+00 -1.921458e+00
      vertex   -4.097545e+00 4.200000e+00 -1.921458e+00
      vertex   -4.191342e+00 2.700000e+00 -1.949911e+00
    endloop
  endfacet
  facet normal -2.902847e-01 -2.833113e-16 9.569403e-01
    outer loop
      vertex   -4.191342e+00 2.700000e+00 -1.949911e+00
      vertex   -4.097545e+00 4.200000e+00 -1.921458e+00
      vertex   -4.191342e+00 4.200000e+00 -1.949911e+00
    endloop
  endfacet
  facet normal -4.713967e-01 -2.611011e-16 8.819213e-01
    outer loop
      vertex   -4.191342e+00 2.700000e+00 -1.949911e+00
      vertex   -4.191342e+00 4.200000e+00 -1.949911e+00
      vertex   -4.277785e+00 2.700000e+00 -1.996116e+00
    endloop
  endfacet
  facet normal -4.713967e-01 -1.305506e-16 8.819213e-01
    outer loop
      vertex   -4.277785e+00 2.700000e+00 -1.996116e+00
      vertex   -4.191342e+00 4.200000e+00 -1.949911e+00
      vertex   -4.277785e+00 4.200000e+00 -1.996116e+00
    endloop
  endfacet
  facet normal -6.343933e-01 -1.144285e-16 7.730105e-01
    outer loop
      vertex   -4.277785e+00 2.700000e+00 -1.996116e+00
      vertex   -4.277785e+00 4.200000e+00 -1.996116e+00
      vertex   -4.353553e+00 2.700000e+00 -2.058297e+00
    endloop
  endfacet
  facet normal -6.343933e-01 0.000000e+00 7.730105e-01
    outer loop
      vertex   -4.353553e+00 2.700000e+00 -2.058297e+00
      vertex   -4.277785e+00 4.200000e+00 -1.996116e+00
      vertex   -4.353553e+00 4.200000e+00 -2.058297e+00
    endloop
  endfacet
  facet normal -7.730105e-01 0.000000e+00 6.343933e-01
    outer loop
      vertex   -4.353553e+00 2.700000e+00 -2.058297e+00
      vertex   -4.353553e+00 4.200000e+00 -2.058297e+00
      vertex   -4.415735e+00 2.700000e+00 -2.134066e+00
    endloop
  endfacet
  facet normal -7.730105e-01 0.000000e+00 6.343933e-01
    outer loop
      vertex   -4.415735e+00 2.700000e+00 -2.134066e+00
      vertex   -4.353553e+00 4.200000e+00 -2.058297e+00
      vertex   -4.415735e+00 4.200000e+00 -2.134066e+00
    endloop
  endfacet
  facet normal -8.819213e-01 0.000000e+00 4.713967e-01
    outer loop
      vertex   -4.415735e+00 2.700000e+00 -2.134066e+00
      vertex   -4.415735e+00 4.200000e+00 -2.134066e+00
      vertex   -4.461940e+00 2.700000e+00 -2.220509e+00
    endloop
  endfacet
  facet normal -8.819213e-01 0.000000e+00 4.713967e-01
    outer loop
      vertex   -4.461940e+00 2.700000e+00 -2.220509e+00
      vertex   -4.415735e+00 4.200000e+00 -2.134066e+00
      vertex   -4.461940e+00 4.200000e+00 -2.220509e+00
    endloop
  endfacet
  facet normal -9.569403e-01 0.000000e+00 2.902847e-01
    outer loop
      vertex   -4.461940e+00 2.700000e+00 -2.220509e+00
      vertex   -4.461940e+00 4.200000e+00 -2.220509e+00
      vertex   -4.490393e+00 2.700000e+00 -2.314306e+00
    endloop
  endfacet
  facet normal -9.569403e-01 -8.594153e-17 2.902847e-01
    outer loop
      vertex   -4.490393e+00 2.700000e+00 -2.314306e+00
      vertex   -4.461940e+00 4.200000e+00 -2.220509e+00
      vertex   -4.490393e+00 4.200000e+00 -2.314306e+00
    endloop
  endfacet
  facet normal -9.951847e-01 -2.901890e-17 9.801714e-02
    outer loop
      vertex   -4.490393e+00 2.700000e+00 -2.314306e+00
      vertex   -4.490393e+00 4.200000e+00 -2.314306e+00
      vertex   -4.500000e+00 4.200000e+00 -2.411851e+00
    endloop
  endfacet
  facet normal -1.104877e-16 9.801714e-02 9.951847e-01
    outer loop
      vertex   4.000000e+00 4.297545e+00 -1.921458e+00
      vertex   2.000000e+00 4.297545e+00 -1.921458e+00
      vertex   4.000000e+00 4.200000e+00 -1.911851e+00
    endloop
  endfacet
  facet normal 0.000000e+00 9.801714e-02 9.951847e-01
    outer loop
      vertex   4.000000e+00 4.200000e+00 -1.911851e+00
      vertex   2.000000e+00 4.297545e+00 -1.921458e+00
      vertex   3.330669e-15 4.297545e+00 -1.921458e+00
    endloop
  endfacet
  facet normal 0.000000e+00 9.801714e-02 9.951847e-01
    outer loop
      vertex   4.000000e+00 4.200000e+00 -1.911851e+00
      vertex   3.330669e-15 4.297545e+00 -1.921458e+00
      vertex   -4.000000e+00 4.200000e+00 -1.911851e+00
    endloop
  endfacet
  facet normal 0.000000e+00 9.801714e-02 9.951847e-01
    outer loop
      vertex   -4.000000e+00 4.200000e+00 -1.911851e+00
      vertex   3.330669e-15 4.297545e+00 -1.921458e+00
      vertex   -2.000000e+00 4.297545e+00 -1.921458e+00
    endloop
  endfacet
  facet normal 0.000000e+00 9.801714e-02 9.951847e-01
    outer loop
      vertex   -4.000000e+00 4.200000e+00 -1.911851e+00
      vertex   -2.000000e+00 4.297545e+00 -1.921458e+00
      vertex   -4.000000e+00 4.297545e+00 -1.921458e+00
    endloop
  endfacet
  facet normal -0.000000e+00 2.902847e-01 9.569403e-01
    outer loop
      vertex   -4.000000e+00 4.297545e+00 -1.921458e+00
      vertex   -2.000000e+00 4.297545e+00 -1.921458e+00
      vertex   -4.000000e+00 4.391342e+00 -1.949911e+00
    endloop
  endfacet
  facet normal -1.062417e-16 2.902847e-01 9.569403e-01
    outer loop
      vertex   -4.000000e+00 4.391342e+00 -1.949911e+00
      vertex   -2.000000e+00 4.297545e+00 -1.921458e+00
      vertex   -2.000000e+00 4.391342e+00 -1.949911e+00
    endloop
  endfacet
  facet normal -9.791293e-17 4.713967e-01 8.819213e-01
    outer loop
      vertex   -4.000000e+00 4.391342e+00 -1.949911e+00
      vertex   -2.000000e+00 4.391342e+00 -1.949911e+00
      vertex   -4.000000e+00 4.477785e+00 -1.996116e+00
    endloop
  endfacet
  facet normal -9.791293e-17 4.713967e-01 8.819213e-01
    outer loop
      vertex   -4.000000e+00 4.477785e+00 -1.996116e+00
      vertex   -2.000000e+00 4.391342e+00 -1.949911e+00
      vertex   -2.000000e+00 4.477785e+00 -1.996116e+00
    endloop
  endfacet
  facet normal -8.582140e-17 6.343933e-01 7.730105e-01
    outer loop
      vertex   -4.000000e+00 4.477785e+00 -1.996116e+00
      vertex   -2.000000e+00 4.477785e+00 -1.996116e+00
      vertex   -4.000000e+00 4.553553e+00 -2.058297e+00
    endloop
  endfacet
  facet normal -0.000000e+00 6.343933e-01 7.730105e-01
    outer loop
      vertex   -4.000000e+00 4.553553e+00 -2.058297e+00
      vertex   -2.000000e+00 4.477785e+00 -1.996116e+00
      vertex   -2.000000e+00 4.553553e+00 -2.058297e+00
    endloop
  endfacet
  facet normal -0.000000e+00 7.730105e-01 6.343933e-01
    outer loop
      vertex   -4.000000e+00 4.553553e+00 -2.058297e+00
      vertex   -2.000000e+00 4.553553e+00 -2.058297e+00
      vertex   -4.000000e+00 4.615735e+00 -2.134066e+00
    endloop
  endfacet
  facet normal -3.432856e-16 7.730105e-01 6.343933e-01
    outer loop
      vertex   -4.000000e+00 4.615735e+00 -2.134066e+00
      vertex   -2.000000e+00 4.553553e+00 -2.058297e+00
      vertex   -2.000000e+00 4.615735e+00 -2.134066e+00
    endloop
  endfacet
  facet normal -3.916517e-16 8.819213e-01 4.713967e-01
    outer loop
      vertex   -4.000000e+00 4.615735e+00 -2.134066e+00
      vertex   -2.000000e+00 4.615735e+00 -2.134066e+00
      vertex   -4.000000e+00 4.661940e+00 -2.220509e+00
    endloop
  endfacet
  facet normal -0.000000e+00 8.819213e-01 4.713967e-01
    outer loop
      vertex   -4.000000e+00 4.661940e+00 -2.220509e+00
      vertex   -2.000000e+00 4.615735e+00 -2.134066e+00
      vertex   -2.000000e+00 4.661940e+00 -2.220509e+00
    endloop
  endfacet
  facet normal -0.000000e+00 9.569403e-01 2.902847e-01
    outer loop
      vertex   -4.000000e+00 4.661940e+00 -2.220509e+00
      vertex   -2.000000e+00 4.661940e+00 -2.220509e+00
      vertex   -4.000000e+00 4.690393e+00 -2.314306e+00
    endloop
  endfacet
  facet normal -0.000000e+00 9.569403e-01 2.902847e-01
    outer loop
      vertex   -4.000000e+00 4.690393e+00 -2.314306e+00
      vertex   -2.000000e+00 4.661940e+00 -2.220509e+00
      vertex   -2.000000e+00 4.690393e+00 -2.314306e+00
    endloop
  endfacet
  facet normal -0.000000e+00 9.951847e-01 9.801714e-02
    outer loop
      vertex   -4.000000e+00 4.690393e+00 -2.314306e+00
      vertex   -2.000000e+00 4.690393e+00 -2.314306e+00
      vertex   -4.000000e+00 4.700000e+00 -2.411851e+00
    endloop
  endfacet
  facet normal 0.000000e+00 9.951847e-01 9.801714e-02
    outer loop
      vertex   -4.000000e+00 4.700000e+00 -2.411851e+00
      vertex   -2.000000e+00 4.690393e+00 -2.314306e+00
      vertex   3.330669e-15 4.690393e+00 -2.314306e+00
    endloop
  endfacet
  facet normal -0.000000e+00 9.951847e-01 9.801714e-02
    outer loop
      vertex   -4.000000e+00 4.700000e+00 -2.411851e+00
      vertex   3.330669e-15 4.690393e+00 -2.314306e+00
      vertex   4.000000e+00 4.700000e+00 -2.411851e+00
    endloop
  endfacet
  facet normal 0.000000e+00 9.951847e-01 9.801714e-02
    outer loop
      vertex   4.000000e+00 4.700000e+00 -2.411851e+00
      vertex   3.330669e-15 4.690393e+00 -2.314306e+00
      vertex   2.000000e+00 4.690393e+00 -2.314306e+00
    endloop
  endfacet
  facet normal -4.419010e-16 9.951847e-01 9.801714e-02
    outer loop
      vertex   4.000000e+00 4.700000e+00 -2.411851e+00
      vertex   2.000000e+00 4.690393e+00 -2.314306e+00
      vertex   4.000000e+00 4.690393e+00 -2.314306e+00
    endloop
  endfacet
  facet normal -4.249669e-16 9.569403e-01 2.902847e-01
    outer loop
      vertex   4.000000e+00 4.690393e+00 -2.314306e+00
      vertex   2.000000e+00 4.690393e+00 -2.314306e+00
      vertex   4.000000e+00 4.661940e+00 -2.220509e+00
    endloop
  endfacet
  facet normal -6.445615e-17 9.569403e-01 2.902847e-01
    outer loop
      vertex   4.000000e+00 4.661940e+00 -2.220509e+00
      vertex   2.000000e+00 4.690393e+00 -2.314306e+00
      vertex   2.000000e+00 4.661940e+00 -2.220509e+00
    endloop
  endfacet
  facet normal -1.046711e-16 8.819213e-01 4.713967e-01
    outer loop
      vertex   4.000000e+00 4.661940e+00 -2.220509e+00
      vertex   2.000000e+00 4.661940e+00 -2.220509e+00
      vertex   4.000000e+00 4.615735e+00 -2.134066e+00
    endloop
  endfacet
  facet normal 0.000000e+00 8.819213e-01 4.713967e-01
    outer loop
      vertex   4.000000e+00 4.615735e+00 -2.134066e+00
      vertex   2.000000e+00 4.661940e+00 -2.220509e+00
      vertex   2.000000e+00 4.615735e+00 -2.134066e+00
    endloop
  endfacet
  facet normal 0.000000e+00 7.730105e-01 6.343933e-01
    outer loop
      vertex   4.000000e+00 4.615735e+00 -2.134066e+00
      vertex   2.000000e+00 4.615735e+00 -2.134066e+00
      vertex   4.000000e+00 4.553553e+00 -2.058297e+00
    endloop
  endfacet
  facet normal -1.408636e-16 7.730105e-01 6.343933e-01
    outer loop
      vertex   4.000000e+00 4.553553e+00 -2.058297e+00
      vertex   2.000000e+00 4.615735e+00 -2.134066e+00
      vertex   2.000000e+00 4.553553e+00 -2.058297e+00
    endloop
  endfacet
  facet normal -1.716428e-16 6.343933e-01 7.730105e-01
    outer loop
      vertex   4.000000e+00 4.553553e+00 -2.058297e+00
      vertex   2.000000e+00 4.553553e+00 -2.058297e+00
      vertex   4.000000e+00 4.477785e+00 -1.996116e+00
    endloop
  endfacet
  facet normal 0.000000e+00 6.343933e-01 7.730105e-01
    outer loop
      vertex   4.000000e+00 4.477785e+00 -1.996116e+00
      vertex   2.000000e+00 4.553553e+00 -2.058297e+00
      vertex   2.000000e+00 4.477785e+00 -1.996116e+00
    endloop
  endfacet
  facet normal 0.000000e+00 4.713967e-01 8.819213e-01
    outer loop
      vertex   4.000000e+00 4.477785e+00 -1.996116e+00
      vertex   2.000000e+00 4.477785e+00 -1.996116e+00
      vertex   4.000000e+00 4.391342e+00 -1.949911e+00
    endloop
  endfacet
  facet normal 0.000000e+00 4.713967e-01 8.819213e-01
    outer loop
      vertex   4.000000e+00 4.391342e+00 -1.949911e+00
      vertex   2.000000e+00 4.477785e+00 -1.996116e+00
      vertex   2.000000e+00 4.391342e+00 -1.949911e+00
    endloop
  endfacet
  facet normal 0.000000e+00 2.902847e-01 9.569403e-01
    outer loop
      vertex   4.000000e+00 4.391342e+00 -1.949911e+00
      vertex   2.000000e+00 4.391342e+00 -1.949911e+00
      vertex   4.000000e+00 4.297545e+00 -1.921458e+00
    endloop
  endfacet
  facet normal -1.062417e-16 2.902847e-01 9.569403e-01
    outer loop
      vertex   4.000000e+00 4.297545e+00 -1.921458e+00
      vertex   2.000000e+00 4.391342e+00 -1.949911e+00
      vertex   2.000000e+00 4.297545e+00 -1.921458e+00
    endloop
  endfacet
  facet normal 0.000000e+00 2.902847e-01 9.569403e-01
    outer loop
      vertex   -2.000000e+00 4.391342e+00 -1.949911e+00
      vertex   -2.000000e+00 4.297545e+00 -1.921458e+00
      vertex   3.330669e-15 4.297545e+00 -1.921458e+00
    endloop
  endfacet
  facet normal -0.000000e+00 2.902847e-01 9.569403e-01
    outer loop
      vertex   3.330669e-15 4.297545e+00 -1.921458e+00
      vertex   2.000000e+00 4.297545e+00 -1.921458e+00
      vertex   3.330669e-15 4.391342e+00 -1.949911e+00
    endloop
  endfacet
  facet normal -0.000000e+00 2.902847e-01 9.569403e-01
    outer loop
      vertex   3.330669e-15 4.391342e+00 -1.949911e+00
      vertex   2.000000e+00 4.297545e+00 -1.921458e+00
      vertex   2.000000e+00 4.391342e+00 -1.949911e+00
    endloop
  endfacet
  facet normal -0.000000e+00 4.713967e-01 8.819213e-01
    outer loop
      vertex   3.330669e-15 4.391342e+00 -1.949911e+00
      vertex   2.000000e+00 4.391342e+00 -1.949911e+00
      vertex   3.330669e-15 4.477785e+00 -1.996116e+00
    endloop
  endfacet
  facet normal -0.000000e+00 4.713967e-01 8.819213e-01
    outer loop
      vertex   3.330669e-15 4.477785e+00 -1.996116e+00
      vertex   2.000000e+00 4.391342e+00 -1.949911e+00
      vertex   2.000000e+00 4.477785e+00 -1.996116e+00
    endloop
  endfacet
  facet normal -0.000000e+00 6.343933e-01 7.730105e-01
    outer loop
      vertex   3.330669e-15 4.477785e+00 -1.996116e+00
      vertex   2.000000e+00 4.477785e+00 -1.996116e+00
      vertex   3.330669e-15 4.553553e+00 -2.058297e+00
    endloop
  endfacet
  facet normal -0.000000e+00 6.343933e-01 7.730105e-01
    outer loop
      vertex   3.330669e-15 4.553553e+00 -2.058297e+00
      vertex   2.000000e+00 4.477785e+00 -1.996116e+00
      vertex   2.000000e+00 4.553553e+00 -2.058297e+00
    endloop
  endfacet
  facet normal -0.000000e+00 7.730105e-01 6.343933e-01
    outer loop
      vertex   3.330669e-15 4.553553e+00 -2.058297e+00
      vertex   2.000000e+00 4.553553e+00 -2.058297e+00
      vertex   3.330669e-15 4.615735e+00 -2.134066e+00
    endloop
  endfacet
  facet normal -0.000000e+00 7.730105e-01 6.343933e-01
    outer loop
      vertex   3.330669e-15 4.615735e+00 -2.134066e+00
      vertex   2.000000e+00 4.553553e+00 -2.058297e+00
      vertex   2.000000e+00 4.615735e+00 -2.134066e+00
    endloop
  endfacet
  facet normal -0.000000e+00 8.819213e-01 4.713967e-01
    outer loop
      vertex   3.330669e-15 4.615735e+00 -2.134066e+00
      vertex   2.000000e+00 4.615735e+00 -2.134066e+00
      vertex   3.330669e-15 4.661940e+00 -2.220509e+00
    endloop
  endfacet
  facet normal -0.000000e+00 8.819213e-01 4.713967e-01
    outer loop
      vertex   3.330669e-15 4.661940e+00 -2.220509e+00
      vertex   2.000000e+00 4.615735e+00 -2.134066e+00
      vertex   2.000000e+00 4.661940e+00 -2.220509e+00
    endloop
  endfacet
  facet normal -0.000000e+00 9.569403e-01 2.902847e-01
    outer loop
      vertex   3.330669e-15 4.661940e+00 -2.220509e+00
      vertex   2.000000e+00 4.661940e+00 -2.220509e+00
      vertex   3.330669e-15 4.690393e+00 -2.314306e+00
    endloop
  endfacet
  facet normal -0.000000e+00 9.569403e-01 2.902847e-01
    outer loop
      vertex   3.330669e-15 4.690393e+00 -2.314306e+00
      vertex   2.000000e+00 4.661940e+00 -2.220509e+00
      vertex   2.000000e+00 4.690393e+00 -2.314306e+00
    endloop
  endfacet
  facet normal 0.000000e+00 4.713967e-01 8.819213e-01
    outer loop
      vertex   -2.000000e+00 4.477785e+00 -1.996116e+00
      vertex   -2.000000e+00 4.391342e+00 -1.949911e+00
      vertex   3.330669e-15 4.391342e+00 -1.949911e+00
    endloop
  endfacet
  facet normal 0.000000e+00 2.902847e-01 9.569403e-01
    outer loop
      vertex   3.330669e-15 4.391342e+00 -1.949911e+00
      vertex   -2.000000e+00 4.391342e+00 -1.949911e+00
      vertex   3.330669e-15 4.297545e+00 -1.921458e+00
    endloop
  endfacet
  facet normal -0.000000e+00 4.713967e-01 8.819213e-01
    outer loop
      vertex   -2.000000e+00 4.477785e+00 -1.996116e+00
      vertex   3.330669e-15 4.391342e+00 -1.949911e+00
      vertex   3.330669e-15 4.477785e+00 -1.996116e+00
    endloop
  endfacet
  facet normal 0.000000e+00 6.343933e-01 7.730105e-01
    outer loop
      vertex   -2.000000e+00 4.553553e+00 -2.058297e+00
      vertex   -2.000000e+00 4.477785e+00 -1.996116e+00
      vertex   3.330669e-15 4.477785e+00 -1.996116e+00
    endloop
  endfacet
  facet normal -0.000000e+00 6.343933e-01 7.730105e-01
    outer loop
      vertex   -2.000000e+00 4.553553e+00 -2.058297e+00
      vertex   3.330669e-15 4.477785e+00 -1.996116e+00
      vertex   3.330669e-15 4.553553e+00 -2.058297e+00
    endloop
  endfacet
  facet normal 0.000000e+00 7.730105e-01 6.343933e-01
    outer loop
      vertex   -2.000000e+00 4.615735e+00 -2.134066e+00
      vertex   -2.000000e+00 4.553553e+00 -2.058297e+00
      vertex   3.330669e-15 4.553553e+00 -2.058297e+00
    endloop
  endfacet
  facet normal -0.000000e+00 7.730105e-01 6.343933e-01
    outer loop
      vertex   -2.000000e+00 4.615735e+00 -2.134066e+00
      vertex   3.330669e-15 4.553553e+00 -2.058297e+00
      vertex   3.330669e-15 4.615735e+00 -2.134066e+00
    endloop
  endfacet
  facet normal 0.000000e+00 8.819213e-01 4.713967e-01
    outer loop
      vertex   -2.000000e+00 4.661940e+00 -2.220509e+00
      vertex   -2.000000e+00 4.615735e+00 -2.134066e+00
      vertex   3.330669e-15 4.615735e+00 -2.134066e+00
    endloop
  endfacet
  facet normal -0.000000e+00 8.819213e-01 4.713967e-01
    outer loop
      vertex   -2.000000e+00 4.661940e+00 -2.220509e+00
      vertex   3.330669e-15 4.615735e+00 -2.134066e+00
      vertex   3.330669e-15 4.661940e+00 -2.220509e+00
    endloop
  endfacet
  facet normal 0.000000e+00 9.569403e-01 2.902847e-01
    outer loop
      vertex   -2.000000e+00 4.690393e+00 -2.314306e+00
      vertex   -2.000000e+00 4.661940e+00 -2.220509e+00
      vertex   3.330669e-15 4.661940e+00 -2.220509e+00
    endloop
  endfacet
  facet normal -0.000000e+00 9.569403e-01 2.902847e-01
    outer loop
      vertex   -2.000000e+00 4.690393e+00 -2.314306e+00
      vertex   3.330669e-15 4.661940e+00 -2.220509e+00
      vertex   3.330669e-15 4.690393e+00 -2.314306e+00
    endloop
  endfacet
  facet normal -9.780147e-02 9.929950e-01 -6.630076e-02
    outer loop
      vertex   -4.097545e+00 4.690393e+00 -2.611851e+00
      vertex   -4.000000e+00 4.700000e+00 -2.611851e+00
      vertex   -4.041430e+00 4.689812e+00 -2.703328e+00
    endloop
  endfacet
  facet normal -2.829848e-02 9.947862e-01 -9.797789e-02
    outer loop
      vertex   -4.041430e+00 4.689812e+00 -2.703328e+00
      vertex   -4.000000e+00 4.700000e+00 -2.611851e+00
      vertex   -4.000000e+00 4.690393e+00 -2.709396e+00
    endloop
  endfacet
  facet normal -5.584827e-02 9.554468e-01 -2.898316e-01
    outer loop
      vertex   -4.041430e+00 4.689812e+00 -2.703328e+00
      vertex   -4.000000e+00 4.690393e+00 -2.709396e+00
      vertex   -4.000000e+00 4.661940e+00 -2.803193e+00
    endloop
  endfacet
  facet normal -6.347216e-02 9.541188e-01 -2.926238e-01
    outer loop
      vertex   -4.041430e+00 4.689812e+00 -2.703328e+00
      vertex   -4.000000e+00 4.661940e+00 -2.803193e+00
      vertex   -4.072087e+00 4.659746e+00 -2.794708e+00
    endloop
  endfacet
  facet normal -8.203995e-02 8.789483e-01 -4.698077e-01
    outer loop
      vertex   -4.072087e+00 4.659746e+00 -2.794708e+00
      vertex   -4.000000e+00 4.661940e+00 -2.803193e+00
      vertex   -4.000000e+00 4.615735e+00 -2.889636e+00
    endloop
  endfacet
  facet normal -8.664685e-02 8.770908e-01 -4.724448e-01
    outer loop
      vertex   -4.072087e+00 4.659746e+00 -2.794708e+00
      vertex   -4.000000e+00 4.615735e+00 -2.889636e+00
      vertex   -4.091102e+00 4.611273e+00 -2.881211e+00
    endloop
  endfacet
  facet normal -9.607893e-02 7.694343e-01 -6.314584e-01
    outer loop
      vertex   -4.091102e+00 4.611273e+00 -2.881211e+00
      vertex   -4.000000e+00 4.615735e+00 -2.889636e+00
      vertex   -4.000000e+00 4.553553e+00 -2.965404e+00
    endloop
  endfacet
  facet normal -9.756240e-02 7.684710e-01 -6.324032e-01
    outer loop
      vertex   -4.091102e+00 4.611273e+00 -2.881211e+00
      vertex   -4.000000e+00 4.553553e+00 -2.965404e+00
      vertex   -4.097545e+00 4.546760e+00 -2.958611e+00
    endloop
  endfacet
  facet normal -9.756240e-02 6.324032e-01 -7.684710e-01
    outer loop
      vertex   -4.097545e+00 4.546760e+00 -2.958611e+00
      vertex   -4.000000e+00 4.553553e+00 -2.965404e+00
      vertex   -4.091102e+00 4.469360e+00 -3.023124e+00
    endloop
  endfacet
  facet normal -2.886815e-01 5.987092e-01 -7.471347e-01
    outer loop
      vertex   -4.097545e+00 4.546760e+00 -2.958611e+00
      vertex   -4.091102e+00 4.469360e+00 -3.023124e+00
      vertex   -4.184462e+00 4.444001e+00 -3.007372e+00
    endloop
  endfacet
  facet normal -2.620548e-01 4.272838e-01 -8.653068e-01
    outer loop
      vertex   -4.184462e+00 4.444001e+00 -3.007372e+00
      vertex   -4.091102e+00 4.469360e+00 -3.023124e+00
      vertex   -4.164160e+00 4.351641e+00 -3.059128e+00
    endloop
  endfacet
  facet normal -4.407247e-01 3.631319e-01 -8.209122e-01
    outer loop
      vertex   -4.184462e+00 4.444001e+00 -3.007372e+00
      vertex   -4.164160e+00 4.351641e+00 -3.059128e+00
      vertex   -4.249924e+00 4.314597e+00 -3.029469e+00
    endloop
  endfacet
  facet normal -3.864293e-01 1.686925e-01 -9.067608e-01
    outer loop
      vertex   -4.249924e+00 4.314597e+00 -3.029469e+00
      vertex   -4.164160e+00 4.351641e+00 -3.059128e+00
      vertex   -4.216373e+00 4.214593e+00 -3.062372e+00
    endloop
  endfacet
  facet normal -5.095210e-01 1.098455e-01 -8.534180e-01
    outer loop
      vertex   -4.249924e+00 4.314597e+00 -3.029469e+00
      vertex   -4.216373e+00 4.214593e+00 -3.062372e+00
      vertex   -4.277785e+00 4.200000e+00 -3.027586e+00
    endloop
  endfacet
  facet normal -4.681195e-01 -1.177125e-01 -8.757899e-01
    outer loop
      vertex   -4.277785e+00 4.200000e+00 -3.027586e+00
      vertex   -4.216373e+00 4.214593e+00 -3.062372e+00
      vertex   -4.191342e+00 4.200000e+00 -3.073791e+00
    endloop
  endfacet
  facet normal -3.625053e-01 1.029530e-01 -9.262778e-01
    outer loop
      vertex   -4.191342e+00 4.200000e+00 -3.073791e+00
      vertex   -4.216373e+00 4.214593e+00 -3.062372e+00
      vertex   -4.131427e+00 4.254074e+00 -3.091229e+00
    endloop
  endfacet
  facet normal -2.902600e-01 1.304213e-02 -9.568589e-01
    outer loop
      vertex   -4.191342e+00 4.200000e+00 -3.073791e+00
      vertex   -4.131427e+00 4.254074e+00 -3.091229e+00
      vertex   -4.097545e+00 4.200000e+00 -3.102243e+00
    endloop
  endfacet
  facet normal -1.563513e-01 1.021504e-01 -9.824050e-01
    outer loop
      vertex   -4.097545e+00 4.200000e+00 -3.102243e+00
      vertex   -4.131427e+00 4.254074e+00 -3.091229e+00
      vertex   -4.041430e+00 4.291477e+00 -3.101663e+00
    endloop
  endfacet
  facet normal -9.780147e-02 6.630076e-02 -9.929950e-01
    outer loop
      vertex   -4.097545e+00 4.200000e+00 -3.102243e+00
      vertex   -4.041430e+00 4.291477e+00 -3.101663e+00
      vertex   -4.000000e+00 4.200000e+00 -3.111851e+00
    endloop
  endfacet
  facet normal -2.829848e-02 9.797789e-02 -9.947862e-01
    outer loop
      vertex   -4.000000e+00 4.200000e+00 -3.111851e+00
      vertex   -4.041430e+00 4.291477e+00 -3.101663e+00
      vertex   -4.000000e+00 4.297545e+00 -3.102243e+00
    endloop
  endfacet
  facet normal -5.584827e-02 2.898316e-01 -9.554468e-01
    outer loop
      vertex   -4.000000e+00 4.297545e+00 -3.102243e+00
      vertex   -4.041430e+00 4.291477e+00 -3.101663e+00
      vertex   -4.000000e+00 4.391342e+00 -3.073791e+00
    endloop
  endfacet
  facet normal -6.347216e-02 2.926238e-01 -9.541188e-01
    outer loop
      vertex   -4.000000e+00 4.391342e+00 -3.073791e+00
      vertex   -4.041430e+00 4.291477e+00 -3.101663e+00
      vertex   -4.072087e+00 4.382857e+00 -3.071597e+00
    endloop
  endfacet
  facet normal -8.203995e-02 4.698077e-01 -8.789483e-01
    outer loop
      vertex   -4.000000e+00 4.391342e+00 -3.073791e+00
      vertex   -4.072087e+00 4.382857e+00 -3.071597e+00
      vertex   -4.000000e+00 4.477785e+00 -3.027586e+00
    endloop
  endfacet
  facet normal -8.664685e-02 4.724448e-01 -8.770908e-01
    outer loop
      vertex   -4.000000e+00 4.477785e+00 -3.027586e+00
      vertex   -4.072087e+00 4.382857e+00 -3.071597e+00
      vertex   -4.091102e+00 4.469360e+00 -3.023124e+00
    endloop
  endfacet
  facet normal -9.607893e-02 6.314584e-01 -7.694343e-01
    outer loop
      vertex   -4.000000e+00 4.477785e+00 -3.027586e+00
      vertex   -4.091102e+00 4.469360e+00 -3.023124e+00
      vertex   -4.000000e+00 4.553553e+00 -2.965404e+00
    endloop
  endfacet
  facet normal -5.588393e-01 1.223819e-01 -8.201959e-01
    outer loop
      vertex   -4.249924e+00 4.314597e+00 -3.029469e+00
      vertex   -4.277785e+00 4.200000e+00 -3.027586e+00
      vertex   -4.326084e+00 4.273150e+00 -2.983762e+00
    endloop
  endfacet
  facet normal -6.337737e-01 4.418417e-02 -7.722555e-01
    outer loop
      vertex   -4.326084e+00 4.273150e+00 -2.983762e+00
      vertex   -4.277785e+00 4.200000e+00 -3.027586e+00
      vertex   -4.353553e+00 4.200000e+00 -2.965404e+00
    endloop
  endfacet
  facet normal -7.175032e-01 9.630346e-02 -6.898657e-01
    outer loop
      vertex   -4.326084e+00 4.273150e+00 -2.983762e+00
      vertex   -4.353553e+00 4.200000e+00 -2.965404e+00
      vertex   -4.389713e+00 4.228891e+00 -2.923763e+00
    endloop
  endfacet
  facet normal -7.719221e-01 -5.304562e-02 -6.335001e-01
    outer loop
      vertex   -4.389713e+00 4.228891e+00 -2.923763e+00
      vertex   -4.353553e+00 4.200000e+00 -2.965404e+00
      vertex   -4.415735e+00 4.200000e+00 -2.889636e+00
    endloop
  endfacet
  facet normal -8.351513e-01 1.175147e-01 -5.373198e-01
    outer loop
      vertex   -4.389713e+00 4.228891e+00 -2.923763e+00
      vertex   -4.415735e+00 4.200000e+00 -2.889636e+00
      vertex   -4.409149e+00 4.317310e+00 -2.874216e+00
    endloop
  endfacet
  facet normal -8.560017e-01 1.143282e-01 -5.041728e-01
    outer loop
      vertex   -4.409149e+00 4.317310e+00 -2.874216e+00
      vertex   -4.415735e+00 4.200000e+00 -2.889636e+00
      vertex   -4.455973e+00 4.263626e+00 -2.806890e+00
    endloop
  endfacet
  facet normal -8.775935e-01 2.617267e-01 -4.016575e-01
    outer loop
      vertex   -4.409149e+00 4.317310e+00 -2.874216e+00
      vertex   -4.455973e+00 4.263626e+00 -2.806890e+00
      vertex   -4.415735e+00 4.396424e+00 -2.808275e+00
    endloop
  endfacet
  facet normal -8.775935e-01 2.617267e-01 -4.016575e-01
    outer loop
      vertex   -4.415735e+00 4.396424e+00 -2.808275e+00
      vertex   -4.455973e+00 4.263626e+00 -2.806890e+00
      vertex   -4.461940e+00 4.335299e+00 -2.747150e+00
    endloop
  endfacet
  facet normal -8.775935e-01 4.016575e-01 -2.617267e-01
    outer loop
      vertex   -4.415735e+00 4.396424e+00 -2.808275e+00
      vertex   -4.461940e+00 4.335299e+00 -2.747150e+00
      vertex   -4.409149e+00 4.462365e+00 -2.729161e+00
    endloop
  endfacet
  facet normal -8.775935e-01 4.016575e-01 -2.617267e-01
    outer loop
      vertex   -4.409149e+00 4.462365e+00 -2.729161e+00
      vertex   -4.461940e+00 4.335299e+00 -2.747150e+00
      vertex   -4.455973e+00 4.395039e+00 -2.675477e+00
    endloop
  endfacet
  facet normal -8.560017e-01 5.041728e-01 -1.143282e-01
    outer loop
      vertex   -4.409149e+00 4.462365e+00 -2.729161e+00
      vertex   -4.455973e+00 4.395039e+00 -2.675477e+00
      vertex   -4.415735e+00 4.477785e+00 -2.611851e+00
    endloop
  endfacet
  facet normal -8.805753e-01 4.706773e-01 -5.522622e-02
    outer loop
      vertex   -4.415735e+00 4.477785e+00 -2.611851e+00
      vertex   -4.455973e+00 4.395039e+00 -2.675477e+00
      vertex   -4.461940e+00 4.391342e+00 -2.611851e+00
    endloop
  endfacet
  facet normal -9.456071e-01 3.176425e-01 -7.021728e-02
    outer loop
      vertex   -4.461940e+00 4.391342e+00 -2.611851e+00
      vertex   -4.455973e+00 4.395039e+00 -2.675477e+00
      vertex   -4.485275e+00 4.320217e+00 -2.619347e+00
    endloop
  endfacet
  facet normal -9.336756e-01 2.832274e-01 2.191622e-01
    outer loop
      vertex   -4.461940e+00 4.391342e+00 -2.611851e+00
      vertex   -4.485275e+00 4.320217e+00 -2.619347e+00
      vertex   -4.490393e+00 4.297545e+00 -2.611851e+00
    endloop
  endfacet
  facet normal -9.776791e-01 1.941104e-01 -8.040316e-02
    outer loop
      vertex   -4.490393e+00 4.297545e+00 -2.611851e+00
      vertex   -4.485275e+00 4.320217e+00 -2.619347e+00
      vertex   -4.490393e+00 4.268975e+00 -2.680826e+00
    endloop
  endfacet
  facet normal -9.943655e-01 9.793646e-02 -4.056661e-02
    outer loop
      vertex   -4.490393e+00 4.297545e+00 -2.611851e+00
      vertex   -4.490393e+00 4.268975e+00 -2.680826e+00
      vertex   -4.500000e+00 4.200000e+00 -2.611851e+00
    endloop
  endfacet
  facet normal -9.943655e-01 4.056661e-02 -9.793646e-02
    outer loop
      vertex   -4.500000e+00 4.200000e+00 -2.611851e+00
      vertex   -4.490393e+00 4.268975e+00 -2.680826e+00
      vertex   -4.490393e+00 4.200000e+00 -2.709396e+00
    endloop
  endfacet
  facet normal -9.776791e-01 8.040316e-02 -1.941104e-01
    outer loop
      vertex   -4.490393e+00 4.200000e+00 -2.709396e+00
      vertex   -4.490393e+00 4.268975e+00 -2.680826e+00
      vertex   -4.485275e+00 4.207496e+00 -2.732068e+00
    endloop
  endfacet
  facet normal -9.336756e-01 -2.191622e-01 -2.832274e-01
    outer loop
      vertex   -4.490393e+00 4.200000e+00 -2.709396e+00
      vertex   -4.485275e+00 4.207496e+00 -2.732068e+00
      vertex   -4.461940e+00 4.200000e+00 -2.803193e+00
    endloop
  endfacet
  facet normal -9.456071e-01 7.021728e-02 -3.176425e-01
    outer loop
      vertex   -4.461940e+00 4.200000e+00 -2.803193e+00
      vertex   -4.485275e+00 4.207496e+00 -2.732068e+00
      vertex   -4.455973e+00 4.263626e+00 -2.806890e+00
    endloop
  endfacet
  facet normal -8.805753e-01 5.522622e-02 -4.706773e-01
    outer loop
      vertex   -4.461940e+00 4.200000e+00 -2.803193e+00
      vertex   -4.455973e+00 4.263626e+00 -2.806890e+00
      vertex   -4.415735e+00 4.200000e+00 -2.889636e+00
    endloop
  endfacet
  facet normal -8.351513e-01 5.373198e-01 -1.175147e-01
    outer loop
      vertex   -4.409149e+00 4.462365e+00 -2.729161e+00
      vertex   -4.415735e+00 4.477785e+00 -2.611851e+00
      vertex   -4.389713e+00 4.511912e+00 -2.640742e+00
    endloop
  endfacet
  facet normal -7.719221e-01 6.335001e-01 5.304562e-02
    outer loop
      vertex   -4.389713e+00 4.511912e+00 -2.640742e+00
      vertex   -4.415735e+00 4.477785e+00 -2.611851e+00
      vertex   -4.353553e+00 4.553553e+00 -2.611851e+00
    endloop
  endfacet
  facet normal -7.175032e-01 6.898657e-01 -9.630346e-02
    outer loop
      vertex   -4.389713e+00 4.511912e+00 -2.640742e+00
      vertex   -4.353553e+00 4.553553e+00 -2.611851e+00
      vertex   -4.326084e+00 4.571912e+00 -2.685001e+00
    endloop
  endfacet
  facet normal -6.337737e-01 7.722555e-01 -4.418417e-02
    outer loop
      vertex   -4.326084e+00 4.571912e+00 -2.685001e+00
      vertex   -4.353553e+00 4.553553e+00 -2.611851e+00
      vertex   -4.277785e+00 4.615735e+00 -2.611851e+00
    endloop
  endfacet
  facet normal -5.588393e-01 8.201959e-01 -1.223819e-01
    outer loop
      vertex   -4.326084e+00 4.571912e+00 -2.685001e+00
      vertex   -4.277785e+00 4.615735e+00 -2.611851e+00
      vertex   -4.249924e+00 4.617619e+00 -2.726448e+00
    endloop
  endfacet
  facet normal -5.095210e-01 8.534180e-01 -1.098455e-01
    outer loop
      vertex   -4.249924e+00 4.617619e+00 -2.726448e+00
      vertex   -4.277785e+00 4.615735e+00 -2.611851e+00
      vertex   -4.216373e+00 4.650521e+00 -2.626444e+00
    endloop
  endfacet
  facet normal -3.864293e-01 9.067608e-01 -1.686925e-01
    outer loop
      vertex   -4.249924e+00 4.617619e+00 -2.726448e+00
      vertex   -4.216373e+00 4.650521e+00 -2.626444e+00
      vertex   -4.131427e+00 4.679378e+00 -2.665925e+00
    endloop
  endfacet
  facet normal -3.625053e-01 9.262778e-01 -1.029530e-01
    outer loop
      vertex   -4.131427e+00 4.679378e+00 -2.665925e+00
      vertex   -4.216373e+00 4.650521e+00 -2.626444e+00
      vertex   -4.191342e+00 4.661940e+00 -2.611851e+00
    endloop
  endfacet
  facet normal -2.902600e-01 9.568589e-01 -1.304213e-02
    outer loop
      vertex   -4.131427e+00 4.679378e+00 -2.665925e+00
      vertex   -4.191342e+00 4.661940e+00 -2.611851e+00
      vertex   -4.097545e+00 4.690393e+00 -2.611851e+00
    endloop
  endfacet
  facet normal -4.681195e-01 8.757899e-01 1.177125e-01
    outer loop
      vertex   -4.277785e+00 4.615735e+00 -2.611851e+00
      vertex   -4.191342e+00 4.661940e+00 -2.611851e+00
      vertex   -4.216373e+00 4.650521e+00 -2.626444e+00
    endloop
  endfacet
  facet normal -1.563513e-01 9.824050e-01 -1.021504e-01
    outer loop
      vertex   -4.131427e+00 4.679378e+00 -2.665925e+00
      vertex   -4.097545e+00 4.690393e+00 -2.611851e+00
      vertex   -4.041430e+00 4.689812e+00 -2.703328e+00
    endloop
  endfacet
  facet normal -2.101027e-01 9.474502e-01 -2.412362e-01
    outer loop
      vertex   -4.131427e+00 4.679378e+00 -2.665925e+00
      vertex   -4.041430e+00 4.689812e+00 -2.703328e+00
      vertex   -4.164160e+00 4.647277e+00 -2.763492e+00
    endloop
  endfacet
  facet normal -2.101027e-01 9.474502e-01 -2.412362e-01
    outer loop
      vertex   -4.164160e+00 4.647277e+00 -2.763492e+00
      vertex   -4.041430e+00 4.689812e+00 -2.703328e+00
      vertex   -4.072087e+00 4.659746e+00 -2.794708e+00
    endloop
  endfacet
  facet normal -2.620548e-01 8.653068e-01 -4.272838e-01
    outer loop
      vertex   -4.164160e+00 4.647277e+00 -2.763492e+00
      vertex   -4.072087e+00 4.659746e+00 -2.794708e+00
      vertex   -4.184462e+00 4.595521e+00 -2.855852e+00
    endloop
  endfacet
  facet normal -2.620548e-01 8.653068e-01 -4.272838e-01
    outer loop
      vertex   -4.184462e+00 4.595521e+00 -2.855852e+00
      vertex   -4.072087e+00 4.659746e+00 -2.794708e+00
      vertex   -4.091102e+00 4.611273e+00 -2.881211e+00
    endloop
  endfacet
  facet normal -2.886815e-01 7.471347e-01 -5.987092e-01
    outer loop
      vertex   -4.184462e+00 4.595521e+00 -2.855852e+00
      vertex   -4.091102e+00 4.611273e+00 -2.881211e+00
      vertex   -4.191342e+00 4.526641e+00 -2.938492e+00
    endloop
  endfacet
  facet normal -2.886815e-01 7.471347e-01 -5.987092e-01
    outer loop
      vertex   -4.191342e+00 4.526641e+00 -2.938492e+00
      vertex   -4.091102e+00 4.611273e+00 -2.881211e+00
      vertex   -4.097545e+00 4.546760e+00 -2.958611e+00
    endloop
  endfacet
  facet normal -2.886815e-01 5.987092e-01 -7.471347e-01
    outer loop
      vertex   -4.191342e+00 4.526641e+00 -2.938492e+00
      vertex   -4.097545e+00 4.546760e+00 -2.958611e+00
      vertex   -4.184462e+00 4.444001e+00 -3.007372e+00
    endloop
  endfacet
  facet normal -3.864293e-01 9.067608e-01 -1.686925e-01
    outer loop
      vertex   -4.131427e+00 4.679378e+00 -2.665925e+00
      vertex   -4.164160e+00 4.647277e+00 -2.763492e+00
      vertex   -4.249924e+00 4.617619e+00 -2.726448e+00
    endloop
  endfacet
  facet normal -4.407247e-01 8.209122e-01 -3.631319e-01
    outer loop
      vertex   -4.249924e+00 4.617619e+00 -2.726448e+00
      vertex   -4.164160e+00 4.647277e+00 -2.763492e+00
      vertex   -4.270734e+00 4.564570e+00 -2.821116e+00
    endloop
  endfacet
  facet normal -6.025546e-01 7.453682e-01 -2.852266e-01
    outer loop
      vertex   -4.249924e+00 4.617619e+00 -2.726448e+00
      vertex   -4.270734e+00 4.564570e+00 -2.821116e+00
      vertex   -4.346601e+00 4.519609e+00 -2.778337e+00
    endloop
  endfacet
  facet normal -6.305258e-01 6.212289e-01 -4.653084e-01
    outer loop
      vertex   -4.346601e+00 4.519609e+00 -2.778337e+00
      vertex   -4.270734e+00 4.564570e+00 -2.821116e+00
      vertex   -4.353553e+00 4.450000e+00 -2.861851e+00
    endloop
  endfacet
  facet normal -7.686033e-01 5.214255e-01 -3.706271e-01
    outer loop
      vertex   -4.346601e+00 4.519609e+00 -2.778337e+00
      vertex   -4.353553e+00 4.450000e+00 -2.861851e+00
      vertex   -4.415735e+00 4.396424e+00 -2.808275e+00
    endloop
  endfacet
  facet normal -7.686033e-01 3.706271e-01 -5.214255e-01
    outer loop
      vertex   -4.415735e+00 4.396424e+00 -2.808275e+00
      vertex   -4.353553e+00 4.450000e+00 -2.861851e+00
      vertex   -4.409149e+00 4.317310e+00 -2.874216e+00
    endloop
  endfacet
  facet normal -4.407247e-01 8.209122e-01 -3.631319e-01
    outer loop
      vertex   -4.270734e+00 4.564570e+00 -2.821116e+00
      vertex   -4.164160e+00 4.647277e+00 -2.763492e+00
      vertex   -4.184462e+00 4.595521e+00 -2.855852e+00
    endloop
  endfacet
  facet normal -7.415510e-01 6.414867e-01 -1.964612e-01
    outer loop
      vertex   -4.409149e+00 4.462365e+00 -2.729161e+00
      vertex   -4.389713e+00 4.511912e+00 -2.640742e+00
      vertex   -4.326084e+00 4.571912e+00 -2.685001e+00
    endloop
  endfacet
  facet normal -7.415510e-01 6.414867e-01 -1.964612e-01
    outer loop
      vertex   -4.409149e+00 4.462365e+00 -2.729161e+00
      vertex   -4.326084e+00 4.571912e+00 -2.685001e+00
      vertex   -4.346601e+00 4.519609e+00 -2.778337e+00
    endloop
  endfacet
  facet normal -6.025546e-01 7.453682e-01 -2.852266e-01
    outer loop
      vertex   -4.346601e+00 4.519609e+00 -2.778337e+00
      vertex   -4.326084e+00 4.571912e+00 -2.685001e+00
      vertex   -4.249924e+00 4.617619e+00 -2.726448e+00
    endloop
  endfacet
  facet normal -4.685524e-01 6.974100e-01 -5.422896e-01
    outer loop
      vertex   -4.270734e+00 4.564570e+00 -2.821116e+00
      vertex   -4.184462e+00 4.595521e+00 -2.855852e+00
      vertex   -4.277785e+00 4.493969e+00 -2.905820e+00
    endloop
  endfacet
  facet normal -4.685524e-01 6.974100e-01 -5.422896e-01
    outer loop
      vertex   -4.277785e+00 4.493969e+00 -2.905820e+00
      vertex   -4.184462e+00 4.595521e+00 -2.855852e+00
      vertex   -4.191342e+00 4.526641e+00 -2.938492e+00
    endloop
  endfacet
  facet normal -4.685524e-01 5.422896e-01 -6.974100e-01
    outer loop
      vertex   -4.277785e+00 4.493969e+00 -2.905820e+00
      vertex   -4.191342e+00 4.526641e+00 -2.938492e+00
      vertex   -4.270734e+00 4.409265e+00 -2.976421e+00
    endloop
  endfacet
  facet normal -4.685524e-01 5.422896e-01 -6.974100e-01
    outer loop
      vertex   -4.270734e+00 4.409265e+00 -2.976421e+00
      vertex   -4.191342e+00 4.526641e+00 -2.938492e+00
      vertex   -4.184462e+00 4.444001e+00 -3.007372e+00
    endloop
  endfacet
  facet normal -4.407247e-01 3.631319e-01 -8.209122e-01
    outer loop
      vertex   -4.270734e+00 4.409265e+00 -2.976421e+00
      vertex   -4.184462e+00 4.444001e+00 -3.007372e+00
      vertex   -4.249924e+00 4.314597e+00 -3.029469e+00
    endloop
  endfacet
  facet normal -7.686033e-01 5.214255e-01 -3.706271e-01
    outer loop
      vertex   -4.415735e+00 4.396424e+00 -2.808275e+00
      vertex   -4.409149e+00 4.462365e+00 -2.729161e+00
      vertex   -4.346601e+00 4.519609e+00 -2.778337e+00
    endloop
  endfacet
  facet normal -9.532727e-01 2.663249e-01 -1.426262e-01
    outer loop
      vertex   -4.490393e+00 4.268975e+00 -2.680826e+00
      vertex   -4.485275e+00 4.320217e+00 -2.619347e+00
      vertex   -4.455973e+00 4.395039e+00 -2.675477e+00
    endloop
  endfacet
  facet normal -9.532727e-01 2.663249e-01 -1.426262e-01
    outer loop
      vertex   -4.490393e+00 4.268975e+00 -2.680826e+00
      vertex   -4.455973e+00 4.395039e+00 -2.675477e+00
      vertex   -4.461940e+00 4.335299e+00 -2.747150e+00
    endloop
  endfacet
  facet normal -9.532727e-01 1.426262e-01 -2.663249e-01
    outer loop
      vertex   -4.455973e+00 4.263626e+00 -2.806890e+00
      vertex   -4.485275e+00 4.207496e+00 -2.732068e+00
      vertex   -4.461940e+00 4.335299e+00 -2.747150e+00
    endloop
  endfacet
  facet normal -9.532727e-01 1.426262e-01 -2.663249e-01
    outer loop
      vertex   -4.461940e+00 4.335299e+00 -2.747150e+00
      vertex   -4.485275e+00 4.207496e+00 -2.732068e+00
      vertex   -4.490393e+00 4.268975e+00 -2.680826e+00
    endloop
  endfacet
  facet normal -6.305258e-01 4.653084e-01 -6.212289e-01
    outer loop
      vertex   -4.353553e+00 4.450000e+00 -2.861851e+00
      vertex   -4.277785e+00 4.493969e+00 -2.905820e+00
      vertex   -4.346601e+00 4.366487e+00 -2.931460e+00
    endloop
  endfacet
  facet normal -6.305258e-01 4.653084e-01 -6.212289e-01
    outer loop
      vertex   -4.346601e+00 4.366487e+00 -2.931460e+00
      vertex   -4.277785e+00 4.493969e+00 -2.905820e+00
      vertex   -4.270734e+00 4.409265e+00 -2.976421e+00
    endloop
  endfacet
  facet normal -6.025546e-01 2.852266e-01 -7.453682e-01
    outer loop
      vertex   -4.346601e+00 4.366487e+00 -2.931460e+00
      vertex   -4.270734e+00 4.409265e+00 -2.976421e+00
      vertex   -4.326084e+00 4.273150e+00 -2.983762e+00
    endloop
  endfacet
  facet normal -6.025546e-01 2.852266e-01 -7.453682e-01
    outer loop
      vertex   -4.326084e+00 4.273150e+00 -2.983762e+00
      vertex   -4.270734e+00 4.409265e+00 -2.976421e+00
      vertex   -4.249924e+00 4.314597e+00 -3.029469e+00
    endloop
  endfacet
  facet normal -6.305258e-01 6.212289e-01 -4.653084e-01
    outer loop
      vertex   -4.277785e+00 4.493969e+00 -2.905820e+00
      vertex   -4.353553e+00 4.450000e+00 -2.861851e+00
      vertex   -4.270734e+00 4.564570e+00 -2.821116e+00
    endloop
  endfacet
  facet normal -7.415510e-01 1.964612e-01 -6.414867e-01
    outer loop
      vertex   -4.389713e+00 4.228891e+00 -2.923763e+00
      vertex   -4.409149e+00 4.317310e+00 -2.874216e+00
      vertex   -4.346601e+00 4.366487e+00 -2.931460e+00
    endloop
  endfacet
  facet normal -7.686033e-01 3.706271e-01 -5.214255e-01
    outer loop
      vertex   -4.346601e+00 4.366487e+00 -2.931460e+00
      vertex   -4.409149e+00 4.317310e+00 -2.874216e+00
      vertex   -4.353553e+00 4.450000e+00 -2.861851e+00
    endloop
  endfacet
  facet normal -7.415510e-01 1.964612e-01 -6.414867e-01
    outer loop
      vertex   -4.389713e+00 4.228891e+00 -2.923763e+00
      vertex   -4.346601e+00 4.366487e+00 -2.931460e+00
      vertex   -4.326084e+00 4.273150e+00 -2.983762e+00
    endloop
  endfacet
  facet normal -2.620548e-01 4.272838e-01 -8.653068e-01
    outer loop
      vertex   -4.091102e+00 4.469360e+00 -3.023124e+00
      vertex   -4.072087e+00 4.382857e+00 -3.071597e+00
      vertex   -4.164160e+00 4.351641e+00 -3.059128e+00
    endloop
  endfacet
  facet normal -2.101027e-01 2.412362e-01 -9.474502e-01
    outer loop
      vertex   -4.164160e+00 4.351641e+00 -3.059128e+00
      vertex   -4.072087e+00 4.382857e+00 -3.071597e+00
      vertex   -4.131427e+00 4.254074e+00 -3.091229e+00
    endloop
  endfacet
  facet normal -3.864293e-01 1.686925e-01 -9.067608e-01
    outer loop
      vertex   -4.164160e+00 4.351641e+00 -3.059128e+00
      vertex   -4.131427e+00 4.254074e+00 -3.091229e+00
      vertex   -4.216373e+00 4.214593e+00 -3.062372e+00
    endloop
  endfacet
  facet normal -2.101027e-01 2.412362e-01 -9.474502e-01
    outer loop
      vertex   -4.041430e+00 4.291477e+00 -3.101663e+00
      vertex   -4.131427e+00 4.254074e+00 -3.091229e+00
      vertex   -4.072087e+00 4.382857e+00 -3.071597e+00
    endloop
  endfacet
  facet normal -9.801714e-02 -0.000000e+00 -9.951847e-01
    outer loop
      vertex   -4.000000e+00 4.200000e+00 -3.111851e+00
      vertex   -4.000000e+00 1.200000e+00 -3.111851e+00
      vertex   -4.097545e+00 2.700000e+00 -3.102243e+00
    endloop
  endfacet
  facet normal -9.801714e-02 -0.000000e+00 -9.951847e-01
    outer loop
      vertex   -4.097545e+00 2.700000e+00 -3.102243e+00
      vertex   -4.000000e+00 1.200000e+00 -3.111851e+00
      vertex   -4.097545e+00 1.200000e+00 -3.102243e+00
    endloop
  endfacet
  facet normal -2.902847e-01 -0.000000e+00 -9.569403e-01
    outer loop
      vertex   -4.097545e+00 2.700000e+00 -3.102243e+00
      vertex   -4.097545e+00 1.200000e+00 -3.102243e+00
      vertex   -4.191342e+00 2.700000e+00 -3.073791e+00
    endloop
  endfacet
  facet normal -2.902847e-01 -2.833113e-16 -9.569403e-01
    outer loop
      vertex   -4.191342e+00 2.700000e+00 -3.073791e+00
      vertex   -4.097545e+00 1.200000e+00 -3.102243e+00
      vertex   -4.191342e+00 1.200000e+00 -3.073791e+00
    endloop
  endfacet
  facet normal -4.713967e-01 -2.611011e-16 -8.819213e-01
    outer loop
      vertex   -4.191342e+00 2.700000e+00 -3.073791e+00
      vertex   -4.191342e+00 1.200000e+00 -3.073791e+00
      vertex   -4.277785e+00 2.700000e+00 -3.027586e+00
    endloop
  endfacet
  facet normal -4.713967e-01 2.611011e-16 -8.819213e-01
    outer loop
      vertex   -4.277785e+00 2.700000e+00 -3.027586e+00
      vertex   -4.191342e+00 1.200000e+00 -3.073791e+00
      vertex   -4.277785e+00 1.200000e+00 -3.027586e+00
    endloop
  endfacet
  facet normal -6.343933e-01 2.288571e-16 -7.730105e-01
    outer loop
      vertex   -4.277785e+00 2.700000e+00 -3.027586e+00
      vertex   -4.277785e+00 1.200000e+00 -3.027586e+00
      vertex   -4.353553e+00 2.700000e+00 -2.965404e+00
    endloop
  endfacet
  facet normal -6.343933e-01 -0.000000e+00 -7.730105e-01
    outer loop
      vertex   -4.353553e+00 2.700000e+00 -2.965404e+00
      vertex   -4.277785e+00 1.200000e+00 -3.027586e+00
      vertex   -4.353553e+00 1.200000e+00 -2.965404e+00
    endloop
  endfacet
  facet normal -7.730105e-01 -0.000000e+00 -6.343933e-01
    outer loop
      vertex   -4.353553e+00 2.700000e+00 -2.965404e+00
      vertex   -4.353553e+00 1.200000e+00 -2.965404e+00
      vertex   -4.415735e+00 2.700000e+00 -2.889636e+00
    endloop
  endfacet
  facet normal -7.730105e-01 -0.000000e+00 -6.343933e-01
    outer loop
      vertex   -4.415735e+00 2.700000e+00 -2.889636e+00
      vertex   -4.353553e+00 1.200000e+00 -2.965404e+00
      vertex   -4.415735e+00 1.200000e+00 -2.889636e+00
    endloop
  endfacet
  facet normal -8.819213e-01 -0.000000e+00 -4.713967e-01
    outer loop
      vertex   -4.415735e+00 2.700000e+00 -2.889636e+00
      vertex   -4.415735e+00 1.200000e+00 -2.889636e+00
      vertex   -4.461940e+00 2.700000e+00 -2.803193e+00
    endloop
  endfacet
  facet normal -8.819213e-01 -0.000000e+00 -4.713967e-01
    outer loop
      vertex   -4.461940e+00 2.700000e+00 -2.803193e+00
      vertex   -4.415735e+00 1.200000e+00 -2.889636e+00
      vertex   -4.461940e+00 1.200000e+00 -2.803193e+00
    endloop
  endfacet
  facet normal -9.569403e-01 -0.000000e+00 -2.902847e-01
    outer loop
      vertex   -4.461940e+00 2.700000e+00 -2.803193e+00
      vertex   -4.461940e+00 1.200000e+00 -2.803193e+00
      vertex   -4.490393e+00 2.700000e+00 -2.709396e+00
    endloop
  endfacet
  facet normal -9.569403e-01 -0.000000e+00 -2.902847e-01
    outer loop
      vertex   -4.490393e+00 2.700000e+00 -2.709396e+00
      vertex   -4.461940e+00 1.200000e+00 -2.803193e+00
      vertex   -4.490393e+00 1.200000e+00 -2.709396e+00
    endloop
  endfacet
  facet normal -9.951847e-01 -0.000000e+00 -9.801714e-02
    outer loop
      vertex   -4.490393e+00 2.700000e+00 -2.709396e+00
      vertex   -4.490393e+00 1.200000e+00 -2.709396e+00
      vertex   -4.500000e+00 1.200000e+00 -2.611851e+00
    endloop
  endfacet
  facet normal -9.951847e-01 -2.946339e-16 -9.801714e-02
    outer loop
      vertex   -4.500000e+00 1.200000e+00 -2.611851e+00
      vertex   -4.500000e+00 4.200000e+00 -2.611851e+00
      vertex   -4.490393e+00 2.700000e+00 -2.709396e+00
    endloop
  endfacet
  facet normal -9.951847e-01 5.892677e-16 -9.801714e-02
    outer loop
      vertex   -4.490393e+00 2.700000e+00 -2.709396e+00
      vertex   -4.500000e+00 4.200000e+00 -2.611851e+00
      vertex   -4.490393e+00 4.200000e+00 -2.709396e+00
    endloop
  endfacet
  facet normal -9.569403e-01 5.666225e-16 -2.902847e-01
    outer loop
      vertex   -4.490393e+00 2.700000e+00 -2.709396e+00
      vertex   -4.490393e+00 4.200000e+00 -2.709396e+00
      vertex   -4.461940e+00 2.700000e+00 -2.803193e+00
    endloop
  endfacet
  facet normal -9.569403e-01 6.525640e-16 -2.902847e-01
    outer loop
      vertex   -4.461940e+00 2.700000e+00 -2.803193e+00
      vertex   -4.490393e+00 4.200000e+00 -2.709396e+00
      vertex   -4.461940e+00 4.200000e+00 -2.803193e+00
    endloop
  endfacet
  facet normal -8.819213e-01 6.617638e-16 -4.713967e-01
    outer loop
      vertex   -4.461940e+00 2.700000e+00 -2.803193e+00
      vertex   -4.461940e+00 4.200000e+00 -2.803193e+00
      vertex   -4.415735e+00 2.700000e+00 -2.889636e+00
    endloop
  endfacet
  facet normal -8.819213e-01 2.791229e-16 -4.713967e-01
    outer loop
      vertex   -4.415735e+00 2.700000e+00 -2.889636e+00
      vertex   -4.461940e+00 4.200000e+00 -2.803193e+00
      vertex   -4.415735e+00 4.200000e+00 -2.889636e+00
    endloop
  endfacet
  facet normal -7.730105e-01 3.756363e-16 -6.343933e-01
    outer loop
      vertex   -4.415735e+00 2.700000e+00 -2.889636e+00
      vertex   -4.415735e+00 4.200000e+00 -2.889636e+00
      vertex   -4.353553e+00 2.700000e+00 -2.965404e+00
    endloop
  endfacet
  facet normal -7.730105e-01 0.000000e+00 -6.343933e-01
    outer loop
      vertex   -4.353553e+00 2.700000e+00 -2.965404e+00
      vertex   -4.415735e+00 4.200000e+00 -2.889636e+00
      vertex   -4.353553e+00 4.200000e+00 -2.965404e+00
    endloop
  endfacet
  facet normal -6.343933e-01 0.000000e+00 -7.730105e-01
    outer loop
      vertex   -4.353553e+00 2.700000e+00 -2.965404e+00
      vertex   -4.353553e+00 4.200000e+00 -2.965404e+00
      vertex   -4.277785e+00 2.700000e+00 -3.027586e+00
    endloop
  endfacet
  facet normal -6.343933e-01 4.577141e-16 -7.730105e-01
    outer loop
      vertex   -4.277785e+00 2.700000e+00 -3.027586e+00
      vertex   -4.353553e+00 4.200000e+00 -2.965404e+00
      vertex   -4.277785e+00 4.200000e+00 -3.027586e+00
    endloop
  endfacet
  facet normal -4.713967e-01 5.222023e-16 -8.819213e-01
    outer loop
      vertex   -4.277785e+00 2.700000e+00 -3.027586e+00
      vertex   -4.277785e+00 4.200000e+00 -3.027586e+00
      vertex   -4.191342e+00 2.700000e+00 -3.073791e+00
    endloop
  endfacet
  facet normal -4.713967e-01 7.833034e-16 -8.819213e-01
    outer loop
      vertex   -4.191342e+00 2.700000e+00 -3.073791e+00
      vertex   -4.277785e+00 4.200000e+00 -3.027586e+00
      vertex   -4.191342e+00 4.200000e+00 -3.073791e+00
    endloop
  endfacet
  facet normal -2.902847e-01 8.499338e-16 -9.569403e-01
    outer loop
      vertex   -4.191342e+00 2.700000e+00 -3.073791e+00
      vertex   -4.191342e+00 4.200000e+00 -3.073791e+00
      vertex   -4.097545e+00 2.700000e+00 -3.102243e+00
    endloop
  endfacet
  facet normal -2.902847e-01 5.666225e-16 -9.569403e-01
    outer loop
      vertex   -4.097545e+00 2.700000e+00 -3.102243e+00
      vertex   -4.191342e+00 4.200000e+00 -3.073791e+00
      vertex   -4.097545e+00 4.200000e+00 -3.102243e+00
    endloop
  endfacet
  facet normal -9.801714e-02 5.892677e-16 -9.951847e-01
    outer loop
      vertex   -4.097545e+00 2.700000e+00 -3.102243e+00
      vertex   -4.097545e+00 4.200000e+00 -3.102243e+00
      vertex   -4.000000e+00 4.200000e+00 -3.111851e+00
    endloop
  endfacet
  facet normal -9.951847e-01 9.801714e-02 4.419508e-15
    outer loop
      vertex   -4.500000e+00 4.200000e+00 -2.611851e+00
      vertex   -4.500000e+00 4.200000e+00 -2.411851e+00
      vertex   -4.490393e+00 4.297545e+00 -2.611851e+00
    endloop
  endfacet
  facet normal -9.951847e-01 9.801714e-02 0.000000e+00
    outer loop
      vertex   -4.490393e+00 4.297545e+00 -2.611851e+00
      vertex   -4.500000e+00 4.200000e+00 -2.411851e+00
      vertex   -4.490393e+00 4.297545e+00 -2.411851e+00
    endloop
  endfacet
  facet normal -9.569403e-01 2.902847e-01 0.000000e+00
    outer loop
      vertex   -4.490393e+00 4.297545e+00 -2.611851e+00
      vertex   -4.490393e+00 4.297545e+00 -2.411851e+00
      vertex   -4.461940e+00 4.391342e+00 -2.611851e+00
    endloop
  endfacet
  facet normal -9.569403e-01 2.902847e-01 4.249669e-15
    outer loop
      vertex   -4.461940e+00 4.391342e+00 -2.611851e+00
      vertex   -4.490393e+00 4.297545e+00 -2.411851e+00
      vertex   -4.461940e+00 4.391342e+00 -2.411851e+00
    endloop
  endfacet
  facet normal -8.819213e-01 4.713967e-01 3.916517e-15
    outer loop
      vertex   -4.461940e+00 4.391342e+00 -2.611851e+00
      vertex   -4.461940e+00 4.391342e+00 -2.411851e+00
      vertex   -4.415735e+00 4.477785e+00 -2.611851e+00
    endloop
  endfacet
  facet normal -8.819213e-01 4.713967e-01 3.916517e-15
    outer loop
      vertex   -4.415735e+00 4.477785e+00 -2.611851e+00
      vertex   -4.461940e+00 4.391342e+00 -2.411851e+00
      vertex   -4.415735e+00 4.477785e+00 -2.411851e+00
    endloop
  endfacet
  facet normal -7.730105e-01 6.343933e-01 3.432856e-15
    outer loop
      vertex   -4.415735e+00 4.477785e+00 -2.611851e+00
      vertex   -4.415735e+00 4.477785e+00 -2.411851e+00
      vertex   -4.353553e+00 4.553553e+00 -2.611851e+00
    endloop
  endfacet
  facet normal -7.730105e-01 6.343933e-01 0.000000e+00
    outer loop
      vertex   -4.353553e+00 4.553553e+00 -2.611851e+00
      vertex   -4.415735e+00 4.477785e+00 -2.411851e+00
      vertex   -4.353553e+00 4.553553e+00 -2.411851e+00
    endloop
  endfacet
  facet normal -6.343933e-01 7.730105e-01 0.000000e+00
    outer loop
      vertex   -4.353553e+00 4.553553e+00 -2.611851e+00
      vertex   -4.353553e+00 4.553553e+00 -2.411851e+00
      vertex   -4.277785e+00 4.615735e+00 -2.611851e+00
    endloop
  endfacet
  facet normal -6.343933e-01 7.730105e-01 -3.432856e-15
    outer loop
      vertex   -4.277785e+00 4.615735e+00 -2.611851e+00
      vertex   -4.353553e+00 4.553553e+00 -2.411851e+00
      vertex   -4.277785e+00 4.615735e+00 -2.411851e+00
    endloop
  endfacet
  facet normal -4.713967e-01 8.819213e-01 -3.916517e-15
    outer loop
      vertex   -4.277785e+00 4.615735e+00 -2.611851e+00
      vertex   -4.277785e+00 4.615735e+00 -2.411851e+00
      vertex   -4.191342e+00 4.661940e+00 -2.611851e+00
    endloop
  endfacet
  facet normal -4.713967e-01 8.819213e-01 0.000000e+00
    outer loop
      vertex   -4.191342e+00 4.661940e+00 -2.611851e+00
      vertex   -4.277785e+00 4.615735e+00 -2.411851e+00
      vertex   -4.191342e+00 4.661940e+00 -2.411851e+00
    endloop
  endfacet
  facet normal -2.902847e-01 9.569403e-01 0.000000e+00
    outer loop
      vertex   -4.191342e+00 4.661940e+00 -2.611851e+00
      vertex   -4.191342e+00 4.661940e+00 -2.411851e+00
      vertex   -4.097545e+00 4.690393e+00 -2.611851e+00
    endloop
  endfacet
  facet normal -2.902847e-01 9.569403e-01 -4.249669e-15
    outer loop
      vertex   -4.097545e+00 4.690393e+00 -2.611851e+00
      vertex   -4.191342e+00 4.661940e+00 -2.411851e+00
      vertex   -4.097545e+00 4.690393e+00 -2.411851e+00
    endloop
  endfacet
  facet normal -9.801714e-02 9.951847e-01 -4.419508e-15
    outer loop
      vertex   -4.097545e+00 4.690393e+00 -2.611851e+00
      vertex   -4.097545e+00 4.690393e+00 -2.411851e+00
      vertex   -4.000000e+00 4.700000e+00 -2.611851e+00
    endloop
  endfacet
  facet normal -9.801714e-02 9.951847e-01 0.000000e+00
    outer loop
      vertex   -4.000000e+00 4.700000e+00 -2.611851e+00
      vertex   -4.097545e+00 4.690393e+00 -2.411851e+00
      vertex   -4.000000e+00 4.700000e+00 -2.411851e+00
    endloop
  endfacet
  facet normal 0.000000e+00 9.801714e-02 -9.951847e-01
    outer loop
      vertex   -4.000000e+00 4.297545e+00 -3.102243e+00
      vertex   -2.000000e+00 4.297545e+00 -3.102243e+00
      vertex   -4.000000e+00 4.200000e+00 -3.111851e+00
    endloop
  endfacet
  facet normal 0.000000e+00 9.801714e-02 -9.951847e-01
    outer loop
      vertex   -4.000000e+00 4.200000e+00 -3.111851e+00
      vertex   -2.000000e+00 4.297545e+00 -3.102243e+00
      vertex   2.220446e-15 4.297545e+00 -3.102243e+00
    endloop
  endfacet
  facet normal 0.000000e+00 9.801714e-02 -9.951847e-01
    outer loop
      vertex   -4.000000e+00 4.200000e+00 -3.111851e+00
      vertex   2.220446e-15 4.297545e+00 -3.102243e+00
      vertex   4.000000e+00 4.200000e+00 -3.111851e+00
    endloop
  endfacet
  facet normal 0.000000e+00 9.801714e-02 -9.951847e-01
    outer loop
      vertex   4.000000e+00 4.200000e+00 -3.111851e+00
      vertex   2.220446e-15 4.297545e+00 -3.102243e+00
      vertex   2.000000e+00 4.297545e+00 -3.102243e+00
    endloop
  endfacet
  facet normal 0.000000e+00 9.801714e-02 -9.951847e-01
    outer loop
      vertex   4.000000e+00 4.200000e+00 -3.111851e+00
      vertex   2.000000e+00 4.297545e+00 -3.102243e+00
      vertex   4.000000e+00 4.297545e+00 -3.102243e+00
    endloop
  endfacet
  facet normal 0.000000e+00 2.902847e-01 -9.569403e-01
    outer loop
      vertex   4.000000e+00 4.297545e+00 -3.102243e+00
      vertex   2.000000e+00 4.297545e+00 -3.102243e+00
      vertex   4.000000e+00 4.391342e+00 -3.073791e+00
    endloop
  endfacet
  facet normal 0.000000e+00 2.902847e-01 -9.569403e-01
    outer loop
      vertex   4.000000e+00 4.391342e+00 -3.073791e+00
      vertex   2.000000e+00 4.297545e+00 -3.102243e+00
      vertex   2.000000e+00 4.391342e+00 -3.073791e+00
    endloop
  endfacet
  facet normal 0.000000e+00 4.713967e-01 -8.819213e-01
    outer loop
      vertex   4.000000e+00 4.391342e+00 -3.073791e+00
      vertex   2.000000e+00 4.391342e+00 -3.073791e+00
      vertex   4.000000e+00 4.477785e+00 -3.027586e+00
    endloop
  endfacet
  facet normal 0.000000e+00 4.713967e-01 -8.819213e-01
    outer loop
      vertex   4.000000e+00 4.477785e+00 -3.027586e+00
      vertex   2.000000e+00 4.391342e+00 -3.073791e+00
      vertex   2.000000e+00 4.477785e+00 -3.027586e+00
    endloop
  endfacet
  facet normal 0.000000e+00 6.343933e-01 -7.730105e-01
    outer loop
      vertex   4.000000e+00 4.477785e+00 -3.027586e+00
      vertex   2.000000e+00 4.477785e+00 -3.027586e+00
      vertex   4.000000e+00 4.553553e+00 -2.965404e+00
    endloop
  endfacet
  facet normal 0.000000e+00 6.343933e-01 -7.730105e-01
    outer loop
      vertex   4.000000e+00 4.553553e+00 -2.965404e+00
      vertex   2.000000e+00 4.477785e+00 -3.027586e+00
      vertex   2.000000e+00 4.553553e+00 -2.965404e+00
    endloop
  endfacet
  facet normal 0.000000e+00 7.730105e-01 -6.343933e-01
    outer loop
      vertex   4.000000e+00 4.553553e+00 -2.965404e+00
      vertex   2.000000e+00 4.553553e+00 -2.965404e+00
      vertex   4.000000e+00 4.615735e+00 -2.889636e+00
    endloop
  endfacet
  facet normal 0.000000e+00 7.730105e-01 -6.343933e-01
    outer loop
      vertex   4.000000e+00 4.615735e+00 -2.889636e+00
      vertex   2.000000e+00 4.553553e+00 -2.965404e+00
      vertex   2.000000e+00 4.615735e+00 -2.889636e+00
    endloop
  endfacet
  facet normal 0.000000e+00 8.819213e-01 -4.713967e-01
    outer loop
      vertex   4.000000e+00 4.615735e+00 -2.889636e+00
      vertex   2.000000e+00 4.615735e+00 -2.889636e+00
      vertex   4.000000e+00 4.661940e+00 -2.803193e+00
    endloop
  endfacet
  facet normal 0.000000e+00 8.819213e-01 -4.713967e-01
    outer loop
      vertex   4.000000e+00 4.661940e+00 -2.803193e+00
      vertex   2.000000e+00 4.615735e+00 -2.889636e+00
      vertex   2.000000e+00 4.661940e+00 -2.803193e+00
    endloop
  endfacet
  facet normal 0.000000e+00 9.569403e-01 -2.902847e-01
    outer loop
      vertex   4.000000e+00 4.661940e+00 -2.803193e+00
      vertex   2.000000e+00 4.661940e+00 -2.803193e+00
      vertex   4.000000e+00 4.690393e+00 -2.709396e+00
    endloop
  endfacet
  facet normal 0.000000e+00 9.569403e-01 -2.902847e-01
    outer loop
      vertex   4.000000e+00 4.690393e+00 -2.709396e+00
      vertex   2.000000e+00 4.661940e+00 -2.803193e+00
      vertex   2.000000e+00 4.690393e+00 -2.709396e+00
    endloop
  endfacet
  facet normal 0.000000e+00 9.951847e-01 -9.801714e-02
    outer loop
      vertex   4.000000e+00 4.690393e+00 -2.709396e+00
      vertex   2.000000e+00 4.690393e+00 -2.709396e+00
      vertex   4.000000e+00 4.700000e+00 -2.611851e+00
    endloop
  endfacet
  facet normal 0.000000e+00 9.951847e-01 -9.801714e-02
    outer loop
      vertex   4.000000e+00 4.700000e+00 -2.611851e+00
      vertex   2.000000e+00 4.690393e+00 -2.709396e+00
      vertex   2.220446e-15 4.690393e+00 -2.709396e+00
    endloop
  endfacet
  facet normal 0.000000e+00 9.951847e-01 -9.801714e-02
    outer loop
      vertex   4.000000e+00 4.700000e+00 -2.611851e+00
      vertex   2.220446e-15 4.690393e+00 -2.709396e+00
      vertex   -4.000000e+00 4.700000e+00 -2.611851e+00
    endloop
  endfacet
  facet normal 0.000000e+00 9.951847e-01 -9.801714e-02
    outer loop
      vertex   -4.000000e+00 4.700000e+00 -2.611851e+00
      vertex   2.220446e-15 4.690393e+00 -2.709396e+00
      vertex   -2.000000e+00 4.690393e+00 -2.709396e+00
    endloop
  endfacet
  facet normal 0.000000e+00 9.951847e-01 -9.801714e-02
    outer loop
      vertex   -4.000000e+00 4.700000e+00 -2.611851e+00
      vertex   -2.000000e+00 4.690393e+00 -2.709396e+00
      vertex   -4.000000e+00 4.690393e+00 -2.709396e+00
    endloop
  endfacet
  facet normal 0.000000e+00 9.569403e-01 -2.902847e-01
    outer loop
      vertex   -4.000000e+00 4.690393e+00 -2.709396e+00
      vertex   -2.000000e+00 4.690393e+00 -2.709396e+00
      vertex   -4.000000e+00 4.661940e+00 -2.803193e+00
    endloop
  endfacet
  facet normal 0.000000e+00 9.569403e-01 -2.902847e-01
    outer loop
      vertex   -4.000000e+00 4.661940e+00 -2.803193e+00
      vertex   -2.000000e+00 4.690393e+00 -2.709396e+00
      vertex   -2.000000e+00 4.661940e+00 -2.803193e+00
    endloop
  endfacet
  facet normal 0.000000e+00 8.819213e-01 -4.713967e-01
    outer loop
      vertex   -4.000000e+00 4.661940e+00 -2.803193e+00
      vertex   -2.000000e+00 4.661940e+00 -2.803193e+00
      vertex   -4.000000e+00 4.615735e+00 -2.889636e+00
    endloop
  endfacet
  facet normal 0.000000e+00 8.819213e-01 -4.713967e-01
    outer loop
      vertex   -4.000000e+00 4.615735e+00 -2.889636e+00
      vertex   -2.000000e+00 4.661940e+00 -2.803193e+00
      vertex   -2.000000e+00 4.615735e+00 -2.889636e+00
    endloop
  endfacet
  facet normal 0.000000e+00 7.730105e-01 -6.343933e-01
    outer loop
      vertex   -4.000000e+00 4.615735e+00 -2.889636e+00
      vertex   -2.000000e+00 4.615735e+00 -2.889636e+00
      vertex   -4.000000e+00 4.553553e+00 -2.965404e+00
    endloop
  endfacet
  facet normal 0.000000e+00 7.730105e-01 -6.343933e-01
    outer loop
      vertex   -4.000000e+00 4.553553e+00 -2.965404e+00
      vertex   -2.000000e+00 4.615735e+00 -2.889636e+00
      vertex   -2.000000e+00 4.553553e+00 -2.965404e+00
    endloop
  endfacet
  facet normal 0.000000e+00 6.343933e-01 -7.730105e-01
    outer loop
      vertex   -4.000000e+00 4.553553e+00 -2.965404e+00
      vertex   -2.000000e+00 4.553553e+00 -2.965404e+00
      vertex   -4.000000e+00 4.477785e+00 -3.027586e+00
    endloop
  endfacet
  facet normal 0.000000e+00 6.343933e-01 -7.730105e-01
    outer loop
      vertex   -4.000000e+00 4.477785e+00 -3.027586e+00
      vertex   -2.000000e+00 4.553553e+00 -2.965404e+00
      vertex   -2.000000e+00 4.477785e+00 -3.027586e+00
    endloop
  endfacet
  facet normal 0.000000e+00 4.713967e-01 -8.819213e-01
    outer loop
      vertex   -4.000000e+00 4.477785e+00 -3.027586e+00
      vertex   -2.000000e+00 4.477785e+00 -3.027586e+00
      vertex   -4.000000e+00 4.391342e+00 -3.073791e+00
    endloop
  endfacet
  facet normal 0.000000e+00 4.713967e-01 -8.819213e-01
    outer loop
      vertex   -4.000000e+00 4.391342e+00 -3.073791e+00
      vertex   -2.000000e+00 4.477785e+00 -3.027586e+00
      vertex   -2.000000e+00 4.391342e+00 -3.073791e+00
    endloop
  endfacet
  facet normal 0.000000e+00 2.902847e-01 -9.569403e-01
    outer loop
      vertex   -4.000000e+00 4.391342e+00 -3.073791e+00
      vertex   -2.000000e+00 4.391342e+00 -3.073791e+00
      vertex   -4.000000e+00 4.297545e+00 -3.102243e+00
    endloop
  endfacet
  facet normal 0.000000e+00 2.902847e-01 -9.569403e-01
    outer loop
      vertex   -4.000000e+00 4.297545e+00 -3.102243e+00
      vertex   -2.000000e+00 4.391342e+00 -3.073791e+00
      vertex   -2.000000e+00 4.297545e+00 -3.102243e+00
    endloop
  endfacet
  facet normal 0.000000e+00 2.902847e-01 -9.569403e-01
    outer loop
      vertex   2.000000e+00 4.391342e+00 -3.073791e+00
      vertex   2.000000e+00 4.297545e+00 -3.102243e+00
      vertex   2.220446e-15 4.297545e+00 -3.102243e+00
    endloop
  endfacet
  facet normal 0.000000e+00 2.902847e-01 -9.569403e-01
    outer loop
      vertex   2.220446e-15 4.297545e+00 -3.102243e+00
      vertex   -2.000000e+00 4.297545e+00 -3.102243e+00
      vertex   2.220446e-15 4.391342e+00 -3.073791e+00
    endloop
  endfacet
  facet normal 0.000000e+00 2.902847e-01 -9.569403e-01
    outer loop
      vertex   2.220446e-15 4.391342e+00 -3.073791e+00
      vertex   -2.000000e+00 4.297545e+00 -3.102243e+00
      vertex   -2.000000e+00 4.391342e+00 -3.073791e+00
    endloop
  endfacet
  facet normal 0.000000e+00 4.713967e-01 -8.819213e-01
    outer loop
      vertex   2.220446e-15 4.391342e+00 -3.073791e+00
      vertex   -2.000000e+00 4.391342e+00 -3.073791e+00
      vertex   2.220446e-15 4.477785e+00 -3.027586e+00
    endloop
  endfacet
  facet normal 0.000000e+00 4.713967e-01 -8.819213e-01
    outer loop
      vertex   2.220446e-15 4.477785e+00 -3.027586e+00
      vertex   -2.000000e+00 4.391342e+00 -3.073791e+00
      vertex   -2.000000e+00 4.477785e+00 -3.027586e+00
    endloop
  endfacet
  facet normal 0.000000e+00 6.343933e-01 -7.730105e-01
    outer loop
      vertex   2.220446e-15 4.477785e+00 -3.027586e+00
      vertex   -2.000000e+00 4.477785e+00 -3.027586e+00
      vertex   2.220446e-15 4.553553e+00 -2.965404e+00
    endloop
  endfacet
  facet normal 0.000000e+00 6.343933e-01 -7.730105e-01
    outer loop
      vertex   2.220446e-15 4.553553e+00 -2.965404e+00
      vertex   -2.000000e+00 4.477785e+00 -3.027586e+00
      vertex   -2.000000e+00 4.553553e+00 -2.965404e+00
    endloop
  endfacet
  facet normal 0.000000e+00 7.730105e-01 -6.343933e-01
    outer loop
      vertex   2.220446e-15 4.553553e+00 -2.965404e+00
      vertex   -2.000000e+00 4.553553e+00 -2.965404e+00
      vertex   2.220446e-15 4.615735e+00 -2.889636e+00
    endloop
  endfacet
  facet normal 0.000000e+00 7.730105e-01 -6.343933e-01
    outer loop
      vertex   2.220446e-15 4.615735e+00 -2.889636e+00
      vertex   -2.000000e+00 4.553553e+00 -2.965404e+00
      vertex   -2.000000e+00 4.615735e+00 -2.889636e+00
    endloop
  endfacet
  facet normal 0.000000e+00 8.819213e-01 -4.713967e-01
    outer loop
      vertex   2.220446e-15 4.615735e+00 -2.889636e+00
      vertex   -2.000000e+00 4.615735e+00 -2.889636e+00
      vertex   2.220446e-15 4.661940e+00 -2.803193e+00
    endloop
  endfacet
  facet normal 0.000000e+00 8.819213e-01 -4.713967e-01
    outer loop
      vertex   2.220446e-15 4.661940e+00 -2.803193e+00
      vertex   -2.000000e+00 4.615735e+00 -2.889636e+00
      vertex   -2.000000e+00 4.661940e+00 -2.803193e+00
    endloop
  endfacet
  facet normal 0.000000e+00 9.569403e-01 -2.902847e-01
    outer loop
      vertex   2.220446e-15 4.661940e+00 -2.803193e+00
      vertex   -2.000000e+00 4.661940e+00 -2.803193e+00
      vertex   2.220446e-15 4.690393e+00 -2.709396e+00
    endloop
  endfacet
  facet normal 0.000000e+00 9.569403e-01 -2.902847e-01
    outer loop
      vertex   2.220446e-15 4.690393e+00 -2.709396e+00
      vertex   -2.000000e+00 4.661940e+00 -2.803193e+00
      vertex   -2.000000e+00 4.690393e+00 -2.709396e+00
    endloop
  endfacet
  facet normal 0.000000e+00 4.713967e-01 -8.819213e-01
    outer loop
      vertex   2.000000e+00 4.477785e+00 -3.027586e+00
      vertex   2.000000e+00 4.391342e+00 -3.073791e+00
      vertex   2.220446e-15 4.391342e+00 -3.073791e+00
    endloop
  endfacet
  facet normal 0.000000e+00 2.902847e-01 -9.569403e-01
    outer loop
      vertex   2.220446e-15 4.391342e+00 -3.073791e+00
      vertex   2.000000e+00 4.391342e+00 -3.073791e+00
      vertex   2.220446e-15 4.297545e+00 -3.102243e+00
    endloop
  endfacet
  facet normal 0.000000e+00 4.713967e-01 -8.819213e-01
    outer loop
      vertex   2.000000e+00 4.477785e+00 -3.027586e+00
      vertex   2.220446e-15 4.391342e+00 -3.073791e+00
      vertex   2.220446e-15 4.477785e+00 -3.027586e+00
    endloop
  endfacet
  facet normal 0.000000e+00 6.343933e-01 -7.730105e-01
    outer loop
      vertex   2.000000e+00 4.553553e+00 -2.965404e+00
      vertex   2.000000e+00 4.477785e+00 -3.027586e+00
      vertex   2.220446e-15 4.477785e+00 -3.027586e+00
    endloop
  endfacet
  facet normal 0.000000e+00 6.343933e-01 -7.730105e-01
    outer loop
      vertex   2.000000e+00 4.553553e+00 -2.965404e+00
      vertex   2.220446e-15 4.477785e+00 -3.027586e+00
      vertex   2.220446e-15 4.553553e+00 -2.965404e+00
    endloop
  endfacet
  facet normal 0.000000e+00 7.730105e-01 -6.343933e-01
    outer loop
      vertex   2.000000e+00 4.615735e+00 -2.889636e+00
      vertex   2.000000e+00 4.553553e+00 -2.965404e+00
      vertex   2.220446e-15 4.553553e+00 -2.965404e+00
    endloop
  endfacet
  facet normal 0.000000e+00 7.730105e-01 -6.343933e-01
    outer loop
      vertex   2.000000e+00 4.615735e+00 -2.889636e+00
      vertex   2.220446e-15 4.553553e+00 -2.965404e+00
      vertex   2.220446e-15 4.615735e+00 -2.889636e+00
    endloop
  endfacet
  facet normal 0.000000e+00 8.819213e-01 -4.713967e-01
    outer loop
      vertex   2.000000e+00 4.661940e+00 -2.803193e+00
      vertex   2.000000e+00 4.615735e+00 -2.889636e+00
      vertex   2.220446e-15 4.615735e+00 -2.889636e+00
    endloop
  endfacet
  facet normal 0.000000e+00 8.819213e-01 -4.713967e-01
    outer loop
      vertex   2.000000e+00 4.661940e+00 -2.803193e+00
      vertex   2.220446e-15 4.615735e+00 -2.889636e+00
      vertex   2.220446e-15 4.661940e+00 -2.803193e+00
    endloop
  endfacet
  facet normal 0.000000e+00 9.569403e-01 -2.902847e-01
    outer loop
      vertex   2.000000e+00 4.690393e+00 -2.709396e+00
      vertex   2.000000e+00 4.661940e+00 -2.803193e+00
      vertex   2.220446e-15 4.661940e+00 -2.803193e+00
    endloop
  endfacet
  facet normal 0.000000e+00 9.569403e-01 -2.902847e-01
    outer loop
      vertex   2.000000e+00 4.690393e+00 -2.709396e+00
      vertex   2.220446e-15 4.661940e+00 -2.803193e+00
      vertex   2.220446e-15 4.690393e+00 -2.709396e+00
    endloop
  endfacet
  facet normal 9.951847e-01 9.801714e-02 -4.419508e-15
    outer loop
      vertex   4.500000e+00 4.200000e+00 -2.411851e+00
      vertex   4.500000e+00 4.200000e+00 -2.611851e+00
      vertex   4.490393e+00 4.297545e+00 -2.411851e+00
    endloop
  endfacet
  facet normal 9.951847e-01 9.801714e-02 0.000000e+00
    outer loop
      vertex   4.490393e+00 4.297545e+00 -2.411851e+00
      vertex   4.500000e+00 4.200000e+00 -2.611851e+00
      vertex   4.490393e+00 4.297545e+00 -2.611851e+00
    endloop
  endfacet
  facet normal 9.569403e-01 2.902847e-01 0.000000e+00
    outer loop
      vertex   4.490393e+00 4.297545e+00 -2.411851e+00
      vertex   4.490393e+00 4.297545e+00 -2.611851e+00
      vertex   4.461940e+00 4.391342e+00 -2.411851e+00
    endloop
  endfacet
  facet normal 9.569403e-01 2.902847e-01 -4.249669e-15
    outer loop
      vertex   4.461940e+00 4.391342e+00 -2.411851e+00
      vertex   4.490393e+00 4.297545e+00 -2.611851e+00
      vertex   4.461940e+00 4.391342e+00 -2.611851e+00
    endloop
  endfacet
  facet normal 8.819213e-01 4.713967e-01 -3.916517e-15
    outer loop
      vertex   4.461940e+00 4.391342e+00 -2.411851e+00
      vertex   4.461940e+00 4.391342e+00 -2.611851e+00
      vertex   4.415735e+00 4.477785e+00 -2.411851e+00
    endloop
  endfacet
  facet normal 8.819213e-01 4.713967e-01 0.000000e+00
    outer loop
      vertex   4.415735e+00 4.477785e+00 -2.411851e+00
      vertex   4.461940e+00 4.391342e+00 -2.611851e+00
      vertex   4.415735e+00 4.477785e+00 -2.611851e+00
    endloop
  endfacet
  facet normal 7.730105e-01 6.343933e-01 0.000000e+00
    outer loop
      vertex   4.415735e+00 4.477785e+00 -2.411851e+00
      vertex   4.415735e+00 4.477785e+00 -2.611851e+00
      vertex   4.353553e+00 4.553553e+00 -2.411851e+00
    endloop
  endfacet
  facet normal 7.730105e-01 6.343933e-01 -3.432856e-15
    outer loop
      vertex   4.353553e+00 4.553553e+00 -2.411851e+00
      vertex   4.415735e+00 4.477785e+00 -2.611851e+00
      vertex   4.353553e+00 4.553553e+00 -2.611851e+00
    endloop
  endfacet
  facet normal 6.343933e-01 7.730105e-01 -2.817272e-15
    outer loop
      vertex   4.353553e+00 4.553553e+00 -2.411851e+00
      vertex   4.353553e+00 4.553553e+00 -2.611851e+00
      vertex   4.277785e+00 4.615735e+00 -2.411851e+00
    endloop
  endfacet
  facet normal 6.343933e-01 7.730105e-01 -2.817272e-15
    outer loop
      vertex   4.277785e+00 4.615735e+00 -2.411851e+00
      vertex   4.353553e+00 4.553553e+00 -2.611851e+00
      vertex   4.277785e+00 4.615735e+00 -2.611851e+00
    endloop
  endfacet
  facet normal 4.713967e-01 8.819213e-01 -2.093422e-15
    outer loop
      vertex   4.277785e+00 4.615735e+00 -2.411851e+00
      vertex   4.277785e+00 4.615735e+00 -2.611851e+00
      vertex   4.191342e+00 4.661940e+00 -2.411851e+00
    endloop
  endfacet
  facet normal 4.713967e-01 8.819213e-01 0.000000e+00
    outer loop
      vertex   4.191342e+00 4.661940e+00 -2.411851e+00
      vertex   4.277785e+00 4.615735e+00 -2.611851e+00
      vertex   4.191342e+00 4.661940e+00 -2.611851e+00
    endloop
  endfacet
  facet normal 2.902847e-01 9.569403e-01 0.000000e+00
    outer loop
      vertex   4.191342e+00 4.661940e+00 -2.411851e+00
      vertex   4.191342e+00 4.661940e+00 -2.611851e+00
      vertex   4.097545e+00 4.690393e+00 -2.411851e+00
    endloop
  endfacet
  facet normal 2.902847e-01 9.569403e-01 0.000000e+00
    outer loop
      vertex   4.097545e+00 4.690393e+00 -2.411851e+00
      vertex   4.191342e+00 4.661940e+00 -2.611851e+00
      vertex   4.097545e+00 4.690393e+00 -2.611851e+00
    endloop
  endfacet
  facet normal 9.801714e-02 9.951847e-01 0.000000e+00
    outer loop
      vertex   4.097545e+00 4.690393e+00 -2.411851e+00
      vertex   4.097545e+00 4.690393e+00 -2.611851e+00
      vertex   4.000000e+00 4.700000e+00 -2.411851e+00
    endloop
  endfacet
  facet normal 9.801714e-02 9.951847e-01 0.000000e+00
    outer loop
      vertex   4.000000e+00 4.700000e+00 -2.411851e+00
      vertex   4.097545e+00 4.690393e+00 -2.611851e+00
      vertex   4.000000e+00 4.700000e+00 -2.611851e+00
    endloop
  endfacet
  facet normal 0.000000e+00 0.000000e+00 1.000000e+00
    outer loop
      vertex   4.000000e+00 4.200000e+00 -1.911851e+00
      vertex   -4.000000e+00 4.200000e+00 -1.911851e+00
      vertex   4.000000e+00 1.200000e+00 -1.911851e+00
    endloop
  endfacet
  facet normal 0.000000e+00 0.000000e+00 1.000000e+00
    outer loop
      vertex   4.000000e+00 1.200000e+00 -1.911851e+00
      vertex   -4.000000e+00 4.200000e+00 -1.911851e+00
      vertex   -4.000000e+00 1.200000e+00 -1.911851e+00
    endloop
  endfacet
  facet normal -1.000000e+00 0.000000e+00 4.440892e-15
    outer loop
      vertex   -4.500000e+00 4.200000e+00 -2.411851e+00
      vertex   -4.500000e+00 4.200000e+00 -2.611851e+00
      vertex   -4.500000e+00 1.200000e+00 -2.411851e+00
    endloop
  endfacet
  facet normal -1.000000e+00 -2.960595e-16 -0.000000e+00
    outer loop
      vertex   -4.500000e+00 1.200000e+00 -2.411851e+00
      vertex   -4.500000e+00 4.200000e+00 -2.611851e+00
      vertex   -4.500000e+00 1.200000e+00 -2.611851e+00
    endloop
  endfacet
  facet normal 0.000000e+00 1.000000e+00 0.000000e+00
    outer loop
      vertex   4.000000e+00 4.700000e+00 -2.411851e+00
      vertex   4.000000e+00 4.700000e+00 -2.611851e+00
      vertex   -4.000000e+00 4.700000e+00 -2.411851e+00
    endloop
  endfacet
  facet normal 0.000000e+00 1.000000e+00 0.000000e+00
    outer loop
      vertex   -4.000000e+00 4.700000e+00 -2.411851e+00
      vertex   4.000000e+00 4.700000e+00 -2.611851e+00
      vertex   -4.000000e+00 4.700000e+00 -2.611851e+00
    endloop
  endfacet
  facet normal 0.000000e+00 0.000000e+00 -1.000000e+00
    outer loop
      vertex   4.000000e+00 1.200000e+00 -3.111851e+00
      vertex   -4.000000e+00 1.200000e+00 -3.111851e+00
      vertex   4.000000e+00 4.200000e+00 -3.111851e+00
    endloop
  endfacet
  facet normal -0.000000e+00 0.000000e+00 -1.000000e+00
    outer loop
      vertex   4.000000e+00 4.200000e+00 -3.111851e+00
      vertex   -4.000000e+00 1.200000e+00 -3.111851e+00
      vertex   -4.000000e+00 4.200000e+00 -3.111851e+00
    endloop
  endfacet
  facet normal 1.000000e+00 2.960595e-16 -8.881784e-15
    outer loop
      vertex   4.500000e+00 1.200000e+00 -2.411851e+00
      vertex   4.500000e+00 1.200000e+00 -2.611851e+00
      vertex   4.500000e+00 4.200000e+00 -2.411851e+00
    endloop
  endfacet
  facet normal 1.000000e+00 0.000000e+00 -4.440892e-15
    outer loop
      vertex   4.500000e+00 4.200000e+00 -2.411851e+00
      vertex   4.500000e+00 1.200000e+00 -2.611851e+00
      vertex   4.500000e+00 4.200000e+00 -2.611851e+00
    endloop
  endfacet
  facet normal 5.242818e-15 8.792060e-14 1.000000e+00
    outer loop
      vertex   5.300000e+00 4.689898e+00 -1.900000e+00
      vertex   5.333082e+00 4.695502e+00 -1.900000e+00
      vertex   5.300000e+00 4.700000e+00 -1.900000e+00
    endloop
  endfacet
  facet normal -2.861028e-15 2.832126e-14 1.000000e+00
    outer loop
      vertex   5.300000e+00 4.700000e+00 -1.900000e+00
      vertex   5.333082e+00 4.695502e+00 -1.900000e+00
      vertex   5.366466e+00 4.698874e+00 -1.900000e+00
    endloop
  endfacet
  facet normal -0.000000e+00 1.972279e-13 1.000000e+00
    outer loop
      vertex   5.300000e+00 4.700000e+00 -1.900000e+00
      vertex   5.366466e+00 4.698874e+00 -1.900000e+00
      vertex   5.400000e+00 4.700000e+00 -1.900000e+00
    endloop
  endfacet
  facet normal -1.184238e-14 0.000000e+00 -1.000000e+00
    outer loop
      vertex   5.900000e+00 1.200000e+00 -3.111851e+00
      vertex   5.300000e+00 1.200000e+00 -3.111851e+00
      vertex   5.900000e+00 4.200000e+00 -3.111851e+00
    endloop
  endfacet
  facet normal -1.184238e-14 0.000000e+00 -1.000000e+00
    outer loop
      vertex   5.900000e+00 4.200000e+00 -3.111851e+00
      vertex   5.300000e+00 1.200000e+00 -3.111851e+00
      vertex   5.300000e+00 4.200000e+00 -3.111851e+00
    endloop
  endfacet
  facet normal 0.000000e+00 0.000000e+00 1.000000e+00
    outer loop
      vertex   -3.000000e+00 0.000000e+00 -1.850000e+00
      vertex   3.000000e+00 0.000000e+00 -1.850000e+00
      vertex   -3.000000e+00 1.200000e+00 -1.850000e+00
    endloop
  endfacet
  facet normal -0.000000e+00 0.000000e+00 1.000000e+00
    outer loop
      vertex   -3.000000e+00 1.200000e+00 -1.850000e+00
      vertex   3.000000e+00 0.000000e+00 -1.850000e+00
      vertex   3.000000e+00 1.200000e+00 -1.850000e+00
    endloop
  endfacet
  facet normal 5.607045e-02 0.000000e+00 -9.984268e-01
    outer loop
      vertex   -3.000000e+00 1.200000e+00 1.850000e+00
      vertex   -3.000000e+00 0.000000e+00 1.850000e+00
      vertex   -3.207134e+00 1.200000e+00 1.838368e+00
    endloop
  endfacet
  facet normal 5.607045e-02 0.000000e+00 -9.984268e-01
    outer loop
      vertex   -3.207134e+00 1.200000e+00 1.838368e+00
      vertex   -3.000000e+00 0.000000e+00 1.850000e+00
      vertex   -3.207134e+00 0.000000e+00 1.838368e+00
    endloop
  endfacet
  facet normal 1.675062e-01 0.000000e+00 -9.858710e-01
    outer loop
      vertex   -3.207134e+00 1.200000e+00 1.838368e+00
      vertex   -3.207134e+00 0.000000e+00 1.838368e+00
      vertex   -3.411664e+00 1.200000e+00 1.803617e+00
    endloop
  endfacet
  facet normal 1.675062e-01 0.000000e+00 -9.858710e-01
    outer loop
      vertex   -3.411664e+00 1.200000e+00 1.803617e+00
      vertex   -3.207134e+00 0.000000e+00 1.838368e+00
      vertex   -3.411664e+00 0.000000e+00 1.803617e+00
    endloop
  endfacet
  facet normal 2.768355e-01 0.000000e+00 -9.609173e-01
    outer loop
      vertex   -3.411664e+00 1.200000e+00 1.803617e+00
      vertex   -3.411664e+00 0.000000e+00 1.803617e+00
      vertex   -3.611016e+00 1.200000e+00 1.746184e+00
    endloop
  endfacet
  facet normal 2.768355e-01 0.000000e+00 -9.609173e-01
    outer loop
      vertex   -3.611016e+00 1.200000e+00 1.746184e+00
      vertex   -3.411664e+00 0.000000e+00 1.803617e+00
      vertex   -3.611016e+00 0.000000e+00 1.746184e+00
    endloop
  endfacet
  facet normal 3.826834e-01 0.000000e+00 -9.238795e-01
    outer loop
      vertex   -3.611016e+00 1.200000e+00 1.746184e+00
      vertex   -3.611016e+00 0.000000e+00 1.746184e+00
      vertex   -3.802685e+00 1.200000e+00 1.666792e+00
    endloop
  endfacet
  facet normal 3.826834e-01 0.000000e+00 -9.238795e-01
    outer loop
      vertex   -3.802685e+00 1.200000e+00 1.666792e+00
      vertex   -3.611016e+00 0.000000e+00 1.746184e+00
      vertex   -3.802685e+00 0.000000e+00 1.666792e+00
    endloop
  endfacet
  facet normal 4.837189e-01 0.000000e+00 -8.752234e-01
    outer loop
      vertex   -3.802685e+00 1.200000e+00 1.666792e+00
      vertex   -3.802685e+00 0.000000e+00 1.666792e+00
      vertex   -3.984259e+00 1.200000e+00 1.566440e+00
    endloop
  endfacet
  facet normal 4.837189e-01 0.000000e+00 -8.752234e-01
    outer loop
      vertex   -3.984259e+00 1.200000e+00 1.566440e+00
      vertex   -3.802685e+00 0.000000e+00 1.666792e+00
      vertex   -3.984259e+00 0.000000e+00 1.566440e+00
    endloop
  endfacet
  facet normal 5.786713e-01 0.000000e+00 -8.155609e-01
    outer loop
      vertex   -3.984259e+00 1.200000e+00 1.566440e+00
      vertex   -3.984259e+00 0.000000e+00 1.566440e+00
      vertex   -4.153456e+00 1.200000e+00 1.446388e+00
    endloop
  endfacet
  facet normal 5.786713e-01 0.000000e+00 -8.155609e-01
    outer loop
      vertex   -4.153456e+00 1.200000e+00 1.446388e+00
      vertex   -3.984259e+00 0.000000e+00 1.566440e+00
      vertex   -4.153456e+00 0.000000e+00 1.446388e+00
    endloop
  endfacet
  facet normal 6.663466e-01 0.000000e+00 -7.456422e-01
    outer loop
      vertex   -4.153456e+00 1.200000e+00 1.446388e+00
      vertex   -4.153456e+00 0.000000e+00 1.446388e+00
      vertex   -4.308148e+00 1.200000e+00 1.308148e+00
    endloop
  endfacet
  facet normal 6.663466e-01 0.000000e+00 -7.456422e-01
    outer loop
      vertex   -4.308148e+00 1.200000e+00 1.308148e+00
      vertex   -4.153456e+00 0.000000e+00 1.446388e+00
      vertex   -4.308148e+00 0.000000e+00 1.308148e+00
    endloop
  endfacet
  facet normal 7.456422e-01 0.000000e+00 -6.663466e-01
    outer loop
      vertex   -4.308148e+00 1.200000e+00 1.308148e+00
      vertex   -4.308148e+00 0.000000e+00 1.308148e+00
      vertex   -4.446388e+00 1.200000e+00 1.153456e+00
    endloop
  endfacet
  facet normal 7.456422e-01 0.000000e+00 -6.663466e-01
    outer loop
      vertex   -4.446388e+00 1.200000e+00 1.153456e+00
      vertex   -4.308148e+00 0.000000e+00 1.308148e+00
      vertex   -4.446388e+00 0.000000e+00 1.153456e+00
    endloop
  endfacet
  facet normal 8.155609e-01 0.000000e+00 -5.786713e-01
    outer loop
      vertex   -4.446388e+00 1.200000e+00 1.153456e+00
      vertex   -4.446388e+00 0.000000e+00 1.153456e+00
      vertex   -4.566440e+00 1.200000e+00 9.842593e-01
    endloop
  endfacet
  facet normal 8.155609e-01 0.000000e+00 -5.786713e-01
    outer loop
      vertex   -4.566440e+00 1.200000e+00 9.842593e-01
      vertex   -4.446388e+00 0.000000e+00 1.153456e+00
      vertex   -4.566440e+00 0.000000e+00 9.842593e-01
    endloop
  endfacet
  facet normal 8.752234e-01 0.000000e+00 -4.837189e-01
    outer loop
      vertex   -4.566440e+00 1.200000e+00 9.842593e-01
      vertex   -4.566440e+00 0.000000e+00 9.842593e-01
      vertex   -4.666792e+00 1.200000e+00 8.026849e-01
    endloop
  endfacet
  facet normal 8.752234e-01 0.000000e+00 -4.837189e-01
    outer loop
      vertex   -4.666792e+00 1.200000e+00 8.026849e-01
      vertex   -4.566440e+00 0.000000e+00 9.842593e-01
      vertex   -4.666792e+00 0.000000e+00 8.026849e-01
    endloop
  endfacet
  facet normal 9.238795e-01 0.000000e+00 -3.826834e-01
    outer loop
      vertex   -4.666792e+00 1.200000e+00 8.026849e-01
      vertex   -4.666792e+00 0.000000e+00 8.026849e-01
      vertex   -4.746184e+00 1.200000e+00 6.110163e-01
    endloop
  endfacet
  facet normal 9.238795e-01 0.000000e+00 -3.826834e-01
    outer loop
      vertex   -4.746184e+00 1.200000e+00 6.110163e-01
      vertex   -4.666792e+00 0.000000e+00 8.026849e-01
      vertex   -4.746184e+00 0.000000e+00 6.110163e-01
    endloop
  endfacet
  facet normal 9.609173e-01 0.000000e+00 -2.768355e-01
    outer loop
      vertex   -4.746184e+00 1.200000e+00 6.110163e-01
      vertex   -4.746184e+00 0.000000e+00 6.110163e-01
      vertex   -4.803617e+00 1.200000e+00 4.116637e-01
    endloop
  endfacet
  facet normal 9.609173e-01 0.000000e+00 -2.768355e-01
    outer loop
      vertex   -4.803617e+00 1.200000e+00 4.116637e-01
      vertex   -4.746184e+00 0.000000e+00 6.110163e-01
      vertex   -4.803617e+00 0.000000e+00 4.116637e-01
    endloop
  endfacet
  facet normal 9.858710e-01 0.000000e+00 -1.675062e-01
    outer loop
      vertex   -4.803617e+00 1.200000e+00 4.116637e-01
      vertex   -4.803617e+00 0.000000e+00 4.116637e-01
      vertex   -4.838368e+00 1.200000e+00 2.071343e-01
    endloop
  endfacet
  facet normal 9.858710e-01 0.000000e+00 -1.675062e-01
    outer loop
      vertex   -4.838368e+00 1.200000e+00 2.071343e-01
      vertex   -4.803617e+00 0.000000e+00 4.116637e-01
      vertex   -4.838368e+00 0.000000e+00 2.071343e-01
    endloop
  endfacet
  facet normal 9.984268e-01 0.000000e+00 -5.607045e-02
    outer loop
      vertex   -4.838368e+00 1.200000e+00 2.071343e-01
      vertex   -4.838368e+00 0.000000e+00 2.071343e-01
      vertex   -4.850000e+00 1.200000e+00 1.642759e-16
    endloop
  endfacet
  facet normal 9.984268e-01 0.000000e+00 -5.607045e-02
    outer loop
      vertex   -4.850000e+00 1.200000e+00 1.642759e-16
      vertex   -4.838368e+00 0.000000e+00 2.071343e-01
      vertex   -4.850000e+00 0.000000e+00 1.642759e-16
    endloop
  endfacet
  facet normal 9.984268e-01 0.000000e+00 5.607045e-02
    outer loop
      vertex   -4.850000e+00 1.200000e+00 1.642759e-16
      vertex   -4.850000e+00 0.000000e+00 1.642759e-16
      vertex   -4.838368e+00 1.200000e+00 -2.071343e-01
    endloop
  endfacet
  facet normal 9.984268e-01 0.000000e+00 5.607045e-02
    outer loop
      vertex   -4.838368e+00 1.200000e+00 -2.071343e-01
      vertex   -4.850000e+00 0.000000e+00 1.642759e-16
      vertex   -4.838368e+00 0.000000e+00 -2.071343e-01
    endloop
  endfacet
  facet normal 9.858710e-01 0.000000e+00 1.675062e-01
    outer loop
      vertex   -4.838368e+00 1.200000e+00 -2.071343e-01
      vertex   -4.838368e+00 0.000000e+00 -2.071343e-01
      vertex   -4.803617e+00 1.200000e+00 -4.116637e-01
    endloop
  endfacet
  facet normal 9.858710e-01 0.000000e+00 1.675062e-01
    outer loop
      vertex   -4.803617e+00 1.200000e+00 -4.116637e-01
      vertex   -4.838368e+00 0.000000e+00 -2.071343e-01
      vertex   -4.803617e+00 0.000000e+00 -4.116637e-01
    endloop
  endfacet
  facet normal 9.609173e-01 0.000000e+00 2.768355e-01
    outer loop
      vertex   -4.803617e+00 1.200000e+00 -4.116637e-01
      vertex   -4.803617e+00 0.000000e+00 -4.116637e-01
      vertex   -4.746184e+00 1.200000e+00 -6.110163e-01
    endloop
  endfacet
  facet normal 9.609173e-01 0.000000e+00 2.768355e-01
    outer loop
      vertex   -4.746184e+00 1.200000e+00 -6.110163e-01
      vertex   -4.803617e+00 0.000000e+00 -4.116637e-01
      vertex   -4.746184e+00 0.000000e+00 -6.110163e-01
    endloop
  endfacet
  facet normal 9.238795e-01 0.000000e+00 3.826834e-01
    outer loop
      vertex   -4.746184e+00 1.200000e+00 -6.110163e-01
      vertex   -4.746184e+00 0.000000e+00 -6.110163e-01
      vertex   -4.666792e+00 1.200000e+00 -8.026849e-01
    endloop
  endfacet
  facet normal 9.238795e-01 0.000000e+00 3.826834e-01
    outer loop
      vertex   -4.666792e+00 1.200000e+00 -8.026849e-01
      vertex   -4.746184e+00 0.000000e+00 -6.110163e-01
      vertex   -4.666792e+00 0.000000e+00 -8.026849e-01
    endloop
  endfacet
  facet normal 8.752234e-01 0.000000e+00 4.837189e-01
    outer loop
      vertex   -4.666792e+00 1.200000e+00 -8.026849e-01
      vertex   -4.666792e+00 0.000000e+00 -8.026849e-01
      vertex   -4.566440e+00 1.200000e+00 -9.842593e-01
    endloop
  endfacet
  facet normal 8.752234e-01 0.000000e+00 4.837189e-01
    outer loop
      vertex   -4.566440e+00 1.200000e+00 -9.842593e-01
      vertex   -4.666792e+00 0.000000e+00 -8.026849e-01
      vertex   -4.566440e+00 0.000000e+00 -9.842593e-01
    endloop
  endfacet
  facet normal 8.155609e-01 0.000000e+00 5.786713e-01
    outer loop
      vertex   -4.566440e+00 1.200000e+00 -9.842593e-01
      vertex   -4.566440e+00 0.000000e+00 -9.842593e-01
      vertex   -4.446388e+00 1.200000e+00 -1.153456e+00
    endloop
  endfacet
  facet normal 8.155609e-01 0.000000e+00 5.786713e-01
    outer loop
      vertex   -4.446388e+00 1.200000e+00 -1.153456e+00
      vertex   -4.566440e+00 0.000000e+00 -9.842593e-01
      vertex   -4.446388e+00 0.000000e+00 -1.153456e+00
    endloop
  endfacet
  facet normal 7.456422e-01 0.000000e+00 6.663466e-01
    outer loop
      vertex   -4.446388e+00 1.200000e+00 -1.153456e+00
      vertex   -4.446388e+00 0.000000e+00 -1.153456e+00
      vertex   -4.308148e+00 1.200000e+00 -1.308148e+00
    endloop
  endfacet
  facet normal 7.456422e-01 0.000000e+00 6.663466e-01
    outer loop
      vertex   -4.308148e+00 1.200000e+00 -1.308148e+00
      vertex   -4.446388e+00 0.000000e+00 -1.153456e+00
      vertex   -4.308148e+00 0.000000e+00 -1.308148e+00
    endloop
  endfacet
  facet normal 6.663466e-01 0.000000e+00 7.456422e-01
    outer loop
      vertex   -4.308148e+00 1.200000e+00 -1.308148e+00
      vertex   -4.308148e+00 0.000000e+00 -1.308148e+00
      vertex   -4.153456e+00 1.200000e+00 -1.446388e+00
    endloop
  endfacet
  facet normal 6.663466e-01 0.000000e+00 7.456422e-01
    outer loop
      vertex   -4.153456e+00 1.200000e+00 -1.446388e+00
      vertex   -4.308148e+00 0.000000e+00 -1.308148e+00
      vertex   -4.153456e+00 0.000000e+00 -1.446388e+00
    endloop
  endfacet
  facet normal 5.786713e-01 0.000000e+00 8.155609e-01
    outer loop
      vertex   -4.153456e+00 1.200000e+00 -1.446388e+00
      vertex   -4.153456e+00 0.000000e+00 -1.446388e+00
      vertex   -3.984259e+00 1.200000e+00 -1.566440e+00
    endloop
  endfacet
  facet normal 5.786713e-01 0.000000e+00 8.155609e-01
    outer loop
      vertex   -3.984259e+00 1.200000e+00 -1.566440e+00
      vertex   -4.153456e+00 0.000000e+00 -1.446388e+00
      vertex   -3.984259e+00 0.000000e+00 -1.566440e+00
    endloop
  endfacet
  facet normal 4.837189e-01 0.000000e+00 8.752234e-01
    outer loop
      vertex   -3.984259e+00 1.200000e+00 -1.566440e+00
      vertex   -3.984259e+00 0.000000e+00 -1.566440e+00
      vertex   -3.802685e+00 1.200000e+00 -1.666792e+00
    endloop
  endfacet
  facet normal 4.837189e-01 0.000000e+00 8.752234e-01
    outer loop
      vertex   -3.802685e+00 1.200000e+00 -1.666792e+00
      vertex   -3.984259e+00 0.000000e+00 -1.566440e+00
      vertex   -3.802685e+00 0.000000e+00 -1.666792e+00
    endloop
  endfacet
  facet normal 3.826834e-01 0.000000e+00 9.238795e-01
    outer loop
      vertex   -3.802685e+00 1.200000e+00 -1.666792e+00
      vertex   -3.802685e+00 0.000000e+00 -1.666792e+00
      vertex   -3.611016e+00 1.200000e+00 -1.746184e+00
    endloop
  endfacet
  facet normal 3.826834e-01 0.000000e+00 9.238795e-01
    outer loop
      vertex   -3.611016e+00 1.200000e+00 -1.746184e+00
      vertex   -3.802685e+00 0.000000e+00 -1.666792e+00
      vertex   -3.611016e+00 0.000000e+00 -1.746184e+00
    endloop
  endfacet
  facet normal 2.768355e-01 0.000000e+00 9.609173e-01
    outer loop
      vertex   -3.611016e+00 1.200000e+00 -1.746184e+00
      vertex   -3.611016e+00 0.000000e+00 -1.746184e+00
      vertex   -3.411664e+00 1.200000e+00 -1.803617e+00
    endloop
  endfacet
  facet normal 2.768355e-01 0.000000e+00 9.609173e-01
    outer loop
      vertex   -3.411664e+00 1.200000e+00 -1.803617e+00
      vertex   -3.611016e+00 0.000000e+00 -1.746184e+00
      vertex   -3.411664e+00 0.000000e+00 -1.803617e+00
    endloop
  endfacet
  facet normal 1.675062e-01 0.000000e+00 9.858710e-01
    outer loop
      vertex   -3.411664e+00 1.200000e+00 -1.803617e+00
      vertex   -3.411664e+00 0.000000e+00 -1.803617e+00
      vertex   -3.207134e+00 1.200000e+00 -1.838368e+00
    endloop
  endfacet
  facet normal 1.675062e-01 0.000000e+00 9.858710e-01
    outer loop
      vertex   -3.207134e+00 1.200000e+00 -1.838368e+00
      vertex   -3.411664e+00 0.000000e+00 -1.803617e+00
      vertex   -3.207134e+00 0.000000e+00 -1.838368e+00
    endloop
  endfacet
  facet normal 5.607045e-02 0.000000e+00 9.984268e-01
    outer loop
      vertex   -3.207134e+00 1.200000e+00 -1.838368e+00
      vertex   -3.207134e+00 0.000000e+00 -1.838368e+00
      vertex   -3.000000e+00 1.200000e+00 -1.850000e+00
    endloop
  endfacet
  facet normal 5.607045e-02 0.000000e+00 9.984268e-01
    outer loop
      vertex   -3.000000e+00 1.200000e+00 -1.850000e+00
      vertex   -3.207134e+00 0.000000e+00 -1.838368e+00
      vertex   -3.000000e+00 0.000000e+00 -1.850000e+00
    endloop
  endfacet
  facet normal 0.000000e+00 0.000000e+00 -1.000000e+00
    outer loop
      vertex   3.000000e+00 0.000000e+00 1.850000e+00
      vertex   -3.000000e+00 0.000000e+00 1.850000e+00
      vertex   3.000000e+00 1.200000e+00 1.850000e+00
    endloop
  endfacet
  facet normal -0.000000e+00 0.000000e+00 -1.000000e+00
    outer loop
      vertex   3.000000e+00 1.200000e+00 1.850000e+00
      vertex   -3.000000e+00 0.000000e+00 1.850000e+00
      vertex   -3.000000e+00 1.200000e+00 1.850000e+00
    endloop
  endfacet
  facet normal -5.607045e-02 0.000000e+00 9.984268e-01
    outer loop
      vertex   3.000000e+00 1.200000e+00 -1.850000e+00
      vertex   3.000000e+00 0.000000e+00 -1.850000e+00
      vertex   3.207134e+00 1.200000e+00 -1.838368e+00
    endloop
  endfacet
  facet normal -5.607045e-02 0.000000e+00 9.984268e-01
    outer loop
      vertex   3.207134e+00 1.200000e+00 -1.838368e+00
      vertex   3.000000e+00 0.000000e+00 -1.850000e+00
      vertex   3.207134e+00 0.000000e+00 -1.838368e+00
    endloop
  endfacet
  facet normal -1.675062e-01 0.000000e+00 9.858710e-01
    outer loop
      vertex   3.207134e+00 1.200000e+00 -1.838368e+00
      vertex   3.207134e+00 0.000000e+00 -1.838368e+00
      vertex   3.411664e+00 1.200000e+00 -1.803617e+00
    endloop
  endfacet
  facet normal -1.675062e-01 0.000000e+00 9.858710e-01
    outer loop
      vertex   3.411664e+00 1.200000e+00 -1.803617e+00
      vertex   3.207134e+00 0.000000e+00 -1.838368e+00
      vertex   3.411664e+00 0.000000e+00 -1.803617e+00
    endloop
  endfacet
  facet normal -2.768355e-01 0.000000e+00 9.609173e-01
    outer loop
      vertex   3.411664e+00 1.200000e+00 -1.803617e+00
      vertex   3.411664e+00 0.000000e+00 -1.803617e+00
      vertex   3.611016e+00 1.200000e+00 -1.746184e+00
    endloop
  endfacet
  facet normal -2.768355e-01 0.000000e+00 9.609173e-01
    outer loop
      vertex   3.611016e+00 1.200000e+00 -1.746184e+00
      vertex   3.411664e+00 0.000000e+00 -1.803617e+00
      vertex   3.611016e+00 0.000000e+00 -1.746184e+00
    endloop
  endfacet
  facet normal -3.826834e-01 0.000000e+00 9.238795e-01
    outer loop
      vertex   3.611016e+00 1.200000e+00 -1.746184e+00
      vertex   3.611016e+00 0.000000e+00 -1.746184e+00
      vertex   3.802685e+00 1.200000e+00 -1.666792e+00
    endloop
  endfacet
  facet normal -3.826834e-01 0.000000e+00 9.238795e-01
    outer loop
      vertex   3.802685e+00 1.200000e+00 -1.666792e+00
      vertex   3.611016e+00 0.000000e+00 -1.746184e+00
      vertex   3.802685e+00 0.000000e+00 -1.666792e+00
    endloop
  endfacet
  facet normal -4.837189e-01 0.000000e+00 8.752234e-01
    outer loop
      vertex   3.802685e+00 1.200000e+00 -1.666792e+00
      vertex   3.802685e+00 0.000000e+00 -1.666792e+00
      vertex   3.984259e+00 1.200000e+00 -1.566440e+00
    endloop
  endfacet
  facet normal -4.837189e-01 0.000000e+00 8.752234e-01
    outer loop
      vertex   3.984259e+00 1.200000e+00 -1.566440e+00
      vertex   3.802685e+00 0.000000e+00 -1.666792e+00
      vertex   3.984259e+00 0.000000e+00 -1.566440e+00
    endloop
  endfacet
  facet normal -5.786713e-01 0.000000e+00 8.155609e-01
    outer loop
      vertex   3.984259e+00 1.200000e+00 -1.566440e+00
      vertex   3.984259e+00 0.000000e+00 -1.566440e+00
      vertex   4.153456e+00 1.200000e+00 -1.446388e+00
    endloop
  endfacet
  facet normal -5.786713e-01 0.000000e+00 8.155609e-01
    outer loop
      vertex   4.153456e+00 1.200000e+00 -1.446388e+00
      vertex   3.984259e+00 0.000000e+00 -1.566440e+00
      vertex   4.153456e+00 0.000000e+00 -1.446388e+00
    endloop
  endfacet
  facet normal -6.663466e-01 0.000000e+00 7.456422e-01
    outer loop
      vertex   4.153456e+00 1.200000e+00 -1.446388e+00
      vertex   4.153456e+00 0.000000e+00 -1.446388e+00
      vertex   4.308148e+00 1.200000e+00 -1.308148e+00
    endloop
  endfacet
  facet normal -6.663466e-01 0.000000e+00 7.456422e-01
    outer loop
      vertex   4.308148e+00 1.200000e+00 -1.308148e+00
      vertex   4.153456e+00 0.000000e+00 -1.446388e+00
      vertex   4.308148e+00 0.000000e+00 -1.308148e+00
    endloop
  endfacet
  facet normal -7.456422e-01 0.000000e+00 6.663466e-01
    outer loop
      vertex   4.308148e+00 1.200000e+00 -1.308148e+00
      vertex   4.308148e+00 0.000000e+00 -1.308148e+00
      vertex   4.446388e+00 1.200000e+00 -1.153456e+00
    endloop
  endfacet
  facet normal -7.456422e-01 0.000000e+00 6.663466e-01
    outer loop
      vertex   4.446388e+00 1.200000e+00 -1.153456e+00
      vertex   4.308148e+00 0.000000e+00 -1.308148e+00
      vertex   4.446388e+00 0.000000e+00 -1.153456e+00
    endloop
  endfacet
  facet normal -8.155609e-01 0.000000e+00 5.786713e-01
    outer loop
      vertex   4.446388e+00 1.200000e+00 -1.153456e+00
      vertex   4.446388e+00 0.000000e+00 -1.153456e+00
      vertex   4.566440e+00 1.200000e+00 -9.842593e-01
    endloop
  endfacet
  facet normal -8.155609e-01 0.000000e+00 5.786713e-01
    outer loop
      vertex   4.566440e+00 1.200000e+00 -9.842593e-01
      vertex   4.446388e+00 0.000000e+00 -1.153456e+00
      vertex   4.566440e+00 0.000000e+00 -9.842593e-01
    endloop
  endfacet
  facet normal -8.752234e-01 0.000000e+00 4.837189e-01
    outer loop
      vertex   4.566440e+00 1.200000e+00 -9.842593e-01
      vertex   4.566440e+00 0.000000e+00 -9.842593e-01
      vertex   4.666792e+00 1.200000e+00 -8.026849e-01
    endloop
  endfacet
  facet normal -8.752234e-01 0.000000e+00 4.837189e-01
    outer loop
      vertex   4.666792e+00 1.200000e+00 -8.026849e-01
      vertex   4.566440e+00 0.000000e+00 -9.842593e-01
      vertex   4.666792e+00 0.000000e+00 -8.026849e-01
    endloop
  endfacet
  facet normal -9.238795e-01 0.000000e+00 3.826834e-01
    outer loop
      vertex   4.666792e+00 1.200000e+00 -8.026849e-01
      vertex   4.666792e+00 0.000000e+00 -8.026849e-01
      vertex   4.746184e+00 1.200000e+00 -6.110163e-01
    endloop
  endfacet
  facet normal -9.238795e-01 0.000000e+00 3.826834e-01
    outer loop
      vertex   4.746184e+00 1.200000e+00 -6.110163e-01
      vertex   4.666792e+00 0.000000e+00 -8.026849e-01
      vertex   4.746184e+00 0.000000e+00 -6.110163e-01
    endloop
  endfacet
  facet normal -9.609173e-01 0.000000e+00 2.768355e-01
    outer loop
      vertex   4.746184e+00 1.200000e+00 -6.110163e-01
      vertex   4.746184e+00 0.000000e+00 -6.110163e-01
      vertex   4.803617e+00 1.200000e+00 -4.116637e-01
    endloop
  endfacet
  facet normal -9.609173e-01 0.000000e+00 2.768355e-01
    outer loop
      vertex   4.803617e+00 1.200000e+00 -4.116637e-01
      vertex   4.746184e+00 0.000000e+00 -6.110163e-01
      vertex   4.803617e+00 0.000000e+00 -4.116637e-01
    endloop
  endfacet
  facet normal -9.858710e-01 0.000000e+00 1.675062e-01
    outer loop
      vertex   4.803617e+00 1.200000e+00 -4.116637e-01
      vertex   4.803617e+00 0.000000e+00 -4.116637e-01
      vertex   4.838368e+00 1.200000e+00 -2.071343e-01
    endloop
  endfacet
  facet normal -9.858710e-01 0.000000e+00 1.675062e-01
    outer loop
      vertex   4.838368e+00 1.200000e+00 -2.071343e-01
      vertex   4.803617e+00 0.000000e+00 -4.116637e-01
      vertex   4.838368e+00 0.000000e+00 -2.071343e-01
    endloop
  endfacet
  facet normal -9.984268e-01 0.000000e+00 5.607045e-02
    outer loop
      vertex   4.838368e+00 1.200000e+00 -2.071343e-01
      vertex   4.838368e+00 0.000000e+00 -2.071343e-01
      vertex   4.850000e+00 1.200000e+00 3.908356e-16
    endloop
  endfacet
  facet normal -9.984268e-01 0.000000e+00 5.607045e-02
    outer loop
      vertex   4.850000e+00 1.200000e+00 3.908356e-16
      vertex   4.838368e+00 0.000000e+00 -2.071343e-01
      vertex   4.850000e+00 0.000000e+00 3.908356e-16
    endloop
  endfacet
  facet normal -9.984268e-01 -0.000000e+00 -5.607045e-02
    outer loop
      vertex   4.850000e+00 1.200000e+00 3.908356e-16
      vertex   4.850000e+00 0.000000e+00 3.908356e-16
      vertex   4.838368e+00 1.200000e+00 2.071343e-01
    endloop
  endfacet
  facet normal -9.984268e-01 -0.000000e+00 -5.607045e-02
    outer loop
      vertex   4.838368e+00 1.200000e+00 2.071343e-01
      vertex   4.850000e+00 0.000000e+00 3.908356e-16
      vertex   4.838368e+00 0.000000e+00 2.071343e-01
    endloop
  endfacet
  facet normal -9.858710e-01 -0.000000e+00 -1.675062e-01
    outer loop
      vertex   4.838368e+00 1.200000e+00 2.071343e-01
      vertex   4.838368e+00 0.000000e+00 2.071343e-01
      vertex   4.803617e+00 1.200000e+00 4.116637e-01
    endloop
  endfacet
  facet normal -9.858710e-01 -0.000000e+00 -1.675062e-01
    outer loop
      vertex   4.803617e+00 1.200000e+00 4.116637e-01
      vertex   4.838368e+00 0.000000e+00 2.071343e-01
      vertex   4.803617e+00 0.000000e+00 4.116637e-01
    endloop
  endfacet
  facet normal -9.609173e-01 -0.000000e+00 -2.768355e-01
    outer loop
      vertex   4.803617e+00 1.200000e+00 4.116637e-01
      vertex   4.803617e+00 0.000000e+00 4.116637e-01
      vertex   4.746184e+00 1.200000e+00 6.110163e-01
    endloop
  endfacet
  facet normal -9.609173e-01 -0.000000e+00 -2.768355e-01
    outer loop
      vertex   4.746184e+00 1.200000e+00 6.110163e-01
      vertex   4.803617e+00 0.000000e+00 4.116637e-01
      vertex   4.746184e+00 0.000000e+00 6.110163e-01
    endloop
  endfacet
  facet normal -9.238795e-01 -0.000000e+00 -3.826834e-01
    outer loop
      vertex   4.746184e+00 1.200000e+00 6.110163e-01
      vertex   4.746184e+00 0.000000e+00 6.110163e-01
      vertex   4.666792e+00 1.200000e+00 8.026849e-01
    endloop
  endfacet
  facet normal -9.238795e-01 -0.000000e+00 -3.826834e-01
    outer loop
      vertex   4.666792e+00 1.200000e+00 8.026849e-01
      vertex   4.746184e+00 0.000000e+00 6.110163e-01
      vertex   4.666792e+00 0.000000e+00 8.026849e-01
    endloop
  endfacet
  facet normal -8.752234e-01 -0.000000e+00 -4.837189e-01
    outer loop
      vertex   4.666792e+00 1.200000e+00 8.026849e-01
      vertex   4.666792e+00 0.000000e+00 8.026849e-01
      vertex   4.566440e+00 1.200000e+00 9.842593e-01
    endloop
  endfacet
  facet normal -8.752234e-01 -0.000000e+00 -4.837189e-01
    outer loop
      vertex   4.566440e+00 1.200000e+00 9.842593e-01
      vertex   4.666792e+00 0.000000e+00 8.026849e-01
      vertex   4.566440e+00 0.000000e+00 9.842593e-01
    endloop
  endfacet
  facet normal -8.155609e-01 -0.000000e+00 -5.786713e-01
    outer loop
      vertex   4.566440e+00 1.200000e+00 9.842593e-01
      vertex   4.566440e+00 0.000000e+00 9.842593e-01
      vertex   4.446388e+00 1.200000e+00 1.153456e+00
    endloop
  endfacet
  facet normal -8.155609e-01 -0.000000e+00 -5.786713e-01
    outer loop
      vertex   4.446388e+00 1.200000e+00 1.153456e+00
      vertex   4.566440e+00 0.000000e+00 9.842593e-01
      vertex   4.446388e+00 0.000000e+00 1.153456e+00
    endloop
  endfacet
  facet normal -7.456422e-01 -0.000000e+00 -6.663466e-01
    outer loop
      vertex   4.446388e+00 1.200000e+00 1.153456e+00
      vertex   4.446388e+00 0.000000e+00 1.153456e+00
      vertex   4.308148e+00 1.200000e+00 1.308148e+00
    endloop
  endfacet
  facet normal -7.456422e-01 -0.000000e+00 -6.663466e-01
    outer loop
      vertex   4.308148e+00 1.200000e+00 1.308148e+00
      vertex   4.446388e+00 0.000000e+00 1.153456e+00
      vertex   4.308148e+00 0.000000e+00 1.308148e+00
    endloop
  endfacet
  facet normal -6.663466e-01 -0.000000e+00 -7.456422e-01
    outer loop
      vertex   4.308148e+00 1.200000e+00 1.308148e+00
      vertex   4.308148e+00 0.000000e+00 1.308148e+00
      vertex   4.153456e+00 1.200000e+00 1.446388e+00
    endloop
  endfacet
  facet normal -6.663466e-01 -0.000000e+00 -7.456422e-01
    outer loop
      vertex   4.153456e+00 1.200000e+00 1.446388e+00
      vertex   4.308148e+00 0.000000e+00 1.308148e+00
      vertex   4.153456e+00 0.000000e+00 1.446388e+00
    endloop
  endfacet
  facet normal -5.786713e-01 -0.000000e+00 -8.155609e-01
    outer loop
      vertex   4.153456e+00 1.200000e+00 1.446388e+00
      vertex   4.153456e+00 0.000000e+00 1.446388e+00
      vertex   3.984259e+00 1.200000e+00 1.566440e+00
    endloop
  endfacet
  facet normal -5.786713e-01 -0.000000e+00 -8.155609e-01
    outer loop
      vertex   3.984259e+00 1.200000e+00 1.566440e+00
      vertex   4.153456e+00 0.000000e+00 1.446388e+00
      vertex   3.984259e+00 0.000000e+00 1.566440e+00
    endloop
  endfacet
  facet normal -4.837189e-01 -0.000000e+00 -8.752234e-01
    outer loop
      vertex   3.984259e+00 1.200000e+00 1.566440e+00
      vertex   3.984259e+00 0.000000e+00 1.566440e+00
      vertex   3.802685e+00 1.200000e+00 1.666792e+00
    endloop
  endfacet
  facet normal -4.837189e-01 -0.000000e+00 -8.752234e-01
    outer loop
      vertex   3.802685e+00 1.200000e+00 1.666792e+00
      vertex   3.984259e+00 0.000000e+00 1.566440e+00
      vertex   3.802685e+00 0.000000e+00 1.666792e+00
    endloop
  endfacet
  facet normal -3.826834e-01 -0.000000e+00 -9.238795e-01
    outer loop
      vertex   3.802685e+00 1.200000e+00 1.666792e+00
      vertex   3.802685e+00 0.000000e+00 1.666792e+00
      vertex   3.611016e+00 1.200000e+00 1.746184e+00
    endloop
  endfacet
  facet normal -3.826834e-01 -0.000000e+00 -9.238795e-01
    outer loop
      vertex   3.611016e+00 1.200000e+00 1.746184e+00
      vertex   3.802685e+00 0.000000e+00 1.666792e+00
      vertex   3.611016e+00 0.000000e+00 1.746184e+00
    endloop
  endfacet
  facet normal -2.768355e-01 -0.000000e+00 -9.609173e-01
    outer loop
      vertex   3.611016e+00 1.200000e+00 1.746184e+00
      vertex   3.611016e+00 0.000000e+00 1.746184e+00
      vertex   3.411664e+00 1.200000e+00 1.803617e+00
    endloop
  endfacet
  facet normal -2.768355e-01 -0.000000e+00 -9.609173e-01
    outer loop
      vertex   3.411664e+00 1.200000e+00 1.803617e+00
      vertex   3.611016e+00 0.000000e+00 1.746184e+00
      vertex   3.411664e+00 0.000000e+00 1.803617e+00
    endloop
  endfacet
  facet normal -1.675062e-01 -0.000000e+00 -9.858710e-01
    outer loop
      vertex   3.411664e+00 1.200000e+00 1.803617e+00
      vertex   3.411664e+00 0.000000e+00 1.803617e+00
      vertex   3.207134e+00 1.200000e+00 1.838368e+00
    endloop
  endfacet
  facet normal -1.675062e-01 -0.000000e+00 -9.858710e-01
    outer loop
      vertex   3.207134e+00 1.200000e+00 1.838368e+00
      vertex   3.411664e+00 0.000000e+00 1.803617e+00
      vertex   3.207134e+00 0.000000e+00 1.838368e+00
    endloop
  endfacet
  facet normal -5.607045e-02 -0.000000e+00 -9.984268e-01
    outer loop
      vertex   3.207134e+00 1.200000e+00 1.838368e+00
      vertex   3.207134e+00 0.000000e+00 1.838368e+00
      vertex   3.000000e+00 1.200000e+00 1.850000e+00
    endloop
  endfacet
  facet normal -5.607045e-02 -0.000000e+00 -9.984268e-01
    outer loop
      vertex   3.000000e+00 1.200000e+00 1.850000e+00
      vertex   3.207134e+00 0.000000e+00 1.838368e+00
      vertex   3.000000e+00 0.000000e+00 1.850000e+00
    endloop
  endfacet
  facet normal -7.133918e-02 0.000000e+00 9.974521e-01
    outer loop
      vertex   -6.100000e+00 0.000000e+00 6.000000e+00
      vertex   -6.100000e+00 1.200000e+00 6.000000e+00
      vertex   -6.242315e+00 0.000000e+00 5.989821e+00
    endloop
  endfacet
  facet normal -7.133918e-02 0.000000e+00 9.974521e-01
    outer loop
      vertex   -6.242315e+00 0.000000e+00 5.989821e+00
      vertex   -6.100000e+00 1.200000e+00 6.000000e+00
      vertex   -6.242315e+00 1.200000e+00 5.989821e+00
    endloop
  endfacet
  facet normal -2.125653e-01 0.000000e+00 9.771469e-01
    outer loop
      vertex   -6.242315e+00 0.000000e+00 5.989821e+00
      vertex   -6.242315e+00 1.200000e+00 5.989821e+00
      vertex   -6.381733e+00 1.200000e+00 5.959493e+00
    endloop
  endfacet
  facet normal -2.125653e-01 0.000000e+00 9.771469e-01
    outer loop
      vertex   -6.242315e+00 0.000000e+00 5.989821e+00
      vertex   -6.381733e+00 1.200000e+00 5.959493e+00
      vertex   -6.381733e+00 0.000000e+00 5.959493e+00
    endloop
  endfacet
  facet normal -3.494642e-01 0.000000e+00 9.369497e-01
    outer loop
      vertex   -6.381733e+00 0.000000e+00 5.959493e+00
      vertex   -6.381733e+00 1.200000e+00 5.959493e+00
      vertex   -6.515415e+00 1.200000e+00 5.909632e+00
    endloop
  endfacet
  facet normal -3.494642e-01 0.000000e+00 9.369497e-01
    outer loop
      vertex   -6.381733e+00 0.000000e+00 5.959493e+00
      vertex   -6.515415e+00 1.200000e+00 5.909632e+00
      vertex   -6.515415e+00 0.000000e+00 5.909632e+00
    endloop
  endfacet
  facet normal -4.792490e-01 0.000000e+00 8.776790e-01
    outer loop
      vertex   -6.515415e+00 0.000000e+00 5.909632e+00
      vertex   -6.515415e+00 1.200000e+00 5.909632e+00
      vertex   -6.640641e+00 1.200000e+00 5.841254e+00
    endloop
  endfacet
  facet normal -4.792490e-01 0.000000e+00 8.776790e-01
    outer loop
      vertex   -6.515415e+00 0.000000e+00 5.909632e+00
      vertex   -6.640641e+00 1.200000e+00 5.841254e+00
      vertex   -6.640641e+00 0.000000e+00 5.841254e+00
    endloop
  endfacet
  facet normal -5.992777e-01 0.000000e+00 8.005412e-01
    outer loop
      vertex   -6.640641e+00 0.000000e+00 5.841254e+00
      vertex   -6.640641e+00 1.200000e+00 5.841254e+00
      vertex   -6.754861e+00 1.200000e+00 5.755750e+00
    endloop
  endfacet
  facet normal -5.992777e-01 0.000000e+00 8.005412e-01
    outer loop
      vertex   -6.640641e+00 0.000000e+00 5.841254e+00
      vertex   -6.754861e+00 1.200000e+00 5.755750e+00
      vertex   -6.754861e+00 0.000000e+00 5.755750e+00
    endloop
  endfacet
  facet normal -7.071068e-01 0.000000e+00 7.071068e-01
    outer loop
      vertex   -6.754861e+00 0.000000e+00 5.755750e+00
      vertex   -6.754861e+00 1.200000e+00 5.755750e+00
      vertex   -6.855750e+00 1.200000e+00 5.654861e+00
    endloop
  endfacet
  facet normal -7.071068e-01 0.000000e+00 7.071068e-01
    outer loop
      vertex   -6.754861e+00 0.000000e+00 5.755750e+00
      vertex   -6.855750e+00 1.200000e+00 5.654861e+00
      vertex   -6.855750e+00 0.000000e+00 5.654861e+00
    endloop
  endfacet
  facet normal -8.005412e-01 0.000000e+00 5.992777e-01
    outer loop
      vertex   -6.855750e+00 0.000000e+00 5.654861e+00
      vertex   -6.855750e+00 1.200000e+00 5.654861e+00
      vertex   -6.941254e+00 1.200000e+00 5.540641e+00
    endloop
  endfacet
  facet normal -8.005412e-01 0.000000e+00 5.992777e-01
    outer loop
      vertex   -6.855750e+00 0.000000e+00 5.654861e+00
      vertex   -6.941254e+00 1.200000e+00 5.540641e+00
      vertex   -6.941254e+00 0.000000e+00 5.540641e+00
    endloop
  endfacet
  facet normal -8.776790e-01 0.000000e+00 4.792490e-01
    outer loop
      vertex   -6.941254e+00 0.000000e+00 5.540641e+00
      vertex   -6.941254e+00 1.200000e+00 5.540641e+00
      vertex   -7.009632e+00 1.200000e+00 5.415415e+00
    endloop
  endfacet
  facet normal -8.776790e-01 0.000000e+00 4.792490e-01
    outer loop
      vertex   -6.941254e+00 0.000000e+00 5.540641e+00
      vertex   -7.009632e+00 1.200000e+00 5.415415e+00
      vertex   -7.009632e+00 0.000000e+00 5.415415e+00
    endloop
  endfacet
  facet normal -9.369497e-01 0.000000e+00 3.494642e-01
    outer loop
      vertex   -7.009632e+00 0.000000e+00 5.415415e+00
      vertex   -7.009632e+00 1.200000e+00 5.415415e+00
      vertex   -7.059493e+00 1.200000e+00 5.281733e+00
    endloop
  endfacet
  facet normal -9.369497e-01 0.000000e+00 3.494642e-01
    outer loop
      vertex   -7.009632e+00 0.000000e+00 5.415415e+00
      vertex   -7.059493e+00 1.200000e+00 5.281733e+00
      vertex   -7.059493e+00 0.000000e+00 5.281733e+00
    endloop
  endfacet
  facet normal -9.771469e-01 0.000000e+00 2.125653e-01
    outer loop
      vertex   -7.059493e+00 0.000000e+00 5.281733e+00
      vertex   -7.059493e+00 1.200000e+00 5.281733e+00
      vertex   -7.089821e+00 1.200000e+00 5.142315e+00
    endloop
  endfacet
  facet normal -9.771469e-01 0.000000e+00 2.125653e-01
    outer loop
      vertex   -7.059493e+00 0.000000e+00 5.281733e+00
      vertex   -7.089821e+00 1.200000e+00 5.142315e+00
      vertex   -7.089821e+00 0.000000e+00 5.142315e+00
    endloop
  endfacet
  facet normal -9.974521e-01 0.000000e+00 7.133918e-02
    outer loop
      vertex   -7.089821e+00 0.000000e+00 5.142315e+00
      vertex   -7.089821e+00 1.200000e+00 5.142315e+00
      vertex   -7.100000e+00 0.000000e+00 5.000000e+00
    endloop
  endfacet
  facet normal -9.974521e-01 0.000000e+00 7.133918e-02
    outer loop
      vertex   -7.100000e+00 0.000000e+00 5.000000e+00
      vertex   -7.089821e+00 1.200000e+00 5.142315e+00
      vertex   -7.100000e+00 1.200000e+00 5.000000e+00
    endloop
  endfacet
  facet normal 0.000000e+00 -1.000000e+00 0.000000e+00
    outer loop
      vertex   -3.207134e+00 0.000000e+00 1.838368e+00
      vertex   -3.000000e+00 0.000000e+00 1.850000e+00
      vertex   -6.100000e+00 0.000000e+00 6.000000e+00
    endloop
  endfacet
  facet normal 0.000000e+00 -1.000000e+00 0.000000e+00
    outer loop
      vertex   -6.100000e+00 0.000000e+00 6.000000e+00
      vertex   -3.000000e+00 0.000000e+00 1.850000e+00
      vertex   3.000000e+00 0.000000e+00 1.850000e+00
    endloop
  endfacet
  facet normal 0.000000e+00 -1.000000e+00 0.000000e+00
    outer loop
      vertex   -6.100000e+00 0.000000e+00 6.000000e+00
      vertex   3.000000e+00 0.000000e+00 1.850000e+00
      vertex   6.100000e+00 0.000000e+00 6.000000e+00
    endloop
  endfacet
  facet normal 0.000000e+00 -1.000000e+00 0.000000e+00
    outer loop
      vertex   6.100000e+00 0.000000e+00 6.000000e+00
      vertex   3.000000e+00 0.000000e+00 1.850000e+00
      vertex   3.207134e+00 0.000000e+00 1.838368e+00
    endloop
  endfacet
  facet normal 0.000000e+00 -1.000000e+00 0.000000e+00
    outer loop
      vertex   6.100000e+00 0.000000e+00 6.000000e+00
      vertex   3.207134e+00 0.000000e+00 1.838368e+00
      vertex   3.411664e+00 0.000000e+00 1.803617e+00
    endloop
  endfacet
  facet normal 0.000000e+00 -1.000000e+00 0.000000e+00
    outer loop
      vertex   3.411664e+00 0.000000e+00 1.803617e+00
      vertex   3.611016e+00 0.000000e+00 1.746184e+00
      vertex   6.100000e+00 0.000000e+00 6.000000e+00
    endloop
  endfacet
  facet normal 0.000000e+00 -1.000000e+00 -0.000000e+00
    outer loop
      vertex   6.100000e+00 0.000000e+00 6.000000e+00
      vertex   3.611016e+00 0.000000e+00 1.746184e+00
      vertex   7.100000e+00 0.000000e+00 5.000000e+00
    endloop
  endfacet
  facet normal 0.000000e+00 -1.000000e+00 0.000000e+00
    outer loop
      vertex   6.100000e+00 0.000000e+00 6.000000e+00
      vertex   7.100000e+00 0.000000e+00 5.000000e+00
      vertex   7.089821e+00 0.000000e+00 5.142315e+00
    endloop
  endfacet
  facet normal 0.000000e+00 -1.000000e+00 0.000000e+00
    outer loop
      vertex   3.611016e+00 0.000000e+00 1.746184e+00
      vertex   3.802685e+00 0.000000e+00 1.666792e+00
      vertex   7.100000e+00 0.000000e+00 5.000000e+00
    endloop
  endfacet
  facet normal 0.000000e+00 -1.000000e+00 0.000000e+00
    outer loop
      vertex   7.100000e+00 0.000000e+00 5.000000e+00
      vertex   3.802685e+00 0.000000e+00 1.666792e+00
      vertex   3.984259e+00 0.000000e+00 1.566440e+00
    endloop
  endfacet
  facet normal 0.000000e+00 -1.000000e+00 0.000000e+00
    outer loop
      vertex   7.100000e+00 0.000000e+00 5.000000e+00
      vertex   3.984259e+00 0.000000e+00 1.566440e+00
      vertex   4.153456e+00 0.000000e+00 1.446388e+00
    endloop
  endfacet
  facet normal 0.000000e+00 -1.000000e+00 0.000000e+00
    outer loop
      vertex   4.153456e+00 0.000000e+00 1.446388e+00
      vertex   4.308148e+00 0.000000e+00 1.308148e+00
      vertex   7.100000e+00 0.000000e+00 5.000000e+00
    endloop
  endfacet
  facet normal 0.000000e+00 -1.000000e+00 0.000000e+00
    outer loop
      vertex   7.100000e+00 0.000000e+00 5.000000e+00
      vertex   4.308148e+00 0.000000e+00 1.308148e+00
      vertex   4.446388e+00 0.000000e+00 1.153456e+00
    endloop
  endfacet
  facet normal 0.000000e+00 -1.000000e+00 0.000000e+00
    outer loop
      vertex   7.100000e+00 0.000000e+00 5.000000e+00
      vertex   4.446388e+00 0.000000e+00 1.153456e+00
      vertex   4.566440e+00 0.000000e+00 9.842593e-01
    endloop
  endfacet
  facet normal 0.000000e+00 -1.000000e+00 0.000000e+00
    outer loop
      vertex   4.566440e+00 0.000000e+00 9.842593e-01
      vertex   4.666792e+00 0.000000e+00 8.026849e-01
      vertex   7.100000e+00 0.000000e+00 5.000000e+00
    endloop
  endfacet
  facet normal 0.000000e+00 -1.000000e+00 0.000000e+00
    outer loop
      vertex   7.100000e+00 0.000000e+00 5.000000e+00
      vertex   4.666792e+00 0.000000e+00 8.026849e-01
      vertex   4.746184e+00 0.000000e+00 6.110163e-01
    endloop
  endfacet
  facet normal 0.000000e+00 -1.000000e+00 0.000000e+00
    outer loop
      vertex   7.100000e+00 0.000000e+00 5.000000e+00
      vertex   4.746184e+00 0.000000e+00 6.110163e-01
      vertex   4.803617e+00 0.000000e+00 4.116637e-01
    endloop
  endfacet
  facet normal 0.000000e+00 -1.000000e+00 0.000000e+00
    outer loop
      vertex   4.803617e+00 0.000000e+00 4.116637e-01
      vertex   4.838368e+00 0.000000e+00 2.071343e-01
      vertex   7.100000e+00 0.000000e+00 5.000000e+00
    endloop
  endfacet
  facet normal 0.000000e+00 -1.000000e+00 0.000000e+00
    outer loop
      vertex   7.100000e+00 0.000000e+00 5.000000e+00
      vertex   4.838368e+00 0.000000e+00 2.071343e-01
      vertex   4.850000e+00 0.000000e+00 3.908356e-16
    endloop
  endfacet
  facet normal 0.000000e+00 -1.000000e+00 -0.000000e+00
    outer loop
      vertex   7.100000e+00 0.000000e+00 5.000000e+00
      vertex   4.850000e+00 0.000000e+00 3.908356e-16
      vertex   7.100000e+00 0.000000e+00 -5.000000e+00
    endloop
  endfacet
  facet normal 0.000000e+00 -1.000000e+00 0.000000e+00
    outer loop
      vertex   7.100000e+00 0.000000e+00 -5.000000e+00
      vertex   4.850000e+00 0.000000e+00 3.908356e-16
      vertex   4.838368e+00 0.000000e+00 -2.071343e-01
    endloop
  endfacet
  facet normal 0.000000e+00 -1.000000e+00 0.000000e+00
    outer loop
      vertex   7.100000e+00 0.000000e+00 -5.000000e+00
      vertex   4.838368e+00 0.000000e+00 -2.071343e-01
      vertex   4.803617e+00 0.000000e+00 -4.116637e-01
    endloop
  endfacet
  facet normal 0.000000e+00 -1.000000e+00 -0.000000e+00
    outer loop
      vertex   4.803617e+00 0.000000e+00 -4.116637e-01
      vertex   4.746184e+00 0.000000e+00 -6.110163e-01
      vertex   7.100000e+00 0.000000e+00 -5.000000e+00
    endloop
  endfacet
  facet normal 0.000000e+00 -1.000000e+00 0.000000e+00
    outer loop
      vertex   7.100000e+00 0.000000e+00 -5.000000e+00
      vertex   4.746184e+00 0.000000e+00 -6.110163e-01
      vertex   4.666792e+00 0.000000e+00 -8.026849e-01
    endloop
  endfacet
  facet normal 0.000000e+00 -1.000000e+00 0.000000e+00
    outer loop
      vertex   7.100000e+00 0.000000e+00 -5.000000e+00
      vertex   4.666792e+00 0.000000e+00 -8.026849e-01
      vertex   4.566440e+00 0.000000e+00 -9.842593e-01
    endloop
  endfacet
  facet normal 0.000000e+00 -1.000000e+00 -0.000000e+00
    outer loop
      vertex   4.566440e+00 0.000000e+00 -9.842593e-01
      vertex   4.446388e+00 0.000000e+00 -1.153456e+00
      vertex   7.100000e+00 0.000000e+00 -5.000000e+00
    endloop
  endfacet
  facet normal 0.000000e+00 -1.000000e+00 0.000000e+00
    outer loop
      vertex   7.100000e+00 0.000000e+00 -5.000000e+00
      vertex   4.446388e+00 0.000000e+00 -1.153456e+00
      vertex   4.308148e+00 0.000000e+00 -1.308148e+00
    endloop
  endfacet
  facet normal 0.000000e+00 -1.000000e+00 0.000000e+00
    outer loop
      vertex   7.100000e+00 0.000000e+00 -5.000000e+00
      vertex   4.308148e+00 0.000000e+00 -1.308148e+00
      vertex   4.153456e+00 0.000000e+00 -1.446388e+00
    endloop
  endfacet
  facet normal 0.000000e+00 -1.000000e+00 -0.000000e+00
    outer loop
      vertex   4.153456e+00 0.000000e+00 -1.446388e+00
      vertex   3.984259e+00 0.000000e+00 -1.566440e+00
      vertex   7.100000e+00 0.000000e+00 -5.000000e+00
    endloop
  endfacet
  facet normal 0.000000e+00 -1.000000e+00 0.000000e+00
    outer loop
      vertex   7.100000e+00 0.000000e+00 -5.000000e+00
      vertex   3.984259e+00 0.000000e+00 -1.566440e+00
      vertex   3.802685e+00 0.000000e+00 -1.666792e+00
    endloop
  endfacet
  facet normal 0.000000e+00 -1.000000e+00 0.000000e+00
    outer loop
      vertex   7.100000e+00 0.000000e+00 -5.000000e+00
      vertex   3.802685e+00 0.000000e+00 -1.666792e+00
      vertex   3.611016e+00 0.000000e+00 -1.746184e+00
    endloop
  endfacet
  facet normal -0.000000e+00 -1.000000e+00 0.000000e+00
    outer loop
      vertex   7.100000e+00 0.000000e+00 -5.000000e+00
      vertex   3.611016e+00 0.000000e+00 -1.746184e+00
      vertex   6.100000e+00 0.000000e+00 -6.000000e+00
    endloop
  endfacet
  facet normal 0.000000e+00 -1.000000e+00 0.000000e+00
    outer loop
      vertex   6.100000e+00 0.000000e+00 -6.000000e+00
      vertex   3.611016e+00 0.000000e+00 -1.746184e+00
      vertex   3.411664e+00 0.000000e+00 -1.803617e+00
    endloop
  endfacet
  facet normal 0.000000e+00 -1.000000e+00 0.000000e+00
    outer loop
      vertex   6.100000e+00 0.000000e+00 -6.000000e+00
      vertex   3.411664e+00 0.000000e+00 -1.803617e+00
      vertex   3.207134e+00 0.000000e+00 -1.838368e+00
    endloop
  endfacet
  facet normal 0.000000e+00 -1.000000e+00 -0.000000e+00
    outer loop
      vertex   3.207134e+00 0.000000e+00 -1.838368e+00
      vertex   3.000000e+00 0.000000e+00 -1.850000e+00
      vertex   6.100000e+00 0.000000e+00 -6.000000e+00
    endloop
  endfacet
  facet normal 0.000000e+00 -1.000000e+00 0.000000e+00
    outer loop
      vertex   6.100000e+00 0.000000e+00 -6.000000e+00
      vertex   3.000000e+00 0.000000e+00 -1.850000e+00
      vertex   -3.000000e+00 0.000000e+00 -1.850000e+00
    endloop
  endfacet
  facet normal 0.000000e+00 -1.000000e+00 0.000000e+00
    outer loop
      vertex   6.100000e+00 0.000000e+00 -6.000000e+00
      vertex   -3.000000e+00 0.000000e+00 -1.850000e+00
      vertex   -6.100000e+00 0.000000e+00 -6.000000e+00
    endloop
  endfacet
  facet normal 0.000000e+00 -1.000000e+00 0.000000e+00
    outer loop
      vertex   -6.100000e+00 0.000000e+00 -6.000000e+00
      vertex   -3.000000e+00 0.000000e+00 -1.850000e+00
      vertex   -3.207134e+00 0.000000e+00 -1.838368e+00
    endloop
  endfacet
  facet normal 0.000000e+00 -1.000000e+00 0.000000e+00
    outer loop
      vertex   -6.100000e+00 0.000000e+00 -6.000000e+00
      vertex   -3.207134e+00 0.000000e+00 -1.838368e+00
      vertex   -3.411664e+00 0.000000e+00 -1.803617e+00
    endloop
  endfacet
  facet normal -0.000000e+00 -1.000000e+00 0.000000e+00
    outer loop
      vertex   -3.411664e+00 0.000000e+00 -1.803617e+00
      vertex   -3.611016e+00 0.000000e+00 -1.746184e+00
      vertex   -6.100000e+00 0.000000e+00 -6.000000e+00
    endloop
  endfacet
  facet normal 0.000000e+00 -1.000000e+00 0.000000e+00
    outer loop
      vertex   -6.100000e+00 0.000000e+00 -6.000000e+00
      vertex   -3.611016e+00 0.000000e+00 -1.746184e+00
      vertex   -7.100000e+00 0.000000e+00 -5.000000e+00
    endloop
  endfacet
  facet normal 0.000000e+00 -1.000000e+00 0.000000e+00
    outer loop
      vertex   -6.100000e+00 0.000000e+00 -6.000000e+00
      vertex   -7.100000e+00 0.000000e+00 -5.000000e+00
      vertex   -7.089821e+00 0.000000e+00 -5.142315e+00
    endloop
  endfacet
  facet normal -0.000000e+00 -1.000000e+00 0.000000e+00
    outer loop
      vertex   -3.611016e+00 0.000000e+00 -1.746184e+00
      vertex   -3.802685e+00 0.000000e+00 -1.666792e+00
      vertex   -7.100000e+00 0.000000e+00 -5.000000e+00
    endloop
  endfacet
  facet normal 0.000000e+00 -1.000000e+00 0.000000e+00
    outer loop
      vertex   -7.100000e+00 0.000000e+00 -5.000000e+00
      vertex   -3.802685e+00 0.000000e+00 -1.666792e+00
      vertex   -3.984259e+00 0.000000e+00 -1.566440e+00
    endloop
  endfacet
  facet normal 0.000000e+00 -1.000000e+00 0.000000e+00
    outer loop
      vertex   -7.100000e+00 0.000000e+00 -5.000000e+00
      vertex   -3.984259e+00 0.000000e+00 -1.566440e+00
      vertex   -4.153456e+00 0.000000e+00 -1.446388e+00
    endloop
  endfacet
  facet normal -0.000000e+00 -1.000000e+00 0.000000e+00
    outer loop
      vertex   -4.153456e+00 0.000000e+00 -1.446388e+00
      vertex   -4.308148e+00 0.000000e+00 -1.308148e+00
      vertex   -7.100000e+00 0.000000e+00 -5.000000e+00
    endloop
  endfacet
  facet normal 0.000000e+00 -1.000000e+00 0.000000e+00
    outer loop
      vertex   -7.100000e+00 0.000000e+00 -5.000000e+00
      vertex   -4.308148e+00 0.000000e+00 -1.308148e+00
      vertex   -4.446388e+00 0.000000e+00 -1.153456e+00
    endloop
  endfacet
  facet normal 0.000000e+00 -1.000000e+00 0.000000e+00
    outer loop
      vertex   -7.100000e+00 0.000000e+00 -5.000000e+00
      vertex   -4.446388e+00 0.000000e+00 -1.153456e+00
      vertex   -4.566440e+00 0.000000e+00 -9.842593e-01
    endloop
  endfacet
  facet normal -0.000000e+00 -1.000000e+00 0.000000e+00
    outer loop
      vertex   -4.566440e+00 0.000000e+00 -9.842593e-01
      vertex   -4.666792e+00 0.000000e+00 -8.026849e-01
      vertex   -7.100000e+00 0.000000e+00 -5.000000e+00
    endloop
  endfacet
  facet normal 0.000000e+00 -1.000000e+00 0.000000e+00
    outer loop
      vertex   -7.100000e+00 0.000000e+00 -5.000000e+00
      vertex   -4.666792e+00 0.000000e+00 -8.026849e-01
      vertex   -4.746184e+00 0.000000e+00 -6.110163e-01
    endloop
  endfacet
  facet normal 0.000000e+00 -1.000000e+00 0.000000e+00
    outer loop
      vertex   -7.100000e+00 0.000000e+00 -5.000000e+00
      vertex   -4.746184e+00 0.000000e+00 -6.110163e-01
      vertex   -4.803617e+00 0.000000e+00 -4.116637e-01
    endloop
  endfacet
  facet normal -0.000000e+00 -1.000000e+00 0.000000e+00
    outer loop
      vertex   -4.803617e+00 0.000000e+00 -4.116637e-01
      vertex   -4.838368e+00 0.000000e+00 -2.071343e-01
      vertex   -7.100000e+00 0.000000e+00 -5.000000e+00
    endloop
  endfacet
  facet normal 0.000000e+00 -1.000000e+00 0.000000e+00
    outer loop
      vertex   -7.100000e+00 0.000000e+00 -5.000000e+00
      vertex   -4.838368e+00 0.000000e+00 -2.071343e-01
      vertex   -4.850000e+00 0.000000e+00 1.642759e-16
    endloop
  endfacet
  facet normal 0.000000e+00 -1.000000e+00 0.000000e+00
    outer loop
      vertex   -7.100000e+00 0.000000e+00 -5.000000e+00
      vertex   -4.850000e+00 0.000000e+00 1.642759e-16
      vertex   -7.100000e+00 0.000000e+00 5.000000e+00
    endloop
  endfacet
  facet normal 0.000000e+00 -1.000000e+00 0.000000e+00
    outer loop
      vertex   -7.100000e+00 0.000000e+00 5.000000e+00
      vertex   -4.850000e+00 0.000000e+00 1.642759e-16
      vertex   -4.838368e+00 0.000000e+00 2.071343e-01
    endloop
  endfacet
  facet normal 0.000000e+00 -1.000000e+00 0.000000e+00
    outer loop
      vertex   -7.100000e+00 0.000000e+00 5.000000e+00
      vertex   -4.838368e+00 0.000000e+00 2.071343e-01
      vertex   -4.803617e+00 0.000000e+00 4.116637e-01
    endloop
  endfacet
  facet normal 0.000000e+00 -1.000000e+00 0.000000e+00
    outer loop
      vertex   -4.803617e+00 0.000000e+00 4.116637e-01
      vertex   -4.746184e+00 0.000000e+00 6.110163e-01
      vertex   -7.100000e+00 0.000000e+00 5.000000e+00
    endloop
  endfacet
  facet normal 0.000000e+00 -1.000000e+00 0.000000e+00
    outer loop
      vertex   -7.100000e+00 0.000000e+00 5.000000e+00
      vertex   -4.746184e+00 0.000000e+00 6.110163e-01
      vertex   -4.666792e+00 0.000000e+00 8.026849e-01
    endloop
  endfacet
  facet normal 0.000000e+00 -1.000000e+00 0.000000e+00
    outer loop
      vertex   -7.100000e+00 0.000000e+00 5.000000e+00
      vertex   -4.666792e+00 0.000000e+00 8.026849e-01
      vertex   -4.566440e+00 0.000000e+00 9.842593e-01
    endloop
  endfacet
  facet normal 0.000000e+00 -1.000000e+00 0.000000e+00
    outer loop
      vertex   -4.566440e+00 0.000000e+00 9.842593e-01
      vertex   -4.446388e+00 0.000000e+00 1.153456e+00
      vertex   -7.100000e+00 0.000000e+00 5.000000e+00
    endloop
  endfacet
  facet normal 0.000000e+00 -1.000000e+00 0.000000e+00
    outer loop
      vertex   -7.100000e+00 0.000000e+00 5.000000e+00
      vertex   -4.446388e+00 0.000000e+00 1.153456e+00
      vertex   -4.308148e+00 0.000000e+00 1.308148e+00
    endloop
  endfacet
  facet normal 0.000000e+00 -1.000000e+00 0.000000e+00
    outer loop
      vertex   -7.100000e+00 0.000000e+00 5.000000e+00
      vertex   -4.308148e+00 0.000000e+00 1.308148e+00
      vertex   -4.153456e+00 0.000000e+00 1.446388e+00
    endloop
  endfacet
  facet normal 0.000000e+00 -1.000000e+00 0.000000e+00
    outer loop
      vertex   -4.153456e+00 0.000000e+00 1.446388e+00
      vertex   -3.984259e+00 0.000000e+00 1.566440e+00
      vertex   -7.100000e+00 0.000000e+00 5.000000e+00
    endloop
  endfacet
  facet normal 0.000000e+00 -1.000000e+00 0.000000e+00
    outer loop
      vertex   -7.100000e+00 0.000000e+00 5.000000e+00
      vertex   -3.984259e+00 0.000000e+00 1.566440e+00
      vertex   -3.802685e+00 0.000000e+00 1.666792e+00
    endloop
  endfacet
  facet normal 0.000000e+00 -1.000000e+00 0.000000e+00
    outer loop
      vertex   -7.100000e+00 0.000000e+00 5.000000e+00
      vertex   -3.802685e+00 0.000000e+00 1.666792e+00
      vertex   -3.611016e+00 0.000000e+00 1.746184e+00
    endloop
  endfacet
  facet normal 0.000000e+00 -1.000000e+00 0.000000e+00
    outer loop
      vertex   -7.100000e+00 0.000000e+00 5.000000e+00
      vertex   -3.611016e+00 0.000000e+00 1.746184e+00
      vertex   -6.100000e+00 0.000000e+00 6.000000e+00
    endloop
  endfacet
  facet normal 0.000000e+00 -1.000000e+00 0.000000e+00
    outer loop
      vertex   -6.100000e+00 0.000000e+00 6.000000e+00
      vertex   -3.611016e+00 0.000000e+00 1.746184e+00
      vertex   -3.411664e+00 0.000000e+00 1.803617e+00
    endloop
  endfacet
  facet normal 0.000000e+00 -1.000000e+00 0.000000e+00
    outer loop
      vertex   -6.100000e+00 0.000000e+00 6.000000e+00
      vertex   -3.411664e+00 0.000000e+00 1.803617e+00
      vertex   -3.207134e+00 0.000000e+00 1.838368e+00
    endloop
  endfacet
  facet normal 0.000000e+00 -1.000000e+00 -0.000000e+00
    outer loop
      vertex   -6.242315e+00 0.000000e+00 5.989821e+00
      vertex   -6.381733e+00 0.000000e+00 5.959493e+00
      vertex   -6.100000e+00 0.000000e+00 6.000000e+00
    endloop
  endfacet
  facet normal 0.000000e+00 -1.000000e+00 0.000000e+00
    outer loop
      vertex   -6.100000e+00 0.000000e+00 6.000000e+00
      vertex   -6.381733e+00 0.000000e+00 5.959493e+00
      vertex   -6.515415e+00 0.000000e+00 5.909632e+00
    endloop
  endfacet
  facet normal 0.000000e+00 -1.000000e+00 0.000000e+00
    outer loop
      vertex   -6.100000e+00 0.000000e+00 6.000000e+00
      vertex   -6.515415e+00 0.000000e+00 5.909632e+00
      vertex   -6.640641e+00 0.000000e+00 5.841254e+00
    endloop
  endfacet
  facet normal 0.000000e+00 -1.000000e+00 -0.000000e+00
    outer loop
      vertex   -6.640641e+00 0.000000e+00 5.841254e+00
      vertex   -6.754861e+00 0.000000e+00 5.755750e+00
      vertex   -6.100000e+00 0.000000e+00 6.000000e+00
    endloop
  endfacet
  facet normal 0.000000e+00 -1.000000e+00 0.000000e+00
    outer loop
      vertex   -6.100000e+00 0.000000e+00 6.000000e+00
      vertex   -6.754861e+00 0.000000e+00 5.755750e+00
      vertex   -6.855750e+00 0.000000e+00 5.654861e+00
    endloop
  endfacet
  facet normal 0.000000e+00 -1.000000e+00 0.000000e+00
    outer loop
      vertex   -6.100000e+00 0.000000e+00 6.000000e+00
      vertex   -6.855750e+00 0.000000e+00 5.654861e+00
      vertex   -6.941254e+00 0.000000e+00 5.540641e+00
    endloop
  endfacet
  facet normal 0.000000e+00 -1.000000e+00 -0.000000e+00
    outer loop
      vertex   -6.941254e+00 0.000000e+00 5.540641e+00
      vertex   -7.009632e+00 0.000000e+00 5.415415e+00
      vertex   -6.100000e+00 0.000000e+00 6.000000e+00
    endloop
  endfacet
  facet normal 0.000000e+00 -1.000000e+00 0.000000e+00
    outer loop
      vertex   -6.100000e+00 0.000000e+00 6.000000e+00
      vertex   -7.009632e+00 0.000000e+00 5.415415e+00
      vertex   -7.059493e+00 0.000000e+00 5.281733e+00
    endloop
  endfacet
  facet normal 0.000000e+00 -1.000000e+00 0.000000e+00
    outer loop
      vertex   -6.100000e+00 0.000000e+00 6.000000e+00
      vertex   -7.059493e+00 0.000000e+00 5.281733e+00
      vertex   -7.089821e+00 0.000000e+00 5.142315e+00
    endloop
  endfacet
  facet normal 0.000000e+00 -1.000000e+00 -0.000000e+00
    outer loop
      vertex   -7.089821e+00 0.000000e+00 5.142315e+00
      vertex   -7.100000e+00 0.000000e+00 5.000000e+00
      vertex   -6.100000e+00 0.000000e+00 6.000000e+00
    endloop
  endfacet
  facet normal 0.000000e+00 -1.000000e+00 0.000000e+00
    outer loop
      vertex   -7.089821e+00 0.000000e+00 -5.142315e+00
      vertex   -7.059493e+00 0.000000e+00 -5.281733e+00
      vertex   -6.100000e+00 0.000000e+00 -6.000000e+00
    endloop
  endfacet
  facet normal 0.000000e+00 -1.000000e+00 0.000000e+00
    outer loop
      vertex   -6.100000e+00 0.000000e+00 -6.000000e+00
      vertex   -7.059493e+00 0.000000e+00 -5.281733e+00
      vertex   -7.009632e+00 0.000000e+00 -5.415415e+00
    endloop
  endfacet
  facet normal 0.000000e+00 -1.000000e+00 0.000000e+00
    outer loop
      vertex   -6.100000e+00 0.000000e+00 -6.000000e+00
      vertex   -7.009632e+00 0.000000e+00 -5.415415e+00
      vertex   -6.941254e+00 0.000000e+00 -5.540641e+00
    endloop
  endfacet
  facet normal 0.000000e+00 -1.000000e+00 0.000000e+00
    outer loop
      vertex   -6.941254e+00 0.000000e+00 -5.540641e+00
      vertex   -6.855750e+00 0.000000e+00 -5.654861e+00
      vertex   -6.100000e+00 0.000000e+00 -6.000000e+00
    endloop
  endfacet
  facet normal 0.000000e+00 -1.000000e+00 0.000000e+00
    outer loop
      vertex   -6.100000e+00 0.000000e+00 -6.000000e+00
      vertex   -6.855750e+00 0.000000e+00 -5.654861e+00
      vertex   -6.754861e+00 0.000000e+00 -5.755750e+00
    endloop
  endfacet
  facet normal 0.000000e+00 -1.000000e+00 0.000000e+00
    outer loop
      vertex   -6.100000e+00 0.000000e+00 -6.000000e+00
      vertex   -6.754861e+00 0.000000e+00 -5.755750e+00
      vertex   -6.640641e+00 0.000000e+00 -5.841254e+00
    endloop
  endfacet
  facet normal 0.000000e+00 -1.000000e+00 0.000000e+00
    outer loop
      vertex   -6.640641e+00 0.000000e+00 -5.841254e+00
      vertex   -6.515415e+00 0.000000e+00 -5.909632e+00
      vertex   -6.100000e+00 0.000000e+00 -6.000000e+00
    endloop
  endfacet
  facet normal 0.000000e+00 -1.000000e+00 0.000000e+00
    outer loop
      vertex   -6.100000e+00 0.000000e+00 -6.000000e+00
      vertex   -6.515415e+00 0.000000e+00 -5.909632e+00
      vertex   -6.381733e+00 0.000000e+00 -5.959493e+00
    endloop
  endfacet
  facet normal 0.000000e+00 -1.000000e+00 0.000000e+00
    outer loop
      vertex   -6.100000e+00 0.000000e+00 -6.000000e+00
      vertex   -6.381733e+00 0.000000e+00 -5.959493e+00
      vertex   -6.242315e+00 0.000000e+00 -5.989821e+00
    endloop
  endfacet
  facet normal -0.000000e+00 -1.000000e+00 0.000000e+00
    outer loop
      vertex   6.242315e+00 0.000000e+00 -5.989821e+00
      vertex   6.381733e+00 0.000000e+00 -5.959493e+00
      vertex   6.100000e+00 0.000000e+00 -6.000000e+00
    endloop
  endfacet
  facet normal 0.000000e+00 -1.000000e+00 0.000000e+00
    outer loop
      vertex   6.100000e+00 0.000000e+00 -6.000000e+00
      vertex   6.381733e+00 0.000000e+00 -5.959493e+00
      vertex   6.515415e+00 0.000000e+00 -5.909632e+00
    endloop
  endfacet
  facet normal 0.000000e+00 -1.000000e+00 0.000000e+00
    outer loop
      vertex   6.100000e+00 0.000000e+00 -6.000000e+00
      vertex   6.515415e+00 0.000000e+00 -5.909632e+00
      vertex   6.640641e+00 0.000000e+00 -5.841254e+00
    endloop
  endfacet
  facet normal -0.000000e+00 -1.000000e+00 0.000000e+00
    outer loop
      vertex   6.640641e+00 0.000000e+00 -5.841254e+00
      vertex   6.754861e+00 0.000000e+00 -5.755750e+00
      vertex   6.100000e+00 0.000000e+00 -6.000000e+00
    endloop
  endfacet
  facet normal 0.000000e+00 -1.000000e+00 0.000000e+00
    outer loop
      vertex   6.100000e+00 0.000000e+00 -6.000000e+00
      vertex   6.754861e+00 0.000000e+00 -5.755750e+00
      vertex   6.855750e+00 0.000000e+00 -5.654861e+00
    endloop
  endfacet
  facet normal 0.000000e+00 -1.000000e+00 0.000000e+00
    outer loop
      vertex   6.100000e+00 0.000000e+00 -6.000000e+00
      vertex   6.855750e+00 0.000000e+00 -5.654861e+00
      vertex   6.941254e+00 0.000000e+00 -5.540641e+00
    endloop
  endfacet
  facet normal -0.000000e+00 -1.000000e+00 0.000000e+00
    outer loop
      vertex   6.941254e+00 0.000000e+00 -5.540641e+00
      vertex   7.009632e+00 0.000000e+00 -5.415415e+00
      vertex   6.100000e+00 0.000000e+00 -6.000000e+00
    endloop
  endfacet
  facet normal 0.000000e+00 -1.000000e+00 0.000000e+00
    outer loop
      vertex   6.100000e+00 0.000000e+00 -6.000000e+00
      vertex   7.009632e+00 0.000000e+00 -5.415415e+00
      vertex   7.059493e+00 0.000000e+00 -5.281733e+00
    endloop
  endfacet
  facet normal 0.000000e+00 -1.000000e+00 0.000000e+00
    outer loop
      vertex   6.100000e+00 0.000000e+00 -6.000000e+00
      vertex   7.059493e+00 0.000000e+00 -5.281733e+00
      vertex   7.089821e+00 0.000000e+00 -5.142315e+00
    endloop
  endfacet
  facet normal -0.000000e+00 -1.000000e+00 0.000000e+00
    outer loop
      vertex   7.089821e+00 0.000000e+00 -5.142315e+00
      vertex   7.100000e+00 0.000000e+00 -5.000000e+00
      vertex   6.100000e+00 0.000000e+00 -6.000000e+00
    endloop
  endfacet
  facet normal 0.000000e+00 -1.000000e+00 0.000000e+00
    outer loop
      vertex   7.089821e+00 0.000000e+00 5.142315e+00
      vertex   7.059493e+00 0.000000e+00 5.281733e+00
      vertex   6.100000e+00 0.000000e+00 6.000000e+00
    endloop
  endfacet
  facet normal 0.000000e+00 -1.000000e+00 0.000000e+00
    outer loop
      vertex   6.100000e+00 0.000000e+00 6.000000e+00
      vertex   7.059493e+00 0.000000e+00 5.281733e+00
      vertex   7.009632e+00 0.000000e+00 5.415415e+00
    endloop
  endfacet
  facet normal 0.000000e+00 -1.000000e+00 0.000000e+00
    outer loop
      vertex   6.100000e+00 0.000000e+00 6.000000e+00
      vertex   7.009632e+00 0.000000e+00 5.415415e+00
      vertex   6.941254e+00 0.000000e+00 5.540641e+00
    endloop
  endfacet
  facet normal 0.000000e+00 -1.000000e+00 0.000000e+00
    outer loop
      vertex   6.941254e+00 0.000000e+00 5.540641e+00
      vertex   6.855750e+00 0.000000e+00 5.654861e+00
      vertex   6.100000e+00 0.000000e+00 6.000000e+00
    endloop
  endfacet
  facet normal 0.000000e+00 -1.000000e+00 0.000000e+00
    outer loop
      vertex   6.100000e+00 0.000000e+00 6.000000e+00
      vertex   6.855750e+00 0.000000e+00 5.654861e+00
      vertex   6.754861e+00 0.000000e+00 5.755750e+00
    endloop
  endfacet
  facet normal 0.000000e+00 -1.000000e+00 0.000000e+00
    outer loop
      vertex   6.100000e+00 0.000000e+00 6.000000e+00
      vertex   6.754861e+00 0.000000e+00 5.755750e+00
      vertex   6.640641e+00 0.000000e+00 5.841254e+00
    endloop
  endfacet
  facet normal 0.000000e+00 -1.000000e+00 0.000000e+00
    outer loop
      vertex   6.640641e+00 0.000000e+00 5.841254e+00
      vertex   6.515415e+00 0.000000e+00 5.909632e+00
      vertex   6.100000e+00 0.000000e+00 6.000000e+00
    endloop
  endfacet
  facet normal 0.000000e+00 -1.000000e+00 0.000000e+00
    outer loop
      vertex   6.100000e+00 0.000000e+00 6.000000e+00
      vertex   6.515415e+00 0.000000e+00 5.909632e+00
      vertex   6.381733e+00 0.000000e+00 5.959493e+00
    endloop
  endfacet
  facet normal 0.000000e+00 -1.000000e+00 0.000000e+00
    outer loop
      vertex   6.100000e+00 0.000000e+00 6.000000e+00
      vertex   6.381733e+00 0.000000e+00 5.959493e+00
      vertex   6.242315e+00 0.000000e+00 5.989821e+00
    endloop
  endfacet
  facet normal -1.000000e+00 -0.000000e+00 -0.000000e+00
    outer loop
      vertex   -7.100000e+00 1.200000e+00 5.000000e+00
      vertex   -7.100000e+00 1.200000e+00 -5.000000e+00
      vertex   -7.100000e+00 0.000000e+00 5.000000e+00
    endloop
  endfacet
  facet normal -1.000000e+00 0.000000e+00 0.000000e+00
    outer loop
      vertex   -7.100000e+00 0.000000e+00 5.000000e+00
      vertex   -7.100000e+00 1.200000e+00 -5.000000e+00
      vertex   -7.100000e+00 0.000000e+00 -5.000000e+00
    endloop
  endfacet
  facet normal -9.974521e-01 0.000000e+00 -7.133918e-02
    outer loop
      vertex   -7.100000e+00 0.000000e+00 -5.000000e+00
      vertex   -7.100000e+00 1.200000e+00 -5.000000e+00
      vertex   -7.089821e+00 0.000000e+00 -5.142315e+00
    endloop
  endfacet
  facet normal -9.974521e-01 0.000000e+00 -7.133918e-02
    outer loop
      vertex   -7.089821e+00 0.000000e+00 -5.142315e+00
      vertex   -7.100000e+00 1.200000e+00 -5.000000e+00
      vertex   -7.089821e+00 1.200000e+00 -5.142315e+00
    endloop
  endfacet
  facet normal -9.771469e-01 0.000000e+00 -2.125653e-01
    outer loop
      vertex   -7.089821e+00 0.000000e+00 -5.142315e+00
      vertex   -7.089821e+00 1.200000e+00 -5.142315e+00
      vertex   -7.059493e+00 1.200000e+00 -5.281733e+00
    endloop
  endfacet
  facet normal -9.771469e-01 0.000000e+00 -2.125653e-01
    outer loop
      vertex   -7.089821e+00 0.000000e+00 -5.142315e+00
      vertex   -7.059493e+00 1.200000e+00 -5.281733e+00
      vertex   -7.059493e+00 0.000000e+00 -5.281733e+00
    endloop
  endfacet
  facet normal -9.369497e-01 0.000000e+00 -3.494642e-01
    outer loop
      vertex   -7.059493e+00 0.000000e+00 -5.281733e+00
      vertex   -7.059493e+00 1.200000e+00 -5.281733e+00
      vertex   -7.009632e+00 1.200000e+00 -5.415415e+00
    endloop
  endfacet
  facet normal -9.369497e-01 0.000000e+00 -3.494642e-01
    outer loop
      vertex   -7.059493e+00 0.000000e+00 -5.281733e+00
      vertex   -7.009632e+00 1.200000e+00 -5.415415e+00
      vertex   -7.009632e+00 0.000000e+00 -5.415415e+00
    endloop
  endfacet
  facet normal -8.776790e-01 0.000000e+00 -4.792490e-01
    outer loop
      vertex   -7.009632e+00 0.000000e+00 -5.415415e+00
      vertex   -7.009632e+00 1.200000e+00 -5.415415e+00
      vertex   -6.941254e+00 1.200000e+00 -5.540641e+00
    endloop
  endfacet
  facet normal -8.776790e-01 0.000000e+00 -4.792490e-01
    outer loop
      vertex   -7.009632e+00 0.000000e+00 -5.415415e+00
      vertex   -6.941254e+00 1.200000e+00 -5.540641e+00
      vertex   -6.941254e+00 0.000000e+00 -5.540641e+00
    endloop
  endfacet
  facet normal -8.005412e-01 0.000000e+00 -5.992777e-01
    outer loop
      vertex   -6.941254e+00 0.000000e+00 -5.540641e+00
      vertex   -6.941254e+00 1.200000e+00 -5.540641e+00
      vertex   -6.855750e+00 1.200000e+00 -5.654861e+00
    endloop
  endfacet
  facet normal -8.005412e-01 0.000000e+00 -5.992777e-01
    outer loop
      vertex   -6.941254e+00 0.000000e+00 -5.540641e+00
      vertex   -6.855750e+00 1.200000e+00 -5.654861e+00
      vertex   -6.855750e+00 0.000000e+00 -5.654861e+00
    endloop
  endfacet
  facet normal -7.071068e-01 0.000000e+00 -7.071068e-01
    outer loop
      vertex   -6.855750e+00 0.000000e+00 -5.654861e+00
      vertex   -6.855750e+00 1.200000e+00 -5.654861e+00
      vertex   -6.754861e+00 1.200000e+00 -5.755750e+00
    endloop
  endfacet
  facet normal -7.071068e-01 0.000000e+00 -7.071068e-01
    outer loop
      vertex   -6.855750e+00 0.000000e+00 -5.654861e+00
      vertex   -6.754861e+00 1.200000e+00 -5.755750e+00
      vertex   -6.754861e+00 0.000000e+00 -5.755750e+00
    endloop
  endfacet
  facet normal -5.992777e-01 0.000000e+00 -8.005412e-01
    outer loop
      vertex   -6.754861e+00 0.000000e+00 -5.755750e+00
      vertex   -6.754861e+00 1.200000e+00 -5.755750e+00
      vertex   -6.640641e+00 1.200000e+00 -5.841254e+00
    endloop
  endfacet
  facet normal -5.992777e-01 0.000000e+00 -8.005412e-01
    outer loop
      vertex   -6.754861e+00 0.000000e+00 -5.755750e+00
      vertex   -6.640641e+00 1.200000e+00 -5.841254e+00
      vertex   -6.640641e+00 0.000000e+00 -5.841254e+00
    endloop
  endfacet
  facet normal -4.792490e-01 0.000000e+00 -8.776790e-01
    outer loop
      vertex   -6.640641e+00 0.000000e+00 -5.841254e+00
      vertex   -6.640641e+00 1.200000e+00 -5.841254e+00
      vertex   -6.515415e+00 1.200000e+00 -5.909632e+00
    endloop
  endfacet
  facet normal -4.792490e-01 0.000000e+00 -8.776790e-01
    outer loop
      vertex   -6.640641e+00 0.000000e+00 -5.841254e+00
      vertex   -6.515415e+00 1.200000e+00 -5.909632e+00
      vertex   -6.515415e+00 0.000000e+00 -5.909632e+00
    endloop
  endfacet
  facet normal -3.494642e-01 0.000000e+00 -9.369497e-01
    outer loop
      vertex   -6.515415e+00 0.000000e+00 -5.909632e+00
      vertex   -6.515415e+00 1.200000e+00 -5.909632e+00
      vertex   -6.381733e+00 1.200000e+00 -5.959493e+00
    endloop
  endfacet
  facet normal -3.494642e-01 0.000000e+00 -9.369497e-01
    outer loop
      vertex   -6.515415e+00 0.000000e+00 -5.909632e+00
      vertex   -6.381733e+00 1.200000e+00 -5.959493e+00
      vertex   -6.381733e+00 0.000000e+00 -5.959493e+00
    endloop
  endfacet
  facet normal -2.125653e-01 0.000000e+00 -9.771469e-01
    outer loop
      vertex   -6.381733e+00 0.000000e+00 -5.959493e+00
      vertex   -6.381733e+00 1.200000e+00 -5.959493e+00
      vertex   -6.242315e+00 1.200000e+00 -5.989821e+00
    endloop
  endfacet
  facet normal -2.125653e-01 0.000000e+00 -9.771469e-01
    outer loop
      vertex   -6.381733e+00 0.000000e+00 -5.959493e+00
      vertex   -6.242315e+00 1.200000e+00 -5.989821e+00
      vertex   -6.242315e+00 0.000000e+00 -5.989821e+00
    endloop
  endfacet
  facet normal -7.133918e-02 0.000000e+00 -9.974521e-01
    outer loop
      vertex   -6.242315e+00 0.000000e+00 -5.989821e+00
      vertex   -6.242315e+00 1.200000e+00 -5.989821e+00
      vertex   -6.100000e+00 0.000000e+00 -6.000000e+00
    endloop
  endfacet
  facet normal -7.133918e-02 0.000000e+00 -9.974521e-01
    outer loop
      vertex   -6.100000e+00 0.000000e+00 -6.000000e+00
      vertex   -6.242315e+00 1.200000e+00 -5.989821e+00
      vertex   -6.100000e+00 1.200000e+00 -6.000000e+00
    endloop
  endfacet
  facet normal 9.974521e-01 -0.000000e+00 7.133918e-02
    outer loop
      vertex   7.100000e+00 0.000000e+00 5.000000e+00
      vertex   7.100000e+00 1.200000e+00 5.000000e+00
      vertex   7.089821e+00 0.000000e+00 5.142315e+00
    endloop
  endfacet
  facet normal 9.974521e-01 -0.000000e+00 7.133918e-02
    outer loop
      vertex   7.089821e+00 0.000000e+00 5.142315e+00
      vertex   7.100000e+00 1.200000e+00 5.000000e+00
      vertex   7.089821e+00 1.200000e+00 5.142315e+00
    endloop
  endfacet
  facet normal 9.771469e-01 -0.000000e+00 2.125653e-01
    outer loop
      vertex   7.089821e+00 0.000000e+00 5.142315e+00
      vertex   7.089821e+00 1.200000e+00 5.142315e+00
      vertex   7.059493e+00 1.200000e+00 5.281733e+00
    endloop
  endfacet
  facet normal 9.771469e-01 0.000000e+00 2.125653e-01
    outer loop
      vertex   7.089821e+00 0.000000e+00 5.142315e+00
      vertex   7.059493e+00 1.200000e+00 5.281733e+00
      vertex   7.059493e+00 0.000000e+00 5.281733e+00
    endloop
  endfacet
  facet normal 9.369497e-01 -0.000000e+00 3.494642e-01
    outer loop
      vertex   7.059493e+00 0.000000e+00 5.281733e+00
      vertex   7.059493e+00 1.200000e+00 5.281733e+00
      vertex   7.009632e+00 1.200000e+00 5.415415e+00
    endloop
  endfacet
  facet normal 9.369497e-01 0.000000e+00 3.494642e-01
    outer loop
      vertex   7.059493e+00 0.000000e+00 5.281733e+00
      vertex   7.009632e+00 1.200000e+00 5.415415e+00
      vertex   7.009632e+00 0.000000e+00 5.415415e+00
    endloop
  endfacet
  facet normal 8.776790e-01 -0.000000e+00 4.792490e-01
    outer loop
      vertex   7.009632e+00 0.000000e+00 5.415415e+00
      vertex   7.009632e+00 1.200000e+00 5.415415e+00
      vertex   6.941254e+00 1.200000e+00 5.540641e+00
    endloop
  endfacet
  facet normal 8.776790e-01 0.000000e+00 4.792490e-01
    outer loop
      vertex   7.009632e+00 0.000000e+00 5.415415e+00
      vertex   6.941254e+00 1.200000e+00 5.540641e+00
      vertex   6.941254e+00 0.000000e+00 5.540641e+00
    endloop
  endfacet
  facet normal 8.005412e-01 -0.000000e+00 5.992777e-01
    outer loop
      vertex   6.941254e+00 0.000000e+00 5.540641e+00
      vertex   6.941254e+00 1.200000e+00 5.540641e+00
      vertex   6.855750e+00 1.200000e+00 5.654861e+00
    endloop
  endfacet
  facet normal 8.005412e-01 0.000000e+00 5.992777e-01
    outer loop
      vertex   6.941254e+00 0.000000e+00 5.540641e+00
      vertex   6.855750e+00 1.200000e+00 5.654861e+00
      vertex   6.855750e+00 0.000000e+00 5.654861e+00
    endloop
  endfacet
  facet normal 7.071068e-01 -0.000000e+00 7.071068e-01
    outer loop
      vertex   6.855750e+00 0.000000e+00 5.654861e+00
      vertex   6.855750e+00 1.200000e+00 5.654861e+00
      vertex   6.754861e+00 1.200000e+00 5.755750e+00
    endloop
  endfacet
  facet normal 7.071068e-01 0.000000e+00 7.071068e-01
    outer loop
      vertex   6.855750e+00 0.000000e+00 5.654861e+00
      vertex   6.754861e+00 1.200000e+00 5.755750e+00
      vertex   6.754861e+00 0.000000e+00 5.755750e+00
    endloop
  endfacet
  facet normal 5.992777e-01 -0.000000e+00 8.005412e-01
    outer loop
      vertex   6.754861e+00 0.000000e+00 5.755750e+00
      vertex   6.754861e+00 1.200000e+00 5.755750e+00
      vertex   6.640641e+00 1.200000e+00 5.841254e+00
    endloop
  endfacet
  facet normal 5.992777e-01 0.000000e+00 8.005412e-01
    outer loop
      vertex   6.754861e+00 0.000000e+00 5.755750e+00
      vertex   6.640641e+00 1.200000e+00 5.841254e+00
      vertex   6.640641e+00 0.000000e+00 5.841254e+00
    endloop
  endfacet
  facet normal 4.792490e-01 -0.000000e+00 8.776790e-01
    outer loop
      vertex   6.640641e+00 0.000000e+00 5.841254e+00
      vertex   6.640641e+00 1.200000e+00 5.841254e+00
      vertex   6.515415e+00 1.200000e+00 5.909632e+00
    endloop
  endfacet
  facet normal 4.792490e-01 0.000000e+00 8.776790e-01
    outer loop
      vertex   6.640641e+00 0.000000e+00 5.841254e+00
      vertex   6.515415e+00 1.200000e+00 5.909632e+00
      vertex   6.515415e+00 0.000000e+00 5.909632e+00
    endloop
  endfacet
  facet normal 3.494642e-01 -0.000000e+00 9.369497e-01
    outer loop
      vertex   6.515415e+00 0.000000e+00 5.909632e+00
      vertex   6.515415e+00 1.200000e+00 5.909632e+00
      vertex   6.381733e+00 1.200000e+00 5.959493e+00
    endloop
  endfacet
  facet normal 3.494642e-01 0.000000e+00 9.369497e-01
    outer loop
      vertex   6.515415e+00 0.000000e+00 5.909632e+00
      vertex   6.381733e+00 1.200000e+00 5.959493e+00
      vertex   6.381733e+00 0.000000e+00 5.959493e+00
    endloop
  endfacet
  facet normal 2.125653e-01 -0.000000e+00 9.771469e-01
    outer loop
      vertex   6.381733e+00 0.000000e+00 5.959493e+00
      vertex   6.381733e+00 1.200000e+00 5.959493e+00
      vertex   6.242315e+00 1.200000e+00 5.989821e+00
    endloop
  endfacet
  facet normal 2.125653e-01 0.000000e+00 9.771469e-01
    outer loop
      vertex   6.381733e+00 0.000000e+00 5.959493e+00
      vertex   6.242315e+00 1.200000e+00 5.989821e+00
      vertex   6.242315e+00 0.000000e+00 5.989821e+00
    endloop
  endfacet
  facet normal 7.133918e-02 -0.000000e+00 9.974521e-01
    outer loop
      vertex   6.242315e+00 0.000000e+00 5.989821e+00
      vertex   6.242315e+00 1.200000e+00 5.989821e+00
      vertex   6.100000e+00 0.000000e+00 6.000000e+00
    endloop
  endfacet
  facet normal 7.133918e-02 -0.000000e+00 9.974521e-01
    outer loop
      vertex   6.100000e+00 0.000000e+00 6.000000e+00
      vertex   6.242315e+00 1.200000e+00 5.989821e+00
      vertex   6.100000e+00 1.200000e+00 6.000000e+00
    endloop
  endfacet
  facet normal 1.000000e+00 -0.000000e+00 0.000000e+00
    outer loop
      vertex   7.100000e+00 0.000000e+00 5.000000e+00
      vertex   7.100000e+00 0.000000e+00 -5.000000e+00
      vertex   7.100000e+00 1.200000e+00 5.000000e+00
    endloop
  endfacet
  facet normal 1.000000e+00 0.000000e+00 0.000000e+00
    outer loop
      vertex   7.100000e+00 1.200000e+00 5.000000e+00
      vertex   7.100000e+00 0.000000e+00 -5.000000e+00
      vertex   7.100000e+00 1.200000e+00 -5.000000e+00
    endloop
  endfacet
  facet normal 7.133918e-02 0.000000e+00 -9.974521e-01
    outer loop
      vertex   6.100000e+00 0.000000e+00 -6.000000e+00
      vertex   6.100000e+00 1.200000e+00 -6.000000e+00
      vertex   6.242315e+00 0.000000e+00 -5.989821e+00
    endloop
  endfacet
  facet normal 7.133918e-02 0.000000e+00 -9.974521e-01
    outer loop
      vertex   6.242315e+00 0.000000e+00 -5.989821e+00
      vertex   6.100000e+00 1.200000e+00 -6.000000e+00
      vertex   6.242315e+00 1.200000e+00 -5.989821e+00
    endloop
  endfacet
  facet normal 2.125653e-01 0.000000e+00 -9.771469e-01
    outer loop
      vertex   6.242315e+00 0.000000e+00 -5.989821e+00
      vertex   6.242315e+00 1.200000e+00 -5.989821e+00
      vertex   6.381733e+00 1.200000e+00 -5.959493e+00
    endloop
  endfacet
  facet normal 2.125653e-01 0.000000e+00 -9.771469e-01
    outer loop
      vertex   6.242315e+00 0.000000e+00 -5.989821e+00
      vertex   6.381733e+00 1.200000e+00 -5.959493e+00
      vertex   6.381733e+00 0.000000e+00 -5.959493e+00
    endloop
  endfacet
  facet normal 3.494642e-01 0.000000e+00 -9.369497e-01
    outer loop
      vertex   6.381733e+00 0.000000e+00 -5.959493e+00
      vertex   6.381733e+00 1.200000e+00 -5.959493e+00
      vertex   6.515415e+00 1.200000e+00 -5.909632e+00
    endloop
  endfacet
  facet normal 3.494642e-01 0.000000e+00 -9.369497e-01
    outer loop
      vertex   6.381733e+00 0.000000e+00 -5.959493e+00
      vertex   6.515415e+00 1.200000e+00 -5.909632e+00
      vertex   6.515415e+00 0.000000e+00 -5.909632e+00
    endloop
  endfacet
  facet normal 4.792490e-01 0.000000e+00 -8.776790e-01
    outer loop
      vertex   6.515415e+00 0.000000e+00 -5.909632e+00
      vertex   6.515415e+00 1.200000e+00 -5.909632e+00
      vertex   6.640641e+00 1.200000e+00 -5.841254e+00
    endloop
  endfacet
  facet normal 4.792490e-01 0.000000e+00 -8.776790e-01
    outer loop
      vertex   6.515415e+00 0.000000e+00 -5.909632e+00
      vertex   6.640641e+00 1.200000e+00 -5.841254e+00
      vertex   6.640641e+00 0.000000e+00 -5.841254e+00
    endloop
  endfacet
  facet normal 5.992777e-01 0.000000e+00 -8.005412e-01
    outer loop
      vertex   6.640641e+00 0.000000e+00 -5.841254e+00
      vertex   6.640641e+00 1.200000e+00 -5.841254e+00
      vertex   6.754861e+00 1.200000e+00 -5.755750e+00
    endloop
  endfacet
  facet normal 5.992777e-01 0.000000e+00 -8.005412e-01
    outer loop
      vertex   6.640641e+00 0.000000e+00 -5.841254e+00
      vertex   6.754861e+00 1.200000e+00 -5.755750e+00
      vertex   6.754861e+00 0.000000e+00 -5.755750e+00
    endloop
  endfacet
  facet normal 7.071068e-01 0.000000e+00 -7.071068e-01
    outer loop
      vertex   6.754861e+00 0.000000e+00 -5.755750e+00
      vertex   6.754861e+00 1.200000e+00 -5.755750e+00
      vertex   6.855750e+00 1.200000e+00 -5.654861e+00
    endloop
  endfacet
  facet normal 7.071068e-01 0.000000e+00 -7.071068e-01
    outer loop
      vertex   6.754861e+00 0.000000e+00 -5.755750e+00
      vertex   6.855750e+00 1.200000e+00 -5.654861e+00
      vertex   6.855750e+00 0.000000e+00 -5.654861e+00
    endloop
  endfacet
  facet normal 8.005412e-01 0.000000e+00 -5.992777e-01
    outer loop
      vertex   6.855750e+00 0.000000e+00 -5.654861e+00
      vertex   6.855750e+00 1.200000e+00 -5.654861e+00
      vertex   6.941254e+00 1.200000e+00 -5.540641e+00
    endloop
  endfacet
  facet normal 8.005412e-01 0.000000e+00 -5.992777e-01
    outer loop
      vertex   6.855750e+00 0.000000e+00 -5.654861e+00
      vertex   6.941254e+00 1.200000e+00 -5.540641e+00
      vertex   6.941254e+00 0.000000e+00 -5.540641e+00
    endloop
  endfacet
  facet normal 8.776790e-01 0.000000e+00 -4.792490e-01
    outer loop
      vertex   6.941254e+00 0.000000e+00 -5.540641e+00
      vertex   6.941254e+00 1.200000e+00 -5.540641e+00
      vertex   7.009632e+00 1.200000e+00 -5.415415e+00
    endloop
  endfacet
  facet normal 8.776790e-01 0.000000e+00 -4.792490e-01
    outer loop
      vertex   6.941254e+00 0.000000e+00 -5.540641e+00
      vertex   7.009632e+00 1.200000e+00 -5.415415e+00
      vertex   7.009632e+00 0.000000e+00 -5.415415e+00
    endloop
  endfacet
  facet normal 9.369497e-01 0.000000e+00 -3.494642e-01
    outer loop
      vertex   7.009632e+00 0.000000e+00 -5.415415e+00
      vertex   7.009632e+00 1.200000e+00 -5.415415e+00
      vertex   7.059493e+00 1.200000e+00 -5.281733e+00
    endloop
  endfacet
  facet normal 9.369497e-01 0.000000e+00 -3.494642e-01
    outer loop
      vertex   7.009632e+00 0.000000e+00 -5.415415e+00
      vertex   7.059493e+00 1.200000e+00 -5.281733e+00
      vertex   7.059493e+00 0.000000e+00 -5.281733e+00
    endloop
  endfacet
  facet normal 9.771469e-01 0.000000e+00 -2.125653e-01
    outer loop
      vertex   7.059493e+00 0.000000e+00 -5.281733e+00
      vertex   7.059493e+00 1.200000e+00 -5.281733e+00
      vertex   7.089821e+00 1.200000e+00 -5.142315e+00
    endloop
  endfacet
  facet normal 9.771469e-01 0.000000e+00 -2.125653e-01
    outer loop
      vertex   7.059493e+00 0.000000e+00 -5.281733e+00
      vertex   7.089821e+00 1.200000e+00 -5.142315e+00
      vertex   7.089821e+00 0.000000e+00 -5.142315e+00
    endloop
  endfacet
  facet normal 9.974521e-01 0.000000e+00 -7.133918e-02
    outer loop
      vertex   7.089821e+00 0.000000e+00 -5.142315e+00
      vertex   7.089821e+00 1.200000e+00 -5.142315e+00
      vertex   7.100000e+00 0.000000e+00 -5.000000e+00
    endloop
  endfacet
  facet normal 9.974521e-01 0.000000e+00 -7.133918e-02
    outer loop
      vertex   7.100000e+00 0.000000e+00 -5.000000e+00
      vertex   7.089821e+00 1.200000e+00 -5.142315e+00
      vertex   7.100000e+00 1.200000e+00 -5.000000e+00
    endloop
  endfacet
  facet normal 0.000000e+00 0.000000e+00 -1.000000e+00
    outer loop
      vertex   -6.100000e+00 1.200000e+00 -6.000000e+00
      vertex   6.100000e+00 1.200000e+00 -6.000000e+00
      vertex   -6.100000e+00 0.000000e+00 -6.000000e+00
    endloop
  endfacet
  facet normal 0.000000e+00 0.000000e+00 -1.000000e+00
    outer loop
      vertex   -6.100000e+00 0.000000e+00 -6.000000e+00
      vertex   6.100000e+00 1.200000e+00 -6.000000e+00
      vertex   6.100000e+00 0.000000e+00 -6.000000e+00
    endloop
  endfacet
  facet normal 0.000000e+00 0.000000e+00 1.000000e+00
    outer loop
      vertex   -6.100000e+00 0.000000e+00 6.000000e+00
      vertex   6.100000e+00 0.000000e+00 6.000000e+00
      vertex   -6.100000e+00 1.200000e+00 6.000000e+00
    endloop
  endfacet
  facet normal -0.000000e+00 0.000000e+00 1.000000e+00
    outer loop
      vertex   -6.100000e+00 1.200000e+00 6.000000e+00
      vertex   6.100000e+00 0.000000e+00 6.000000e+00
      vertex   6.100000e+00 1.200000e+00 6.000000e+00
    endloop
  endfacet
  facet normal 0.000000e+00 1.000000e+00 -0.000000e+00
    outer loop
      vertex   -4.500000e+00 1.200000e+00 -2.611851e+00
      vertex   -4.800000e+00 1.200000e+00 -2.611851e+00
      vertex   -4.500000e+00 1.200000e+00 -2.411851e+00
    endloop
  endfacet
  facet normal 0.000000e+00 1.000000e+00 0.000000e+00
    outer loop
      vertex   -4.500000e+00 1.200000e+00 -2.411851e+00
      vertex   -4.800000e+00 1.200000e+00 -2.611851e+00
      vertex   -4.800000e+00 1.200000e+00 -2.400000e+00
    endloop
  endfacet
  facet normal 0.000000e+00 1.000000e+00 -0.000000e+00
    outer loop
      vertex   -4.500000e+00 1.200000e+00 -2.411851e+00
      vertex   -4.800000e+00 1.200000e+00 -2.400000e+00
      vertex   -4.490393e+00 1.200000e+00 -2.314306e+00
    endloop
  endfacet
  facet normal 0.000000e+00 1.000000e+00 0.000000e+00
    outer loop
      vertex   -4.490393e+00 1.200000e+00 -2.314306e+00
      vertex   -4.800000e+00 1.200000e+00 -2.400000e+00
      vertex   -4.811459e+00 1.200000e+00 -2.293570e+00
    endloop
  endfacet
  facet normal 0.000000e+00 1.000000e+00 -0.000000e+00
    outer loop
      vertex   -4.490393e+00 1.200000e+00 -2.314306e+00
      vertex   -4.811459e+00 1.200000e+00 -2.293570e+00
      vertex   -4.461940e+00 1.200000e+00 -2.220509e+00
    endloop
  endfacet
  facet normal 0.000000e+00 1.000000e+00 0.000000e+00
    outer loop
      vertex   -4.461940e+00 1.200000e+00 -2.220509e+00
      vertex   -4.811459e+00 1.200000e+00 -2.293570e+00
      vertex   -4.845309e+00 1.200000e+00 -2.192019e+00
    endloop
  endfacet
  facet normal 0.000000e+00 1.000000e+00 -0.000000e+00
    outer loop
      vertex   -4.461940e+00 1.200000e+00 -2.220509e+00
      vertex   -4.845309e+00 1.200000e+00 -2.192019e+00
      vertex   -4.415735e+00 1.200000e+00 -2.134066e+00
    endloop
  endfacet
  facet normal 0.000000e+00 1.000000e+00 0.000000e+00
    outer loop
      vertex   -4.415735e+00 1.200000e+00 -2.134066e+00
      vertex   -4.845309e+00 1.200000e+00 -2.192019e+00
      vertex   -4.900000e+00 1.200000e+00 -2.100000e+00
    endloop
  endfacet
  facet normal 0.000000e+00 1.000000e+00 -0.000000e+00
    outer loop
      vertex   -4.415735e+00 1.200000e+00 -2.134066e+00
      vertex   -4.900000e+00 1.200000e+00 -2.100000e+00
      vertex   -4.353553e+00 1.200000e+00 -2.058297e+00
    endloop
  endfacet
  facet normal 0.000000e+00 1.000000e+00 -0.000000e+00
    outer loop
      vertex   -4.353553e+00 1.200000e+00 -2.058297e+00
      vertex   -4.900000e+00 1.200000e+00 -2.100000e+00
      vertex   -4.277785e+00 1.200000e+00 -1.996116e+00
    endloop
  endfacet
  facet normal 0.000000e+00 1.000000e+00 0.000000e+00
    outer loop
      vertex   -4.277785e+00 1.200000e+00 -1.996116e+00
      vertex   -4.900000e+00 1.200000e+00 -2.100000e+00
      vertex   -4.308148e+00 1.200000e+00 -1.308148e+00
    endloop
  endfacet
  facet normal 0.000000e+00 1.000000e+00 -0.000000e+00
    outer loop
      vertex   -4.277785e+00 1.200000e+00 -1.996116e+00
      vertex   -4.308148e+00 1.200000e+00 -1.308148e+00
      vertex   -4.153456e+00 1.200000e+00 -1.446388e+00
    endloop
  endfacet
  facet normal -0.000000e+00 1.000000e+00 0.000000e+00
    outer loop
      vertex   -4.800000e+00 1.200000e+00 -2.611851e+00
      vertex   -4.500000e+00 1.200000e+00 -2.611851e+00
      vertex   -4.809607e+00 1.200000e+00 -2.709396e+00
    endloop
  endfacet
  facet normal 0.000000e+00 1.000000e+00 0.000000e+00
    outer loop
      vertex   -4.809607e+00 1.200000e+00 -2.709396e+00
      vertex   -4.500000e+00 1.200000e+00 -2.611851e+00
      vertex   -4.490393e+00 1.200000e+00 -2.709396e+00
    endloop
  endfacet
  facet normal -0.000000e+00 1.000000e+00 0.000000e+00
    outer loop
      vertex   -4.809607e+00 1.200000e+00 -2.709396e+00
      vertex   -4.490393e+00 1.200000e+00 -2.709396e+00
      vertex   -4.838060e+00 1.200000e+00 -2.803193e+00
    endloop
  endfacet
  facet normal 0.000000e+00 1.000000e+00 0.000000e+00
    outer loop
      vertex   -4.838060e+00 1.200000e+00 -2.803193e+00
      vertex   -4.490393e+00 1.200000e+00 -2.709396e+00
      vertex   -4.461940e+00 1.200000e+00 -2.803193e+00
    endloop
  endfacet
  facet normal -0.000000e+00 1.000000e+00 0.000000e+00
    outer loop
      vertex   -4.838060e+00 1.200000e+00 -2.803193e+00
      vertex   -4.461940e+00 1.200000e+00 -2.803193e+00
      vertex   -4.415735e+00 1.200000e+00 -2.889636e+00
    endloop
  endfacet
  facet normal 0.000000e+00 1.000000e+00 0.000000e+00
    outer loop
      vertex   -4.838060e+00 1.200000e+00 -2.803193e+00
      vertex   -4.415735e+00 1.200000e+00 -2.889636e+00
      vertex   -4.884265e+00 1.200000e+00 -2.889636e+00
    endloop
  endfacet
  facet normal -0.000000e+00 1.000000e+00 0.000000e+00
    outer loop
      vertex   -4.884265e+00 1.200000e+00 -2.889636e+00
      vertex   -4.415735e+00 1.200000e+00 -2.889636e+00
      vertex   -4.353553e+00 1.200000e+00 -2.965404e+00
    endloop
  endfacet
  facet normal 0.000000e+00 1.000000e+00 0.000000e+00
    outer loop
      vertex   -4.884265e+00 1.200000e+00 -2.889636e+00
      vertex   -4.353553e+00 1.200000e+00 -2.965404e+00
      vertex   -4.946447e+00 1.200000e+00 -2.965404e+00
    endloop
  endfacet
  facet normal -0.000000e+00 1.000000e+00 0.000000e+00
    outer loop
      vertex   -4.946447e+00 1.200000e+00 -2.965404e+00
      vertex   -4.353553e+00 1.200000e+00 -2.965404e+00
      vertex   -4.277785e+00 1.200000e+00 -3.027586e+00
    endloop
  endfacet
  facet normal 0.000000e+00 1.000000e+00 0.000000e+00
    outer loop
      vertex   -4.946447e+00 1.200000e+00 -2.965404e+00
      vertex   -4.277785e+00 1.200000e+00 -3.027586e+00
      vertex   -5.022215e+00 1.200000e+00 -3.027586e+00
    endloop
  endfacet
  facet normal 0.000000e+00 1.000000e+00 0.000000e+00
    outer loop
      vertex   -5.022215e+00 1.200000e+00 -3.027586e+00
      vertex   -4.277785e+00 1.200000e+00 -3.027586e+00
      vertex   -4.191342e+00 1.200000e+00 -3.073791e+00
    endloop
  endfacet
  facet normal 0.000000e+00 1.000000e+00 0.000000e+00
    outer loop
      vertex   -5.022215e+00 1.200000e+00 -3.027586e+00
      vertex   -4.191342e+00 1.200000e+00 -3.073791e+00
      vertex   -5.108658e+00 1.200000e+00 -3.073791e+00
    endloop
  endfacet
  facet normal -0.000000e+00 1.000000e+00 0.000000e+00
    outer loop
      vertex   -5.108658e+00 1.200000e+00 -3.073791e+00
      vertex   -4.191342e+00 1.200000e+00 -3.073791e+00
      vertex   -4.097545e+00 1.200000e+00 -3.102243e+00
    endloop
  endfacet
  facet normal 0.000000e+00 1.000000e+00 0.000000e+00
    outer loop
      vertex   -5.108658e+00 1.200000e+00 -3.073791e+00
      vertex   -4.097545e+00 1.200000e+00 -3.102243e+00
      vertex   -5.202455e+00 1.200000e+00 -3.102243e+00
    endloop
  endfacet
  facet normal 0.000000e+00 1.000000e+00 0.000000e+00
    outer loop
      vertex   -5.202455e+00 1.200000e+00 -3.102243e+00
      vertex   -4.097545e+00 1.200000e+00 -3.102243e+00
      vertex   -6.100000e+00 1.200000e+00 -6.000000e+00
    endloop
  endfacet
  facet normal 0.000000e+00 1.000000e+00 0.000000e+00
    outer loop
      vertex   -5.202455e+00 1.200000e+00 -3.102243e+00
      vertex   -6.100000e+00 1.200000e+00 -6.000000e+00
      vertex   -5.300000e+00 1.200000e+00 -3.111851e+00
    endloop
  endfacet
  facet normal 0.000000e+00 1.000000e+00 0.000000e+00
    outer loop
      vertex   -5.300000e+00 1.200000e+00 -3.111851e+00
      vertex   -6.100000e+00 1.200000e+00 -6.000000e+00
      vertex   -7.100000e+00 1.200000e+00 -5.000000e+00
    endloop
  endfacet
  facet normal 0.000000e+00 1.000000e+00 0.000000e+00
    outer loop
      vertex   -5.300000e+00 1.200000e+00 -3.111851e+00
      vertex   -7.100000e+00 1.200000e+00 -5.000000e+00
      vertex   -5.900000e+00 1.200000e+00 -3.111851e+00
    endloop
  endfacet
  facet normal 0.000000e+00 1.000000e+00 0.000000e+00
    outer loop
      vertex   -5.900000e+00 1.200000e+00 -3.111851e+00
      vertex   -7.100000e+00 1.200000e+00 -5.000000e+00
      vertex   -5.997545e+00 1.200000e+00 -3.102243e+00
    endloop
  endfacet
  facet normal 0.000000e+00 1.000000e+00 0.000000e+00
    outer loop
      vertex   -5.997545e+00 1.200000e+00 -3.102243e+00
      vertex   -7.100000e+00 1.200000e+00 -5.000000e+00
      vertex   -6.091342e+00 1.200000e+00 -3.073791e+00
    endloop
  endfacet
  facet normal 0.000000e+00 1.000000e+00 0.000000e+00
    outer loop
      vertex   -6.091342e+00 1.200000e+00 -3.073791e+00
      vertex   -7.100000e+00 1.200000e+00 -5.000000e+00
      vertex   -6.177785e+00 1.200000e+00 -3.027586e+00
    endloop
  endfacet
  facet normal 0.000000e+00 1.000000e+00 0.000000e+00
    outer loop
      vertex   -6.177785e+00 1.200000e+00 -3.027586e+00
      vertex   -7.100000e+00 1.200000e+00 -5.000000e+00
      vertex   -6.253553e+00 1.200000e+00 -2.965404e+00
    endloop
  endfacet
  facet normal 0.000000e+00 1.000000e+00 0.000000e+00
    outer loop
      vertex   -6.253553e+00 1.200000e+00 -2.965404e+00
      vertex   -7.100000e+00 1.200000e+00 -5.000000e+00
      vertex   -6.315735e+00 1.200000e+00 -2.889636e+00
    endloop
  endfacet
  facet normal 0.000000e+00 1.000000e+00 0.000000e+00
    outer loop
      vertex   -6.315735e+00 1.200000e+00 -2.889636e+00
      vertex   -7.100000e+00 1.200000e+00 -5.000000e+00
      vertex   -6.361940e+00 1.200000e+00 -2.803193e+00
    endloop
  endfacet
  facet normal 0.000000e+00 1.000000e+00 0.000000e+00
    outer loop
      vertex   -6.361940e+00 1.200000e+00 -2.803193e+00
      vertex   -7.100000e+00 1.200000e+00 -5.000000e+00
      vertex   -6.390393e+00 1.200000e+00 -2.709396e+00
    endloop
  endfacet
  facet normal 0.000000e+00 1.000000e+00 0.000000e+00
    outer loop
      vertex   -6.390393e+00 1.200000e+00 -2.709396e+00
      vertex   -7.100000e+00 1.200000e+00 -5.000000e+00
      vertex   -6.400000e+00 1.200000e+00 -2.611851e+00
    endloop
  endfacet
  facet normal 0.000000e+00 1.000000e+00 0.000000e+00
    outer loop
      vertex   -6.400000e+00 1.200000e+00 -2.611851e+00
      vertex   -7.100000e+00 1.200000e+00 -5.000000e+00
      vertex   -7.100000e+00 1.200000e+00 5.000000e+00
    endloop
  endfacet
  facet normal 0.000000e+00 1.000000e+00 -0.000000e+00
    outer loop
      vertex   -6.400000e+00 1.200000e+00 -2.611851e+00
      vertex   -7.100000e+00 1.200000e+00 5.000000e+00
      vertex   -6.400000e+00 1.200000e+00 2.905102e+00
    endloop
  endfacet
  facet normal 0.000000e+00 1.000000e+00 -0.000000e+00
    outer loop
      vertex   -6.400000e+00 1.200000e+00 2.905102e+00
      vertex   -7.100000e+00 1.200000e+00 5.000000e+00
      vertex   -6.390393e+00 1.200000e+00 3.002647e+00
    endloop
  endfacet
  facet normal 0.000000e+00 1.000000e+00 -0.000000e+00
    outer loop
      vertex   -6.390393e+00 1.200000e+00 3.002647e+00
      vertex   -7.100000e+00 1.200000e+00 5.000000e+00
      vertex   -6.361940e+00 1.200000e+00 3.096444e+00
    endloop
  endfacet
  facet normal 0.000000e+00 1.000000e+00 -0.000000e+00
    outer loop
      vertex   -6.361940e+00 1.200000e+00 3.096444e+00
      vertex   -7.100000e+00 1.200000e+00 5.000000e+00
      vertex   -6.315735e+00 1.200000e+00 3.182887e+00
    endloop
  endfacet
  facet normal 0.000000e+00 1.000000e+00 -0.000000e+00
    outer loop
      vertex   -6.315735e+00 1.200000e+00 3.182887e+00
      vertex   -7.100000e+00 1.200000e+00 5.000000e+00
      vertex   -6.253553e+00 1.200000e+00 3.258655e+00
    endloop
  endfacet
  facet normal 0.000000e+00 1.000000e+00 -0.000000e+00
    outer loop
      vertex   -6.253553e+00 1.200000e+00 3.258655e+00
      vertex   -7.100000e+00 1.200000e+00 5.000000e+00
      vertex   -6.177785e+00 1.200000e+00 3.320837e+00
    endloop
  endfacet
  facet normal 0.000000e+00 1.000000e+00 -0.000000e+00
    outer loop
      vertex   -6.177785e+00 1.200000e+00 3.320837e+00
      vertex   -7.100000e+00 1.200000e+00 5.000000e+00
      vertex   -6.091342e+00 1.200000e+00 3.367042e+00
    endloop
  endfacet
  facet normal 0.000000e+00 1.000000e+00 -0.000000e+00
    outer loop
      vertex   -6.091342e+00 1.200000e+00 3.367042e+00
      vertex   -7.100000e+00 1.200000e+00 5.000000e+00
      vertex   -5.997545e+00 1.200000e+00 3.395495e+00
    endloop
  endfacet
  facet normal 0.000000e+00 1.000000e+00 -0.000000e+00
    outer loop
      vertex   -5.997545e+00 1.200000e+00 3.395495e+00
      vertex   -7.100000e+00 1.200000e+00 5.000000e+00
      vertex   -5.900000e+00 1.200000e+00 3.405102e+00
    endloop
  endfacet
  facet normal 0.000000e+00 1.000000e+00 0.000000e+00
    outer loop
      vertex   -5.900000e+00 1.200000e+00 3.405102e+00
      vertex   -7.100000e+00 1.200000e+00 5.000000e+00
      vertex   -6.100000e+00 1.200000e+00 6.000000e+00
    endloop
  endfacet
  facet normal 0.000000e+00 1.000000e+00 -0.000000e+00
    outer loop
      vertex   -5.900000e+00 1.200000e+00 3.405102e+00
      vertex   -6.100000e+00 1.200000e+00 6.000000e+00
      vertex   5.900000e+00 1.200000e+00 3.405102e+00
    endloop
  endfacet
  facet normal 0.000000e+00 1.000000e+00 -0.000000e+00
    outer loop
      vertex   5.900000e+00 1.200000e+00 3.405102e+00
      vertex   -6.100000e+00 1.200000e+00 6.000000e+00
      vertex   6.100000e+00 1.200000e+00 6.000000e+00
    endloop
  endfacet
  facet normal 0.000000e+00 1.000000e+00 0.000000e+00
    outer loop
      vertex   5.900000e+00 1.200000e+00 3.405102e+00
      vertex   6.100000e+00 1.200000e+00 6.000000e+00
      vertex   7.100000e+00 1.200000e+00 5.000000e+00
    endloop
  endfacet
  facet normal 0.000000e+00 1.000000e+00 0.000000e+00
    outer loop
      vertex   7.100000e+00 1.200000e+00 5.000000e+00
      vertex   6.100000e+00 1.200000e+00 6.000000e+00
      vertex   7.089821e+00 1.200000e+00 5.142315e+00
    endloop
  endfacet
  facet normal 0.000000e+00 1.000000e+00 0.000000e+00
    outer loop
      vertex   7.089821e+00 1.200000e+00 5.142315e+00
      vertex   6.100000e+00 1.200000e+00 6.000000e+00
      vertex   7.059493e+00 1.200000e+00 5.281733e+00
    endloop
  endfacet
  facet normal 0.000000e+00 1.000000e+00 0.000000e+00
    outer loop
      vertex   7.059493e+00 1.200000e+00 5.281733e+00
      vertex   6.100000e+00 1.200000e+00 6.000000e+00
      vertex   7.009632e+00 1.200000e+00 5.415415e+00
    endloop
  endfacet
  facet normal 0.000000e+00 1.000000e+00 0.000000e+00
    outer loop
      vertex   7.009632e+00 1.200000e+00 5.415415e+00
      vertex   6.100000e+00 1.200000e+00 6.000000e+00
      vertex   6.941254e+00 1.200000e+00 5.540641e+00
    endloop
  endfacet
  facet normal 0.000000e+00 1.000000e+00 0.000000e+00
    outer loop
      vertex   6.941254e+00 1.200000e+00 5.540641e+00
      vertex   6.100000e+00 1.200000e+00 6.000000e+00
      vertex   6.855750e+00 1.200000e+00 5.654861e+00
    endloop
  endfacet
  facet normal 0.000000e+00 1.000000e+00 0.000000e+00
    outer loop
      vertex   6.855750e+00 1.200000e+00 5.654861e+00
      vertex   6.100000e+00 1.200000e+00 6.000000e+00
      vertex   6.754861e+00 1.200000e+00 5.755750e+00
    endloop
  endfacet
  facet normal 0.000000e+00 1.000000e+00 0.000000e+00
    outer loop
      vertex   6.754861e+00 1.200000e+00 5.755750e+00
      vertex   6.100000e+00 1.200000e+00 6.000000e+00
      vertex   6.640641e+00 1.200000e+00 5.841254e+00
    endloop
  endfacet
  facet normal 0.000000e+00 1.000000e+00 0.000000e+00
    outer loop
      vertex   6.640641e+00 1.200000e+00 5.841254e+00
      vertex   6.100000e+00 1.200000e+00 6.000000e+00
      vertex   6.515415e+00 1.200000e+00 5.909632e+00
    endloop
  endfacet
  facet normal 0.000000e+00 1.000000e+00 0.000000e+00
    outer loop
      vertex   6.515415e+00 1.200000e+00 5.909632e+00
      vertex   6.100000e+00 1.200000e+00 6.000000e+00
      vertex   6.381733e+00 1.200000e+00 5.959493e+00
    endloop
  endfacet
  facet normal 0.000000e+00 1.000000e+00 0.000000e+00
    outer loop
      vertex   6.381733e+00 1.200000e+00 5.959493e+00
      vertex   6.100000e+00 1.200000e+00 6.000000e+00
      vertex   6.242315e+00 1.200000e+00 5.989821e+00
    endloop
  endfacet
  facet normal 0.000000e+00 1.000000e+00 0.000000e+00
    outer loop
      vertex   -4.097545e+00 1.200000e+00 -3.102243e+00
      vertex   -4.000000e+00 1.200000e+00 -3.111851e+00
      vertex   -6.100000e+00 1.200000e+00 -6.000000e+00
    endloop
  endfacet
  facet normal 0.000000e+00 1.000000e+00 0.000000e+00
    outer loop
      vertex   -6.100000e+00 1.200000e+00 -6.000000e+00
      vertex   -4.000000e+00 1.200000e+00 -3.111851e+00
      vertex   4.000000e+00 1.200000e+00 -3.111851e+00
    endloop
  endfacet
  facet normal 0.000000e+00 1.000000e+00 0.000000e+00
    outer loop
      vertex   -6.100000e+00 1.200000e+00 -6.000000e+00
      vertex   4.000000e+00 1.200000e+00 -3.111851e+00
      vertex   6.100000e+00 1.200000e+00 -6.000000e+00
    endloop
  endfacet
  facet normal 0.000000e+00 1.000000e+00 0.000000e+00
    outer loop
      vertex   6.100000e+00 1.200000e+00 -6.000000e+00
      vertex   4.000000e+00 1.200000e+00 -3.111851e+00
      vertex   4.097545e+00 1.200000e+00 -3.102243e+00
    endloop
  endfacet
  facet normal 0.000000e+00 1.000000e+00 0.000000e+00
    outer loop
      vertex   6.100000e+00 1.200000e+00 -6.000000e+00
      vertex   4.097545e+00 1.200000e+00 -3.102243e+00
      vertex   5.202455e+00 1.200000e+00 -3.102243e+00
    endloop
  endfacet
  facet normal 0.000000e+00 1.000000e+00 0.000000e+00
    outer loop
      vertex   5.202455e+00 1.200000e+00 -3.102243e+00
      vertex   4.097545e+00 1.200000e+00 -3.102243e+00
      vertex   5.108658e+00 1.200000e+00 -3.073791e+00
    endloop
  endfacet
  facet normal 0.000000e+00 1.000000e+00 0.000000e+00
    outer loop
      vertex   5.108658e+00 1.200000e+00 -3.073791e+00
      vertex   4.097545e+00 1.200000e+00 -3.102243e+00
      vertex   4.191342e+00 1.200000e+00 -3.073791e+00
    endloop
  endfacet
  facet normal 0.000000e+00 1.000000e+00 0.000000e+00
    outer loop
      vertex   5.108658e+00 1.200000e+00 -3.073791e+00
      vertex   4.191342e+00 1.200000e+00 -3.073791e+00
      vertex   5.022215e+00 1.200000e+00 -3.027586e+00
    endloop
  endfacet
  facet normal 0.000000e+00 1.000000e+00 0.000000e+00
    outer loop
      vertex   5.022215e+00 1.200000e+00 -3.027586e+00
      vertex   4.191342e+00 1.200000e+00 -3.073791e+00
      vertex   4.277785e+00 1.200000e+00 -3.027586e+00
    endloop
  endfacet
  facet normal 0.000000e+00 1.000000e+00 0.000000e+00
    outer loop
      vertex   5.022215e+00 1.200000e+00 -3.027586e+00
      vertex   4.277785e+00 1.200000e+00 -3.027586e+00
      vertex   4.946447e+00 1.200000e+00 -2.965404e+00
    endloop
  endfacet
  facet normal 0.000000e+00 1.000000e+00 0.000000e+00
    outer loop
      vertex   4.946447e+00 1.200000e+00 -2.965404e+00
      vertex   4.277785e+00 1.200000e+00 -3.027586e+00
      vertex   4.353553e+00 1.200000e+00 -2.965404e+00
    endloop
  endfacet
  facet normal 0.000000e+00 1.000000e+00 0.000000e+00
    outer loop
      vertex   4.946447e+00 1.200000e+00 -2.965404e+00
      vertex   4.353553e+00 1.200000e+00 -2.965404e+00
      vertex   4.884265e+00 1.200000e+00 -2.889636e+00
    endloop
  endfacet
  facet normal 0.000000e+00 1.000000e+00 0.000000e+00
    outer loop
      vertex   4.884265e+00 1.200000e+00 -2.889636e+00
      vertex   4.353553e+00 1.200000e+00 -2.965404e+00
      vertex   4.415735e+00 1.200000e+00 -2.889636e+00
    endloop
  endfacet
  facet normal 0.000000e+00 1.000000e+00 0.000000e+00
    outer loop
      vertex   4.884265e+00 1.200000e+00 -2.889636e+00
      vertex   4.415735e+00 1.200000e+00 -2.889636e+00
      vertex   4.838060e+00 1.200000e+00 -2.803193e+00
    endloop
  endfacet
  facet normal 0.000000e+00 1.000000e+00 0.000000e+00
    outer loop
      vertex   4.838060e+00 1.200000e+00 -2.803193e+00
      vertex   4.415735e+00 1.200000e+00 -2.889636e+00
      vertex   4.461940e+00 1.200000e+00 -2.803193e+00
    endloop
  endfacet
  facet normal 0.000000e+00 1.000000e+00 0.000000e+00
    outer loop
      vertex   4.838060e+00 1.200000e+00 -2.803193e+00
      vertex   4.461940e+00 1.200000e+00 -2.803193e+00
      vertex   4.809607e+00 1.200000e+00 -2.709396e+00
    endloop
  endfacet
  facet normal 0.000000e+00 1.000000e+00 0.000000e+00
    outer loop
      vertex   4.809607e+00 1.200000e+00 -2.709396e+00
      vertex   4.461940e+00 1.200000e+00 -2.803193e+00
      vertex   4.490393e+00 1.200000e+00 -2.709396e+00
    endloop
  endfacet
  facet normal 0.000000e+00 1.000000e+00 0.000000e+00
    outer loop
      vertex   4.809607e+00 1.200000e+00 -2.709396e+00
      vertex   4.490393e+00 1.200000e+00 -2.709396e+00
      vertex   4.800000e+00 1.200000e+00 -2.611851e+00
    endloop
  endfacet
  facet normal 0.000000e+00 1.000000e+00 0.000000e+00
    outer loop
      vertex   4.800000e+00 1.200000e+00 -2.611851e+00
      vertex   4.490393e+00 1.200000e+00 -2.709396e+00
      vertex   4.500000e+00 1.200000e+00 -2.611851e+00
    endloop
  endfacet
  facet normal 0.000000e+00 1.000000e+00 0.000000e+00
    outer loop
      vertex   4.800000e+00 1.200000e+00 -2.611851e+00
      vertex   4.500000e+00 1.200000e+00 -2.611851e+00
      vertex   4.500000e+00 1.200000e+00 -2.411851e+00
    endloop
  endfacet
  facet normal 0.000000e+00 1.000000e+00 -0.000000e+00
    outer loop
      vertex   4.800000e+00 1.200000e+00 -2.611851e+00
      vertex   4.500000e+00 1.200000e+00 -2.411851e+00
      vertex   4.800000e+00 1.200000e+00 -2.400000e+00
    endloop
  endfacet
  facet normal 0.000000e+00 1.000000e+00 0.000000e+00
    outer loop
      vertex   4.800000e+00 1.200000e+00 -2.400000e+00
      vertex   4.500000e+00 1.200000e+00 -2.411851e+00
      vertex   4.490393e+00 1.200000e+00 -2.314306e+00
    endloop
  endfacet
  facet normal 0.000000e+00 1.000000e+00 -0.000000e+00
    outer loop
      vertex   4.800000e+00 1.200000e+00 -2.400000e+00
      vertex   4.490393e+00 1.200000e+00 -2.314306e+00
      vertex   4.811459e+00 1.200000e+00 -2.293570e+00
    endloop
  endfacet
  facet normal 0.000000e+00 1.000000e+00 0.000000e+00
    outer loop
      vertex   4.811459e+00 1.200000e+00 -2.293570e+00
      vertex   4.490393e+00 1.200000e+00 -2.314306e+00
      vertex   4.461940e+00 1.200000e+00 -2.220509e+00
    endloop
  endfacet
  facet normal 0.000000e+00 1.000000e+00 -0.000000e+00
    outer loop
      vertex   4.811459e+00 1.200000e+00 -2.293570e+00
      vertex   4.461940e+00 1.200000e+00 -2.220509e+00
      vertex   4.845309e+00 1.200000e+00 -2.192019e+00
    endloop
  endfacet
  facet normal 0.000000e+00 1.000000e+00 0.000000e+00
    outer loop
      vertex   4.845309e+00 1.200000e+00 -2.192019e+00
      vertex   4.461940e+00 1.200000e+00 -2.220509e+00
      vertex   4.415735e+00 1.200000e+00 -2.134066e+00
    endloop
  endfacet
  facet normal 0.000000e+00 1.000000e+00 -0.000000e+00
    outer loop
      vertex   4.845309e+00 1.200000e+00 -2.192019e+00
      vertex   4.415735e+00 1.200000e+00 -2.134066e+00
      vertex   4.900000e+00 1.200000e+00 -2.100000e+00
    endloop
  endfacet
  facet normal 0.000000e+00 1.000000e+00 0.000000e+00
    outer loop
      vertex   4.900000e+00 1.200000e+00 -2.100000e+00
      vertex   4.415735e+00 1.200000e+00 -2.134066e+00
      vertex   4.353553e+00 1.200000e+00 -2.058297e+00
    endloop
  endfacet
  facet normal 0.000000e+00 1.000000e+00 0.000000e+00
    outer loop
      vertex   4.900000e+00 1.200000e+00 -2.100000e+00
      vertex   4.353553e+00 1.200000e+00 -2.058297e+00
      vertex   4.277785e+00 1.200000e+00 -1.996116e+00
    endloop
  endfacet
  facet normal -0.000000e+00 1.000000e+00 -0.000000e+00
    outer loop
      vertex   4.191342e+00 1.200000e+00 -1.949911e+00
      vertex   4.153456e+00 1.200000e+00 -1.446388e+00
      vertex   4.277785e+00 1.200000e+00 -1.996116e+00
    endloop
  endfacet
  facet normal 0.000000e+00 1.000000e+00 -0.000000e+00
    outer loop
      vertex   4.277785e+00 1.200000e+00 -1.996116e+00
      vertex   4.153456e+00 1.200000e+00 -1.446388e+00
      vertex   4.308148e+00 1.200000e+00 -1.308148e+00
    endloop
  endfacet
  facet normal -0.000000e+00 1.000000e+00 0.000000e+00
    outer loop
      vertex   4.277785e+00 1.200000e+00 -1.996116e+00
      vertex   4.308148e+00 1.200000e+00 -1.308148e+00
      vertex   4.900000e+00 1.200000e+00 -2.100000e+00
    endloop
  endfacet
  facet normal 0.000000e+00 1.000000e+00 0.000000e+00
    outer loop
      vertex   4.900000e+00 1.200000e+00 -2.100000e+00
      vertex   4.308148e+00 1.200000e+00 -1.308148e+00
      vertex   4.446388e+00 1.200000e+00 -1.153456e+00
    endloop
  endfacet
  facet normal 0.000000e+00 1.000000e+00 0.000000e+00
    outer loop
      vertex   4.900000e+00 1.200000e+00 -2.100000e+00
      vertex   4.446388e+00 1.200000e+00 -1.153456e+00
      vertex   4.566440e+00 1.200000e+00 -9.842593e-01
    endloop
  endfacet
  facet normal 0.000000e+00 1.000000e+00 0.000000e+00
    outer loop
      vertex   4.191342e+00 1.200000e+00 -1.949911e+00
      vertex   4.097545e+00 1.200000e+00 -1.921458e+00
      vertex   4.153456e+00 1.200000e+00 -1.446388e+00
    endloop
  endfacet
  facet normal 0.000000e+00 1.000000e+00 0.000000e+00
    outer loop
      vertex   4.153456e+00 1.200000e+00 -1.446388e+00
      vertex   4.097545e+00 1.200000e+00 -1.921458e+00
      vertex   3.984259e+00 1.200000e+00 -1.566440e+00
    endloop
  endfacet
  facet normal 0.000000e+00 1.000000e+00 0.000000e+00
    outer loop
      vertex   3.984259e+00 1.200000e+00 -1.566440e+00
      vertex   4.097545e+00 1.200000e+00 -1.921458e+00
      vertex   4.000000e+00 1.200000e+00 -1.911851e+00
    endloop
  endfacet
  facet normal 0.000000e+00 1.000000e+00 0.000000e+00
    outer loop
      vertex   3.984259e+00 1.200000e+00 -1.566440e+00
      vertex   4.000000e+00 1.200000e+00 -1.911851e+00
      vertex   3.802685e+00 1.200000e+00 -1.666792e+00
    endloop
  endfacet
  facet normal 0.000000e+00 1.000000e+00 0.000000e+00
    outer loop
      vertex   3.802685e+00 1.200000e+00 -1.666792e+00
      vertex   4.000000e+00 1.200000e+00 -1.911851e+00
      vertex   3.611016e+00 1.200000e+00 -1.746184e+00
    endloop
  endfacet
  facet normal 0.000000e+00 1.000000e+00 0.000000e+00
    outer loop
      vertex   3.611016e+00 1.200000e+00 -1.746184e+00
      vertex   4.000000e+00 1.200000e+00 -1.911851e+00
      vertex   3.411664e+00 1.200000e+00 -1.803617e+00
    endloop
  endfacet
  facet normal 0.000000e+00 1.000000e+00 0.000000e+00
    outer loop
      vertex   3.411664e+00 1.200000e+00 -1.803617e+00
      vertex   4.000000e+00 1.200000e+00 -1.911851e+00
      vertex   3.207134e+00 1.200000e+00 -1.838368e+00
    endloop
  endfacet
  facet normal 0.000000e+00 1.000000e+00 0.000000e+00
    outer loop
      vertex   3.207134e+00 1.200000e+00 -1.838368e+00
      vertex   4.000000e+00 1.200000e+00 -1.911851e+00
      vertex   3.000000e+00 1.200000e+00 -1.850000e+00
    endloop
  endfacet
  facet normal 0.000000e+00 1.000000e+00 0.000000e+00
    outer loop
      vertex   3.000000e+00 1.200000e+00 -1.850000e+00
      vertex   4.000000e+00 1.200000e+00 -1.911851e+00
      vertex   -4.000000e+00 1.200000e+00 -1.911851e+00
    endloop
  endfacet
  facet normal 0.000000e+00 1.000000e+00 0.000000e+00
    outer loop
      vertex   3.000000e+00 1.200000e+00 -1.850000e+00
      vertex   -4.000000e+00 1.200000e+00 -1.911851e+00
      vertex   -3.000000e+00 1.200000e+00 -1.850000e+00
    endloop
  endfacet
  facet normal 0.000000e+00 1.000000e+00 0.000000e+00
    outer loop
      vertex   -3.000000e+00 1.200000e+00 -1.850000e+00
      vertex   -4.000000e+00 1.200000e+00 -1.911851e+00
      vertex   -3.207134e+00 1.200000e+00 -1.838368e+00
    endloop
  endfacet
  facet normal 0.000000e+00 1.000000e+00 0.000000e+00
    outer loop
      vertex   -3.207134e+00 1.200000e+00 -1.838368e+00
      vertex   -4.000000e+00 1.200000e+00 -1.911851e+00
      vertex   -3.411664e+00 1.200000e+00 -1.803617e+00
    endloop
  endfacet
  facet normal 0.000000e+00 1.000000e+00 0.000000e+00
    outer loop
      vertex   -3.411664e+00 1.200000e+00 -1.803617e+00
      vertex   -4.000000e+00 1.200000e+00 -1.911851e+00
      vertex   -3.611016e+00 1.200000e+00 -1.746184e+00
    endloop
  endfacet
  facet normal 0.000000e+00 1.000000e+00 0.000000e+00
    outer loop
      vertex   -3.611016e+00 1.200000e+00 -1.746184e+00
      vertex   -4.000000e+00 1.200000e+00 -1.911851e+00
      vertex   -3.802685e+00 1.200000e+00 -1.666792e+00
    endloop
  endfacet
  facet normal 0.000000e+00 1.000000e+00 0.000000e+00
    outer loop
      vertex   -3.802685e+00 1.200000e+00 -1.666792e+00
      vertex   -4.000000e+00 1.200000e+00 -1.911851e+00
      vertex   -3.984259e+00 1.200000e+00 -1.566440e+00
    endloop
  endfacet
  facet normal 0.000000e+00 1.000000e+00 0.000000e+00
    outer loop
      vertex   -3.984259e+00 1.200000e+00 -1.566440e+00
      vertex   -4.000000e+00 1.200000e+00 -1.911851e+00
      vertex   -4.097545e+00 1.200000e+00 -1.921458e+00
    endloop
  endfacet
  facet normal 0.000000e+00 1.000000e+00 0.000000e+00
    outer loop
      vertex   -3.984259e+00 1.200000e+00 -1.566440e+00
      vertex   -4.097545e+00 1.200000e+00 -1.921458e+00
      vertex   -4.153456e+00 1.200000e+00 -1.446388e+00
    endloop
  endfacet
  facet normal 0.000000e+00 1.000000e+00 0.000000e+00
    outer loop
      vertex   -4.153456e+00 1.200000e+00 -1.446388e+00
      vertex   -4.097545e+00 1.200000e+00 -1.921458e+00
      vertex   -4.191342e+00 1.200000e+00 -1.949911e+00
    endloop
  endfacet
  facet normal 0.000000e+00 1.000000e+00 0.000000e+00
    outer loop
      vertex   -4.153456e+00 1.200000e+00 -1.446388e+00
      vertex   -4.191342e+00 1.200000e+00 -1.949911e+00
      vertex   -4.277785e+00 1.200000e+00 -1.996116e+00
    endloop
  endfacet
  facet normal -0.000000e+00 1.000000e+00 0.000000e+00
    outer loop
      vertex   6.400000e+00 1.200000e+00 2.905102e+00
      vertex   7.100000e+00 1.200000e+00 5.000000e+00
      vertex   6.400000e+00 1.200000e+00 -2.611851e+00
    endloop
  endfacet
  facet normal -0.000000e+00 1.000000e+00 0.000000e+00
    outer loop
      vertex   6.400000e+00 1.200000e+00 -2.611851e+00
      vertex   7.100000e+00 1.200000e+00 5.000000e+00
      vertex   7.100000e+00 1.200000e+00 -5.000000e+00
    endloop
  endfacet
  facet normal 0.000000e+00 1.000000e+00 0.000000e+00
    outer loop
      vertex   6.400000e+00 1.200000e+00 -2.611851e+00
      vertex   7.100000e+00 1.200000e+00 -5.000000e+00
      vertex   6.390393e+00 1.200000e+00 -2.709396e+00
    endloop
  endfacet
  facet normal 0.000000e+00 1.000000e+00 0.000000e+00
    outer loop
      vertex   6.390393e+00 1.200000e+00 -2.709396e+00
      vertex   7.100000e+00 1.200000e+00 -5.000000e+00
      vertex   6.361940e+00 1.200000e+00 -2.803193e+00
    endloop
  endfacet
  facet normal 0.000000e+00 1.000000e+00 0.000000e+00
    outer loop
      vertex   6.361940e+00 1.200000e+00 -2.803193e+00
      vertex   7.100000e+00 1.200000e+00 -5.000000e+00
      vertex   6.315735e+00 1.200000e+00 -2.889636e+00
    endloop
  endfacet
  facet normal 0.000000e+00 1.000000e+00 0.000000e+00
    outer loop
      vertex   6.315735e+00 1.200000e+00 -2.889636e+00
      vertex   7.100000e+00 1.200000e+00 -5.000000e+00
      vertex   6.253553e+00 1.200000e+00 -2.965404e+00
    endloop
  endfacet
  facet normal 0.000000e+00 1.000000e+00 0.000000e+00
    outer loop
      vertex   6.253553e+00 1.200000e+00 -2.965404e+00
      vertex   7.100000e+00 1.200000e+00 -5.000000e+00
      vertex   6.177785e+00 1.200000e+00 -3.027586e+00
    endloop
  endfacet
  facet normal 0.000000e+00 1.000000e+00 0.000000e+00
    outer loop
      vertex   6.177785e+00 1.200000e+00 -3.027586e+00
      vertex   7.100000e+00 1.200000e+00 -5.000000e+00
      vertex   6.091342e+00 1.200000e+00 -3.073791e+00
    endloop
  endfacet
  facet normal 0.000000e+00 1.000000e+00 0.000000e+00
    outer loop
      vertex   6.091342e+00 1.200000e+00 -3.073791e+00
      vertex   7.100000e+00 1.200000e+00 -5.000000e+00
      vertex   5.997545e+00 1.200000e+00 -3.102243e+00
    endloop
  endfacet
  facet normal 0.000000e+00 1.000000e+00 0.000000e+00
    outer loop
      vertex   5.997545e+00 1.200000e+00 -3.102243e+00
      vertex   7.100000e+00 1.200000e+00 -5.000000e+00
      vertex   5.900000e+00 1.200000e+00 -3.111851e+00
    endloop
  endfacet
  facet normal 0.000000e+00 1.000000e+00 0.000000e+00
    outer loop
      vertex   5.900000e+00 1.200000e+00 -3.111851e+00
      vertex   7.100000e+00 1.200000e+00 -5.000000e+00
      vertex   5.300000e+00 1.200000e+00 -3.111851e+00
    endloop
  endfacet
  facet normal 0.000000e+00 1.000000e+00 0.000000e+00
    outer loop
      vertex   5.300000e+00 1.200000e+00 -3.111851e+00
      vertex   7.100000e+00 1.200000e+00 -5.000000e+00
      vertex   6.100000e+00 1.200000e+00 -6.000000e+00
    endloop
  endfacet
  facet normal 0.000000e+00 1.000000e+00 0.000000e+00
    outer loop
      vertex   5.300000e+00 1.200000e+00 -3.111851e+00
      vertex   6.100000e+00 1.200000e+00 -6.000000e+00
      vertex   5.202455e+00 1.200000e+00 -3.102243e+00
    endloop
  endfacet
  facet normal 0.000000e+00 1.000000e+00 -0.000000e+00
    outer loop
      vertex   6.400000e+00 1.200000e+00 2.905102e+00
      vertex   6.390393e+00 1.200000e+00 3.002647e+00
      vertex   7.100000e+00 1.200000e+00 5.000000e+00
    endloop
  endfacet
  facet normal 0.000000e+00 1.000000e+00 0.000000e+00
    outer loop
      vertex   7.100000e+00 1.200000e+00 5.000000e+00
      vertex   6.390393e+00 1.200000e+00 3.002647e+00
      vertex   6.361940e+00 1.200000e+00 3.096444e+00
    endloop
  endfacet
  facet normal 0.000000e+00 1.000000e+00 0.000000e+00
    outer loop
      vertex   7.100000e+00 1.200000e+00 5.000000e+00
      vertex   6.361940e+00 1.200000e+00 3.096444e+00
      vertex   6.315735e+00 1.200000e+00 3.182887e+00
    endloop
  endfacet
  facet normal 0.000000e+00 1.000000e+00 -0.000000e+00
    outer loop
      vertex   6.315735e+00 1.200000e+00 3.182887e+00
      vertex   6.253553e+00 1.200000e+00 3.258655e+00
      vertex   7.100000e+00 1.200000e+00 5.000000e+00
    endloop
  endfacet
  facet normal 0.000000e+00 1.000000e+00 0.000000e+00
    outer loop
      vertex   7.100000e+00 1.200000e+00 5.000000e+00
      vertex   6.253553e+00 1.200000e+00 3.258655e+00
      vertex   6.177785e+00 1.200000e+00 3.320837e+00
    endloop
  endfacet
  facet normal 0.000000e+00 1.000000e+00 0.000000e+00
    outer loop
      vertex   7.100000e+00 1.200000e+00 5.000000e+00
      vertex   6.177785e+00 1.200000e+00 3.320837e+00
      vertex   6.091342e+00 1.200000e+00 3.367042e+00
    endloop
  endfacet
  facet normal 0.000000e+00 1.000000e+00 -0.000000e+00
    outer loop
      vertex   6.091342e+00 1.200000e+00 3.367042e+00
      vertex   5.997545e+00 1.200000e+00 3.395495e+00
      vertex   7.100000e+00 1.200000e+00 5.000000e+00
    endloop
  endfacet
  facet normal 0.000000e+00 1.000000e+00 0.000000e+00
    outer loop
      vertex   7.100000e+00 1.200000e+00 5.000000e+00
      vertex   5.997545e+00 1.200000e+00 3.395495e+00
      vertex   5.900000e+00 1.200000e+00 3.405102e+00
    endloop
  endfacet
  facet normal 0.000000e+00 1.000000e+00 0.000000e+00
    outer loop
      vertex   -4.900000e+00 1.200000e+00 1.905102e+00
      vertex   -4.850000e+00 1.200000e+00 1.642759e-16
      vertex   -4.900000e+00 1.200000e+00 -2.100000e+00
    endloop
  endfacet
  facet normal 0.000000e+00 1.000000e+00 0.000000e+00
    outer loop
      vertex   -4.900000e+00 1.200000e+00 -2.100000e+00
      vertex   -4.850000e+00 1.200000e+00 1.642759e-16
      vertex   -4.838368e+00 1.200000e+00 -2.071343e-01
    endloop
  endfacet
  facet normal 0.000000e+00 1.000000e+00 0.000000e+00
    outer loop
      vertex   -4.900000e+00 1.200000e+00 -2.100000e+00
      vertex   -4.838368e+00 1.200000e+00 -2.071343e-01
      vertex   -4.803617e+00 1.200000e+00 -4.116637e-01
    endloop
  endfacet
  facet normal 0.000000e+00 1.000000e+00 0.000000e+00
    outer loop
      vertex   4.900000e+00 1.200000e+00 1.905102e+00
      vertex   3.000000e+00 1.200000e+00 1.850000e+00
      vertex   -4.900000e+00 1.200000e+00 1.905102e+00
    endloop
  endfacet
  facet normal 0.000000e+00 1.000000e+00 0.000000e+00
    outer loop
      vertex   -4.900000e+00 1.200000e+00 1.905102e+00
      vertex   3.000000e+00 1.200000e+00 1.850000e+00
      vertex   -3.000000e+00 1.200000e+00 1.850000e+00
    endloop
  endfacet
  facet normal 0.000000e+00 1.000000e+00 0.000000e+00
    outer loop
      vertex   -4.900000e+00 1.200000e+00 1.905102e+00
      vertex   -3.000000e+00 1.200000e+00 1.850000e+00
      vertex   -3.207134e+00 1.200000e+00 1.838368e+00
    endloop
  endfacet
  facet normal 0.000000e+00 1.000000e+00 0.000000e+00
    outer loop
      vertex   4.900000e+00 1.200000e+00 -2.100000e+00
      vertex   4.850000e+00 1.200000e+00 3.908356e-16
      vertex   4.900000e+00 1.200000e+00 1.905102e+00
    endloop
  endfacet
  facet normal 0.000000e+00 1.000000e+00 0.000000e+00
    outer loop
      vertex   4.900000e+00 1.200000e+00 1.905102e+00
      vertex   4.850000e+00 1.200000e+00 3.908356e-16
      vertex   4.838368e+00 1.200000e+00 2.071343e-01
    endloop
  endfacet
  facet normal 0.000000e+00 1.000000e+00 0.000000e+00
    outer loop
      vertex   4.900000e+00 1.200000e+00 1.905102e+00
      vertex   4.838368e+00 1.200000e+00 2.071343e-01
      vertex   4.803617e+00 1.200000e+00 4.116637e-01
    endloop
  endfacet
  facet normal 0.000000e+00 1.000000e+00 0.000000e+00
    outer loop
      vertex   -3.207134e+00 1.200000e+00 1.838368e+00
      vertex   -3.411664e+00 1.200000e+00 1.803617e+00
      vertex   -4.900000e+00 1.200000e+00 1.905102e+00
    endloop
  endfacet
  facet normal 0.000000e+00 1.000000e+00 0.000000e+00
    outer loop
      vertex   -4.900000e+00 1.200000e+00 1.905102e+00
      vertex   -3.411664e+00 1.200000e+00 1.803617e+00
      vertex   -3.611016e+00 1.200000e+00 1.746184e+00
    endloop
  endfacet
  facet normal 0.000000e+00 1.000000e+00 0.000000e+00
    outer loop
      vertex   -4.900000e+00 1.200000e+00 1.905102e+00
      vertex   -3.611016e+00 1.200000e+00 1.746184e+00
      vertex   -3.802685e+00 1.200000e+00 1.666792e+00
    endloop
  endfacet
  facet normal 0.000000e+00 1.000000e+00 0.000000e+00
    outer loop
      vertex   -3.802685e+00 1.200000e+00 1.666792e+00
      vertex   -3.984259e+00 1.200000e+00 1.566440e+00
      vertex   -4.900000e+00 1.200000e+00 1.905102e+00
    endloop
  endfacet
  facet normal 0.000000e+00 1.000000e+00 0.000000e+00
    outer loop
      vertex   -4.900000e+00 1.200000e+00 1.905102e+00
      vertex   -3.984259e+00 1.200000e+00 1.566440e+00
      vertex   -4.153456e+00 1.200000e+00 1.446388e+00
    endloop
  endfacet
  facet normal 0.000000e+00 1.000000e+00 0.000000e+00
    outer loop
      vertex   -4.900000e+00 1.200000e+00 1.905102e+00
      vertex   -4.153456e+00 1.200000e+00 1.446388e+00
      vertex   -4.308148e+00 1.200000e+00 1.308148e+00
    endloop
  endfacet
  facet normal 0.000000e+00 1.000000e+00 0.000000e+00
    outer loop
      vertex   -4.308148e+00 1.200000e+00 1.308148e+00
      vertex   -4.446388e+00 1.200000e+00 1.153456e+00
      vertex   -4.900000e+00 1.200000e+00 1.905102e+00
    endloop
  endfacet
  facet normal 0.000000e+00 1.000000e+00 0.000000e+00
    outer loop
      vertex   -4.900000e+00 1.200000e+00 1.905102e+00
      vertex   -4.446388e+00 1.200000e+00 1.153456e+00
      vertex   -4.566440e+00 1.200000e+00 9.842593e-01
    endloop
  endfacet
  facet normal 0.000000e+00 1.000000e+00 0.000000e+00
    outer loop
      vertex   -4.900000e+00 1.200000e+00 1.905102e+00
      vertex   -4.566440e+00 1.200000e+00 9.842593e-01
      vertex   -4.666792e+00 1.200000e+00 8.026849e-01
    endloop
  endfacet
  facet normal 0.000000e+00 1.000000e+00 0.000000e+00
    outer loop
      vertex   -4.666792e+00 1.200000e+00 8.026849e-01
      vertex   -4.746184e+00 1.200000e+00 6.110163e-01
      vertex   -4.900000e+00 1.200000e+00 1.905102e+00
    endloop
  endfacet
  facet normal 0.000000e+00 1.000000e+00 0.000000e+00
    outer loop
      vertex   -4.900000e+00 1.200000e+00 1.905102e+00
      vertex   -4.746184e+00 1.200000e+00 6.110163e-01
      vertex   -4.803617e+00 1.200000e+00 4.116637e-01
    endloop
  endfacet
  facet normal 0.000000e+00 1.000000e+00 0.000000e+00
    outer loop
      vertex   -4.900000e+00 1.200000e+00 1.905102e+00
      vertex   -4.803617e+00 1.200000e+00 4.116637e-01
      vertex   -4.838368e+00 1.200000e+00 2.071343e-01
    endloop
  endfacet
  facet normal 0.000000e+00 1.000000e+00 0.000000e+00
    outer loop
      vertex   -4.838368e+00 1.200000e+00 2.071343e-01
      vertex   -4.850000e+00 1.200000e+00 1.642759e-16
      vertex   -4.900000e+00 1.200000e+00 1.905102e+00
    endloop
  endfacet
  facet normal 0.000000e+00 1.000000e+00 0.000000e+00
    outer loop
      vertex   -4.803617e+00 1.200000e+00 -4.116637e-01
      vertex   -4.746184e+00 1.200000e+00 -6.110163e-01
      vertex   -4.900000e+00 1.200000e+00 -2.100000e+00
    endloop
  endfacet
  facet normal 0.000000e+00 1.000000e+00 0.000000e+00
    outer loop
      vertex   -4.900000e+00 1.200000e+00 -2.100000e+00
      vertex   -4.746184e+00 1.200000e+00 -6.110163e-01
      vertex   -4.666792e+00 1.200000e+00 -8.026849e-01
    endloop
  endfacet
  facet normal 0.000000e+00 1.000000e+00 0.000000e+00
    outer loop
      vertex   -4.900000e+00 1.200000e+00 -2.100000e+00
      vertex   -4.666792e+00 1.200000e+00 -8.026849e-01
      vertex   -4.566440e+00 1.200000e+00 -9.842593e-01
    endloop
  endfacet
  facet normal 0.000000e+00 1.000000e+00 0.000000e+00
    outer loop
      vertex   -4.566440e+00 1.200000e+00 -9.842593e-01
      vertex   -4.446388e+00 1.200000e+00 -1.153456e+00
      vertex   -4.900000e+00 1.200000e+00 -2.100000e+00
    endloop
  endfacet
  facet normal 0.000000e+00 1.000000e+00 0.000000e+00
    outer loop
      vertex   -4.900000e+00 1.200000e+00 -2.100000e+00
      vertex   -4.446388e+00 1.200000e+00 -1.153456e+00
      vertex   -4.308148e+00 1.200000e+00 -1.308148e+00
    endloop
  endfacet
  facet normal -0.000000e+00 1.000000e+00 0.000000e+00
    outer loop
      vertex   4.566440e+00 1.200000e+00 -9.842593e-01
      vertex   4.666792e+00 1.200000e+00 -8.026849e-01
      vertex   4.900000e+00 1.200000e+00 -2.100000e+00
    endloop
  endfacet
  facet normal 0.000000e+00 1.000000e+00 0.000000e+00
    outer loop
      vertex   4.900000e+00 1.200000e+00 -2.100000e+00
      vertex   4.666792e+00 1.200000e+00 -8.026849e-01
      vertex   4.746184e+00 1.200000e+00 -6.110163e-01
    endloop
  endfacet
  facet normal 0.000000e+00 1.000000e+00 0.000000e+00
    outer loop
      vertex   4.900000e+00 1.200000e+00 -2.100000e+00
      vertex   4.746184e+00 1.200000e+00 -6.110163e-01
      vertex   4.803617e+00 1.200000e+00 -4.116637e-01
    endloop
  endfacet
  facet normal -0.000000e+00 1.000000e+00 0.000000e+00
    outer loop
      vertex   4.803617e+00 1.200000e+00 -4.116637e-01
      vertex   4.838368e+00 1.200000e+00 -2.071343e-01
      vertex   4.900000e+00 1.200000e+00 -2.100000e+00
    endloop
  endfacet
  facet normal 0.000000e+00 1.000000e+00 0.000000e+00
    outer loop
      vertex   4.900000e+00 1.200000e+00 -2.100000e+00
      vertex   4.838368e+00 1.200000e+00 -2.071343e-01
      vertex   4.850000e+00 1.200000e+00 3.908356e-16
    endloop
  endfacet
  facet normal 0.000000e+00 1.000000e+00 -0.000000e+00
    outer loop
      vertex   4.803617e+00 1.200000e+00 4.116637e-01
      vertex   4.746184e+00 1.200000e+00 6.110163e-01
      vertex   4.900000e+00 1.200000e+00 1.905102e+00
    endloop
  endfacet
  facet normal 0.000000e+00 1.000000e+00 0.000000e+00
    outer loop
      vertex   4.900000e+00 1.200000e+00 1.905102e+00
      vertex   4.746184e+00 1.200000e+00 6.110163e-01
      vertex   4.666792e+00 1.200000e+00 8.026849e-01
    endloop
  endfacet
  facet normal 0.000000e+00 1.000000e+00 0.000000e+00
    outer loop
      vertex   4.900000e+00 1.200000e+00 1.905102e+00
      vertex   4.666792e+00 1.200000e+00 8.026849e-01
      vertex   4.566440e+00 1.200000e+00 9.842593e-01
    endloop
  endfacet
  facet normal 0.000000e+00 1.000000e+00 -0.000000e+00
    outer loop
      vertex   4.566440e+00 1.200000e+00 9.842593e-01
      vertex   4.446388e+00 1.200000e+00 1.153456e+00
      vertex   4.900000e+00 1.200000e+00 1.905102e+00
    endloop
  endfacet
  facet normal 0.000000e+00 1.000000e+00 0.000000e+00
    outer loop
      vertex   4.900000e+00 1.200000e+00 1.905102e+00
      vertex   4.446388e+00 1.200000e+00 1.153456e+00
      vertex   4.308148e+00 1.200000e+00 1.308148e+00
    endloop
  endfacet
  facet normal 0.000000e+00 1.000000e+00 0.000000e+00
    outer loop
      vertex   4.900000e+00 1.200000e+00 1.905102e+00
      vertex   4.308148e+00 1.200000e+00 1.308148e+00
      vertex   4.153456e+00 1.200000e+00 1.446388e+00
    endloop
  endfacet
  facet normal 0.000000e+00 1.000000e+00 -0.000000e+00
    outer loop
      vertex   4.153456e+00 1.200000e+00 1.446388e+00
      vertex   3.984259e+00 1.200000e+00 1.566440e+00
      vertex   4.900000e+00 1.200000e+00 1.905102e+00
    endloop
  endfacet
  facet normal 0.000000e+00 1.000000e+00 0.000000e+00
    outer loop
      vertex   4.900000e+00 1.200000e+00 1.905102e+00
      vertex   3.984259e+00 1.200000e+00 1.566440e+00
      vertex   3.802685e+00 1.200000e+00 1.666792e+00
    endloop
  endfacet
  facet normal 0.000000e+00 1.000000e+00 0.000000e+00
    outer loop
      vertex   4.900000e+00 1.200000e+00 1.905102e+00
      vertex   3.802685e+00 1.200000e+00 1.666792e+00
      vertex   3.611016e+00 1.200000e+00 1.746184e+00
    endloop
  endfacet
  facet normal 0.000000e+00 1.000000e+00 -0.000000e+00
    outer loop
      vertex   3.611016e+00 1.200000e+00 1.746184e+00
      vertex   3.411664e+00 1.200000e+00 1.803617e+00
      vertex   4.900000e+00 1.200000e+00 1.905102e+00
    endloop
  endfacet
  facet normal 0.000000e+00 1.000000e+00 0.000000e+00
    outer loop
      vertex   4.900000e+00 1.200000e+00 1.905102e+00
      vertex   3.411664e+00 1.200000e+00 1.803617e+00
      vertex   3.207134e+00 1.200000e+00 1.838368e+00
    endloop
  endfacet
  facet normal 0.000000e+00 1.000000e+00 0.000000e+00
    outer loop
      vertex   4.900000e+00 1.200000e+00 1.905102e+00
      vertex   3.207134e+00 1.200000e+00 1.838368e+00
      vertex   3.000000e+00 1.200000e+00 1.850000e+00
    endloop
  endfacet
  facet normal 0.000000e+00 1.000000e+00 0.000000e+00
    outer loop
      vertex   -7.100000e+00 1.200000e+00 5.000000e+00
      vertex   -7.089821e+00 1.200000e+00 5.142315e+00
      vertex   -6.100000e+00 1.200000e+00 6.000000e+00
    endloop
  endfacet
  facet normal 0.000000e+00 1.000000e+00 0.000000e+00
    outer loop
      vertex   -6.100000e+00 1.200000e+00 6.000000e+00
      vertex   -7.089821e+00 1.200000e+00 5.142315e+00
      vertex   -7.059493e+00 1.200000e+00 5.281733e+00
    endloop
  endfacet
  facet normal 0.000000e+00 1.000000e+00 0.000000e+00
    outer loop
      vertex   -6.100000e+00 1.200000e+00 6.000000e+00
      vertex   -7.059493e+00 1.200000e+00 5.281733e+00
      vertex   -7.009632e+00 1.200000e+00 5.415415e+00
    endloop
  endfacet
  facet normal 0.000000e+00 1.000000e+00 0.000000e+00
    outer loop
      vertex   -7.009632e+00 1.200000e+00 5.415415e+00
      vertex   -6.941254e+00 1.200000e+00 5.540641e+00
      vertex   -6.100000e+00 1.200000e+00 6.000000e+00
    endloop
  endfacet
  facet normal 0.000000e+00 1.000000e+00 0.000000e+00
    outer loop
      vertex   -6.100000e+00 1.200000e+00 6.000000e+00
      vertex   -6.941254e+00 1.200000e+00 5.540641e+00
      vertex   -6.855750e+00 1.200000e+00 5.654861e+00
    endloop
  endfacet
  facet normal 0.000000e+00 1.000000e+00 0.000000e+00
    outer loop
      vertex   -6.100000e+00 1.200000e+00 6.000000e+00
      vertex   -6.855750e+00 1.200000e+00 5.654861e+00
      vertex   -6.754861e+00 1.200000e+00 5.755750e+00
    endloop
  endfacet
  facet normal 0.000000e+00 1.000000e+00 0.000000e+00
    outer loop
      vertex   -6.754861e+00 1.200000e+00 5.755750e+00
      vertex   -6.640641e+00 1.200000e+00 5.841254e+00
      vertex   -6.100000e+00 1.200000e+00 6.000000e+00
    endloop
  endfacet
  facet normal 0.000000e+00 1.000000e+00 0.000000e+00
    outer loop
      vertex   -6.100000e+00 1.200000e+00 6.000000e+00
      vertex   -6.640641e+00 1.200000e+00 5.841254e+00
      vertex   -6.515415e+00 1.200000e+00 5.909632e+00
    endloop
  endfacet
  facet normal 0.000000e+00 1.000000e+00 0.000000e+00
    outer loop
      vertex   -6.100000e+00 1.200000e+00 6.000000e+00
      vertex   -6.515415e+00 1.200000e+00 5.909632e+00
      vertex   -6.381733e+00 1.200000e+00 5.959493e+00
    endloop
  endfacet
  facet normal 0.000000e+00 1.000000e+00 0.000000e+00
    outer loop
      vertex   -6.381733e+00 1.200000e+00 5.959493e+00
      vertex   -6.242315e+00 1.200000e+00 5.989821e+00
      vertex   -6.100000e+00 1.200000e+00 6.000000e+00
    endloop
  endfacet
  facet normal 0.000000e+00 1.000000e+00 0.000000e+00
    outer loop
      vertex   7.100000e+00 1.200000e+00 -5.000000e+00
      vertex   7.089821e+00 1.200000e+00 -5.142315e+00
      vertex   6.100000e+00 1.200000e+00 -6.000000e+00
    endloop
  endfacet
  facet normal 0.000000e+00 1.000000e+00 0.000000e+00
    outer loop
      vertex   6.100000e+00 1.200000e+00 -6.000000e+00
      vertex   7.089821e+00 1.200000e+00 -5.142315e+00
      vertex   7.059493e+00 1.200000e+00 -5.281733e+00
    endloop
  endfacet
  facet normal 0.000000e+00 1.000000e+00 0.000000e+00
    outer loop
      vertex   6.100000e+00 1.200000e+00 -6.000000e+00
      vertex   7.059493e+00 1.200000e+00 -5.281733e+00
      vertex   7.009632e+00 1.200000e+00 -5.415415e+00
    endloop
  endfacet
  facet normal 0.000000e+00 1.000000e+00 0.000000e+00
    outer loop
      vertex   7.009632e+00 1.200000e+00 -5.415415e+00
      vertex   6.941254e+00 1.200000e+00 -5.540641e+00
      vertex   6.100000e+00 1.200000e+00 -6.000000e+00
    endloop
  endfacet
  facet normal 0.000000e+00 1.000000e+00 0.000000e+00
    outer loop
      vertex   6.100000e+00 1.200000e+00 -6.000000e+00
      vertex   6.941254e+00 1.200000e+00 -5.540641e+00
      vertex   6.855750e+00 1.200000e+00 -5.654861e+00
    endloop
  endfacet
  facet normal 0.000000e+00 1.000000e+00 0.000000e+00
    outer loop
      vertex   6.100000e+00 1.200000e+00 -6.000000e+00
      vertex   6.855750e+00 1.200000e+00 -5.654861e+00
      vertex   6.754861e+00 1.200000e+00 -5.755750e+00
    endloop
  endfacet
  facet normal 0.000000e+00 1.000000e+00 0.000000e+00
    outer loop
      vertex   6.754861e+00 1.200000e+00 -5.755750e+00
      vertex   6.640641e+00 1.200000e+00 -5.841254e+00
      vertex   6.100000e+00 1.200000e+00 -6.000000e+00
    endloop
  endfacet
  facet normal 0.000000e+00 1.000000e+00 0.000000e+00
    outer loop
      vertex   6.100000e+00 1.200000e+00 -6.000000e+00
      vertex   6.640641e+00 1.200000e+00 -5.841254e+00
      vertex   6.515415e+00 1.200000e+00 -5.909632e+00
    endloop
  endfacet
  facet normal 0.000000e+00 1.000000e+00 0.000000e+00
    outer loop
      vertex   6.100000e+00 1.200000e+00 -6.000000e+00
      vertex   6.515415e+00 1.200000e+00 -5.909632e+00
      vertex   6.381733e+00 1.200000e+00 -5.959493e+00
    endloop
  endfacet
  facet normal 0.000000e+00 1.000000e+00 0.000000e+00
    outer loop
      vertex   6.381733e+00 1.200000e+00 -5.959493e+00
      vertex   6.242315e+00 1.200000e+00 -5.989821e+00
      vertex   6.100000e+00 1.200000e+00 -6.000000e+00
    endloop
  endfacet
  facet normal -0.000000e+00 1.000000e+00 -0.000000e+00
    outer loop
      vertex   -6.242315e+00 1.200000e+00 -5.989821e+00
      vertex   -6.381733e+00 1.200000e+00 -5.959493e+00
      vertex   -6.100000e+00 1.200000e+00 -6.000000e+00
    endloop
  endfacet
  facet normal 0.000000e+00 1.000000e+00 0.000000e+00
    outer loop
      vertex   -6.100000e+00 1.200000e+00 -6.000000e+00
      vertex   -6.381733e+00 1.200000e+00 -5.959493e+00
      vertex   -6.515415e+00 1.200000e+00 -5.909632e+00
    endloop
  endfacet
  facet normal 0.000000e+00 1.000000e+00 0.000000e+00
    outer loop
      vertex   -6.100000e+00 1.200000e+00 -6.000000e+00
      vertex   -6.515415e+00 1.200000e+00 -5.909632e+00
      vertex   -6.640641e+00 1.200000e+00 -5.841254e+00
    endloop
  endfacet
  facet normal -0.000000e+00 1.000000e+00 -0.000000e+00
    outer loop
      vertex   -6.640641e+00 1.200000e+00 -5.841254e+00
      vertex   -6.754861e+00 1.200000e+00 -5.755750e+00
      vertex   -6.100000e+00 1.200000e+00 -6.000000e+00
    endloop
  endfacet
  facet normal 0.000000e+00 1.000000e+00 0.000000e+00
    outer loop
      vertex   -6.100000e+00 1.200000e+00 -6.000000e+00
      vertex   -6.754861e+00 1.200000e+00 -5.755750e+00
      vertex   -6.855750e+00 1.200000e+00 -5.654861e+00
    endloop
  endfacet
  facet normal 0.000000e+00 1.000000e+00 0.000000e+00
    outer loop
      vertex   -6.100000e+00 1.200000e+00 -6.000000e+00
      vertex   -6.855750e+00 1.200000e+00 -5.654861e+00
      vertex   -6.941254e+00 1.200000e+00 -5.540641e+00
    endloop
  endfacet
  facet normal -0.000000e+00 1.000000e+00 -0.000000e+00
    outer loop
      vertex   -6.941254e+00 1.200000e+00 -5.540641e+00
      vertex   -7.009632e+00 1.200000e+00 -5.415415e+00
      vertex   -6.100000e+00 1.200000e+00 -6.000000e+00
    endloop
  endfacet
  facet normal 0.000000e+00 1.000000e+00 0.000000e+00
    outer loop
      vertex   -6.100000e+00 1.200000e+00 -6.000000e+00
      vertex   -7.009632e+00 1.200000e+00 -5.415415e+00
      vertex   -7.059493e+00 1.200000e+00 -5.281733e+00
    endloop
  endfacet
  facet normal 0.000000e+00 1.000000e+00 0.000000e+00
    outer loop
      vertex   -6.100000e+00 1.200000e+00 -6.000000e+00
      vertex   -7.059493e+00 1.200000e+00 -5.281733e+00
      vertex   -7.089821e+00 1.200000e+00 -5.142315e+00
    endloop
  endfacet
  facet normal -0.000000e+00 1.000000e+00 -0.000000e+00
    outer loop
      vertex   -7.089821e+00 1.200000e+00 -5.142315e+00
      vertex   -7.100000e+00 1.200000e+00 -5.000000e+00
      vertex   -6.100000e+00 1.200000e+00 -6.000000e+00
    endloop
  endfacet
endsolid
